Analysis & Synthesis report for SingleCycleProcessor
Tue Sep 01 10:02:42 2026
Quartus Prime Version 20.1.1 Build 720 11/11/2020 SJ Lite Edition


---------------------
; Table of Contents ;
---------------------
  1. Legal Notice
  2. Analysis & Synthesis Summary
  3. Analysis & Synthesis Settings
  4. Parallel Compilation
  5. Analysis & Synthesis Source Files Read
  6. Analysis & Synthesis Resource Usage Summary
  7. Analysis & Synthesis Resource Utilization by Entity
  8. Analysis & Synthesis RAM Summary
  9. Registers Removed During Synthesis
 10. General Register Statistics
 11. Multiplexer Restructuring Statistics (Restructuring Performed)
 12. Source assignments for IM_ROM:rom|LPM_ROM:rom_instance|altrom:srom|altsyncram:rom_block|altsyncram_gk01:auto_generated
 13. Parameter Settings for User Entity Instance: IM_ROM:rom|LPM_ROM:rom_instance
 14. Port Connectivity Checks: "mux_8x1_32bits:instSelect_mux"
 15. Port Connectivity Checks: "mux_8x1_32bits:valueSelect_mux"
 16. Port Connectivity Checks: "LoadUseHazard_Fix:LoadUseHazard_FixUnit|enARdFF_2:same_rt_ifid_idex"
 17. Port Connectivity Checks: "LoadUseHazard_Fix:LoadUseHazard_FixUnit|enARdFF_2:same_rs_ifid_idex"
 18. Port Connectivity Checks: "LoadUseHazard_Fix:LoadUseHazard_FixUnit|fiveBitComparator:rt_compare"
 19. Port Connectivity Checks: "LoadUseHazard_Fix:LoadUseHazard_FixUnit|fiveBitComparator:rs_compare"
 20. Port Connectivity Checks: "LoadUseHazard_Fix:LoadUseHazard_FixUnit|twobitcounter:twobitcnt|twobitcomparator:comparator|oneBitComparator:comp1"
 21. Port Connectivity Checks: "LoadUseHazard_Fix:LoadUseHazard_FixUnit|twobitcounter:twobitcnt|twobitcomparator:comparator"
 22. Port Connectivity Checks: "LoadUseHazard_Fix:LoadUseHazard_FixUnit|twobitcounter:twobitcnt|enARdFF_2:lsb"
 23. Port Connectivity Checks: "LoadUseHazard_Fix:LoadUseHazard_FixUnit|twobitcounter:twobitcnt|enARdFF_2:msb"
 24. Port Connectivity Checks: "LoadUseHazard_Fix:LoadUseHazard_FixUnit|twobitcounter:twobitcnt"
 25. Port Connectivity Checks: "LoadUseHazard_Fix:LoadUseHazard_FixUnit|Register_32bits:Register_instructiontemp"
 26. Port Connectivity Checks: "LoadUseHazard_Fix:LoadUseHazard_FixUnit|eightBitComparator:instruction_not0"
 27. Port Connectivity Checks: "LoadUseHazard_Fix:LoadUseHazard_FixUnit|eightBitComparator:same_instruction"
 28. Port Connectivity Checks: "LoadUseHazard_Fix:LoadUseHazard_FixUnit|Register_32bits:Register_operand2"
 29. Port Connectivity Checks: "LoadUseHazard_Fix:LoadUseHazard_FixUnit|Register_32bits:Register_operand1"
 30. Port Connectivity Checks: "MEM_WB:MEMWB|Register_32bits:instruction_val"
 31. Port Connectivity Checks: "MEM_WB:MEMWB|Register_5bits:rd"
 32. Port Connectivity Checks: "MEM_WB:MEMWB|Register_5bits:writeregister_val"
 33. Port Connectivity Checks: "MEM_WB:MEMWB|Register_32bits:write_data"
 34. Port Connectivity Checks: "MEM_WB:MEMWB|Register_32bits:read_ram"
 35. Port Connectivity Checks: "MEM_WB:MEMWB|Register_2bits:control_signal|enARdFF_2:b1"
 36. Port Connectivity Checks: "MEM_WB:MEMWB|Register_2bits:control_signal|enARdFF_2:b0"
 37. Port Connectivity Checks: "MEM_WB:MEMWB|Register_2bits:control_signal"
 38. Port Connectivity Checks: "ForwardingUnit:ForwardingUnit_comp|fiveBitComparator:eq_memwb_rd_ifid_rt"
 39. Port Connectivity Checks: "ForwardingUnit:ForwardingUnit_comp|fiveBitComparator:eq_memwb_rd_ifid_rs"
 40. Port Connectivity Checks: "ForwardingUnit:ForwardingUnit_comp|fiveBitComparator:eq_memwb_rd_0"
 41. Port Connectivity Checks: "ForwardingUnit:ForwardingUnit_comp|fiveBitComparator:eq_exmem_rd_ifid_rt"
 42. Port Connectivity Checks: "ForwardingUnit:ForwardingUnit_comp|fiveBitComparator:eq_exmem_rd_ifid_rs"
 43. Port Connectivity Checks: "ForwardingUnit:ForwardingUnit_comp|fiveBitComparator:eq_exmem_rd_0"
 44. Port Connectivity Checks: "RAM_async:ram|eightBitComparator:address_0_or_1"
 45. Port Connectivity Checks: "RAM_async:ram|demux_1x32_8bits:demux"
 46. Port Connectivity Checks: "EX_MEM:exmem|Register_32bits:instruction_val"
 47. Port Connectivity Checks: "EX_MEM:exmem|Register_5bits:writeregister_val"
 48. Port Connectivity Checks: "EX_MEM:exmem|Register_5bits:control_signals"
 49. Port Connectivity Checks: "EX_MEM:exmem|Register_32bits:ram_address"
 50. Port Connectivity Checks: "EX_MEM:exmem|Register_32bits:alu_output"
 51. Port Connectivity Checks: "EX_MEM:exmem|Register_5bits:rd"
 52. Port Connectivity Checks: "EX_MEM:exmem"
 53. Port Connectivity Checks: "ALU:alu_comp|eightBitComparator:comparator_zero"
 54. Port Connectivity Checks: "ALU:alu_comp|eightBitComparator:comparator_twoinputs"
 55. Port Connectivity Checks: "ALU:alu_comp|Substractor_8bits:substractor"
 56. Port Connectivity Checks: "ALU:alu_comp|adder_8bits:adder"
 57. Port Connectivity Checks: "ID_EX:ID_EX_register|Register_32bits:instruction_val"
 58. Port Connectivity Checks: "ID_EX:ID_EX_register|Register_9bits:control_signals_reg|enARdFF_2:b8"
 59. Port Connectivity Checks: "ID_EX:ID_EX_register|Register_9bits:control_signals_reg|enARdFF_2:b7"
 60. Port Connectivity Checks: "ID_EX:ID_EX_register|Register_9bits:control_signals_reg|enARdFF_2:b6"
 61. Port Connectivity Checks: "ID_EX:ID_EX_register|Register_9bits:control_signals_reg|enARdFF_2:b5"
 62. Port Connectivity Checks: "ID_EX:ID_EX_register|Register_9bits:control_signals_reg|enARdFF_2:b4"
 63. Port Connectivity Checks: "ID_EX:ID_EX_register|Register_9bits:control_signals_reg|enARdFF_2:b3"
 64. Port Connectivity Checks: "ID_EX:ID_EX_register|Register_9bits:control_signals_reg|enARdFF_2:b2"
 65. Port Connectivity Checks: "ID_EX:ID_EX_register|Register_9bits:control_signals_reg|enARdFF_2:b1"
 66. Port Connectivity Checks: "ID_EX:ID_EX_register|Register_9bits:control_signals_reg|enARdFF_2:b0"
 67. Port Connectivity Checks: "ID_EX:ID_EX_register|Register_9bits:control_signals_reg"
 68. Port Connectivity Checks: "ID_EX:ID_EX_register|Register_6bits:func_field|enARdFF_2:b5"
 69. Port Connectivity Checks: "ID_EX:ID_EX_register|Register_6bits:func_field|enARdFF_2:b4"
 70. Port Connectivity Checks: "ID_EX:ID_EX_register|Register_6bits:func_field|enARdFF_2:b3"
 71. Port Connectivity Checks: "ID_EX:ID_EX_register|Register_6bits:func_field|enARdFF_2:b2"
 72. Port Connectivity Checks: "ID_EX:ID_EX_register|Register_6bits:func_field|enARdFF_2:b1"
 73. Port Connectivity Checks: "ID_EX:ID_EX_register|Register_6bits:func_field|enARdFF_2:b0"
 74. Port Connectivity Checks: "ID_EX:ID_EX_register|Register_6bits:func_field"
 75. Port Connectivity Checks: "ID_EX:ID_EX_register|Register_32bits:address_signextend"
 76. Port Connectivity Checks: "ID_EX:ID_EX_register|Register_5bits:rd_reg"
 77. Port Connectivity Checks: "ID_EX:ID_EX_register|Register_5bits:rt_reg"
 78. Port Connectivity Checks: "ID_EX:ID_EX_register|Register_5bits:rs_reg|enARdFF_2:b4"
 79. Port Connectivity Checks: "ID_EX:ID_EX_register|Register_5bits:rs_reg|enARdFF_2:b3"
 80. Port Connectivity Checks: "ID_EX:ID_EX_register|Register_5bits:rs_reg|enARdFF_2:b2"
 81. Port Connectivity Checks: "ID_EX:ID_EX_register|Register_5bits:rs_reg|enARdFF_2:b1"
 82. Port Connectivity Checks: "ID_EX:ID_EX_register|Register_5bits:rs_reg|enARdFF_2:b0"
 83. Port Connectivity Checks: "ID_EX:ID_EX_register|Register_5bits:rs_reg"
 84. Port Connectivity Checks: "ID_EX:ID_EX_register|Register_32bits:read_data2_reg"
 85. Port Connectivity Checks: "ID_EX:ID_EX_register|Register_32bits:read_data1_reg"
 86. Port Connectivity Checks: "mux_2x1_9bits:mux_control"
 87. Port Connectivity Checks: "HazardDetectionUnit:Hazards|fiveBitComparator:fiveBitComp_idexrt0"
 88. Port Connectivity Checks: "HazardDetectionUnit:Hazards|fiveBitComparator:fiveBitComp_rtrt"
 89. Port Connectivity Checks: "HazardDetectionUnit:Hazards|fiveBitComparator:fiveBitComp_rsrt|oneBitComparator:comp4"
 90. Port Connectivity Checks: "HazardDetectionUnit:Hazards|fiveBitComparator:fiveBitComp_rsrt"
 91. Port Connectivity Checks: "eightBitComparator:branch_comparator|oneBitComparator:comp31"
 92. Port Connectivity Checks: "eightBitComparator:branch_comparator"
 93. Port Connectivity Checks: "RegisterFile:RegisterFile_comp|demux_1x32_8bits:demux"
 94. Port Connectivity Checks: "adder_8bits:adder_jtype"
 95. Port Connectivity Checks: "signExtend:signExtend_16to32|mux_2x1_8bits:mux"
 96. Port Connectivity Checks: "IF_ID:if_id_register|Register_32bits:pc_offset_val|Rf_Register_8bits:register_component|enARdFF_2:b31"
 97. Port Connectivity Checks: "IF_ID:if_id_register|Register_32bits:pc_offset_val|Rf_Register_8bits:register_component|enARdFF_2:b30"
 98. Port Connectivity Checks: "IF_ID:if_id_register|Register_32bits:pc_offset_val|Rf_Register_8bits:register_component|enARdFF_2:b29"
 99. Port Connectivity Checks: "IF_ID:if_id_register|Register_32bits:pc_offset_val|Rf_Register_8bits:register_component|enARdFF_2:b28"
100. Port Connectivity Checks: "IF_ID:if_id_register|Register_32bits:pc_offset_val|Rf_Register_8bits:register_component|enARdFF_2:b27"
101. Port Connectivity Checks: "IF_ID:if_id_register|Register_32bits:pc_offset_val|Rf_Register_8bits:register_component|enARdFF_2:b26"
102. Port Connectivity Checks: "IF_ID:if_id_register|Register_32bits:pc_offset_val|Rf_Register_8bits:register_component|enARdFF_2:b25"
103. Port Connectivity Checks: "IF_ID:if_id_register|Register_32bits:pc_offset_val|Rf_Register_8bits:register_component|enARdFF_2:b24"
104. Port Connectivity Checks: "IF_ID:if_id_register|Register_32bits:pc_offset_val|Rf_Register_8bits:register_component|enARdFF_2:b23"
105. Port Connectivity Checks: "IF_ID:if_id_register|Register_32bits:pc_offset_val|Rf_Register_8bits:register_component|enARdFF_2:b22"
106. Port Connectivity Checks: "IF_ID:if_id_register|Register_32bits:pc_offset_val|Rf_Register_8bits:register_component|enARdFF_2:b21"
107. Port Connectivity Checks: "IF_ID:if_id_register|Register_32bits:pc_offset_val|Rf_Register_8bits:register_component|enARdFF_2:b20"
108. Port Connectivity Checks: "IF_ID:if_id_register|Register_32bits:pc_offset_val|Rf_Register_8bits:register_component|enARdFF_2:b19"
109. Port Connectivity Checks: "IF_ID:if_id_register|Register_32bits:pc_offset_val|Rf_Register_8bits:register_component|enARdFF_2:b18"
110. Port Connectivity Checks: "IF_ID:if_id_register|Register_32bits:pc_offset_val|Rf_Register_8bits:register_component|enARdFF_2:b17"
111. Port Connectivity Checks: "IF_ID:if_id_register|Register_32bits:pc_offset_val|Rf_Register_8bits:register_component|enARdFF_2:b16"
112. Port Connectivity Checks: "IF_ID:if_id_register|Register_32bits:pc_offset_val|Rf_Register_8bits:register_component|enARdFF_2:b15"
113. Port Connectivity Checks: "IF_ID:if_id_register|Register_32bits:pc_offset_val|Rf_Register_8bits:register_component|enARdFF_2:b14"
114. Port Connectivity Checks: "IF_ID:if_id_register|Register_32bits:pc_offset_val|Rf_Register_8bits:register_component|enARdFF_2:b13"
115. Port Connectivity Checks: "IF_ID:if_id_register|Register_32bits:pc_offset_val|Rf_Register_8bits:register_component|enARdFF_2:b12"
116. Port Connectivity Checks: "IF_ID:if_id_register|Register_32bits:pc_offset_val|Rf_Register_8bits:register_component|enARdFF_2:b11"
117. Port Connectivity Checks: "IF_ID:if_id_register|Register_32bits:pc_offset_val|Rf_Register_8bits:register_component|enARdFF_2:b10"
118. Port Connectivity Checks: "IF_ID:if_id_register|Register_32bits:pc_offset_val|Rf_Register_8bits:register_component|enARdFF_2:b9"
119. Port Connectivity Checks: "IF_ID:if_id_register|Register_32bits:pc_offset_val|Rf_Register_8bits:register_component|enARdFF_2:b8"
120. Port Connectivity Checks: "IF_ID:if_id_register|Register_32bits:pc_offset_val|Rf_Register_8bits:register_component|enARdFF_2:b7"
121. Port Connectivity Checks: "IF_ID:if_id_register|Register_32bits:pc_offset_val|Rf_Register_8bits:register_component|enARdFF_2:b6"
122. Port Connectivity Checks: "IF_ID:if_id_register|Register_32bits:pc_offset_val|Rf_Register_8bits:register_component|enARdFF_2:b5"
123. Port Connectivity Checks: "IF_ID:if_id_register|Register_32bits:pc_offset_val|Rf_Register_8bits:register_component|enARdFF_2:b4"
124. Port Connectivity Checks: "IF_ID:if_id_register|Register_32bits:pc_offset_val|Rf_Register_8bits:register_component|enARdFF_2:b3"
125. Port Connectivity Checks: "IF_ID:if_id_register|Register_32bits:pc_offset_val|Rf_Register_8bits:register_component|enARdFF_2:b2"
126. Port Connectivity Checks: "IF_ID:if_id_register|Register_32bits:pc_offset_val|Rf_Register_8bits:register_component|enARdFF_2:b1"
127. Port Connectivity Checks: "IF_ID:if_id_register|Register_32bits:pc_offset_val|Rf_Register_8bits:register_component|enARdFF_2:b0"
128. Port Connectivity Checks: "adder_8bits:adder_pc_offset|oneBitAdder:b0"
129. Port Connectivity Checks: "adder_8bits:adder_pc_offset"
130. Port Connectivity Checks: "Substractor_8bits:sub_pc"
131. Port Connectivity Checks: "PC:pc_ref|enARdFF_2:b31"
132. Port Connectivity Checks: "PC:pc_ref|enARdFF_2:b30"
133. Port Connectivity Checks: "PC:pc_ref|enARdFF_2:b29"
134. Port Connectivity Checks: "PC:pc_ref|enARdFF_2:b28"
135. Port Connectivity Checks: "PC:pc_ref|enARdFF_2:b27"
136. Port Connectivity Checks: "PC:pc_ref|enARdFF_2:b26"
137. Port Connectivity Checks: "PC:pc_ref|enARdFF_2:b25"
138. Port Connectivity Checks: "PC:pc_ref|enARdFF_2:b24"
139. Port Connectivity Checks: "PC:pc_ref|enARdFF_2:b23"
140. Port Connectivity Checks: "PC:pc_ref|enARdFF_2:b22"
141. Port Connectivity Checks: "PC:pc_ref|enARdFF_2:b21"
142. Port Connectivity Checks: "PC:pc_ref|enARdFF_2:b20"
143. Port Connectivity Checks: "PC:pc_ref|enARdFF_2:b19"
144. Port Connectivity Checks: "PC:pc_ref|enARdFF_2:b18"
145. Port Connectivity Checks: "PC:pc_ref|enARdFF_2:b17"
146. Port Connectivity Checks: "PC:pc_ref|enARdFF_2:b16"
147. Port Connectivity Checks: "PC:pc_ref|enARdFF_2:b15"
148. Port Connectivity Checks: "PC:pc_ref|enARdFF_2:b14"
149. Port Connectivity Checks: "PC:pc_ref|enARdFF_2:b13"
150. Port Connectivity Checks: "PC:pc_ref|enARdFF_2:b12"
151. Port Connectivity Checks: "PC:pc_ref|enARdFF_2:b11"
152. Port Connectivity Checks: "PC:pc_ref|enARdFF_2:b10"
153. Port Connectivity Checks: "PC:pc_ref|enARdFF_2:b9"
154. Port Connectivity Checks: "PC:pc_ref|enARdFF_2:b8"
155. Port Connectivity Checks: "PC:pc_ref|enARdFF_2:b7"
156. Port Connectivity Checks: "PC:pc_ref|enARdFF_2:b6"
157. Port Connectivity Checks: "PC:pc_ref|enARdFF_2:b5"
158. Port Connectivity Checks: "PC:pc_ref|enARdFF_2:b4"
159. Port Connectivity Checks: "PC:pc_ref|enARdFF_2:b3"
160. Port Connectivity Checks: "PC:pc_ref|enARdFF_2:b2"
161. Port Connectivity Checks: "PC:pc_ref|enARdFF_2:b1"
162. Port Connectivity Checks: "PC:pc_ref|enARdFF_2:b0"
163. Port Connectivity Checks: "ALUcontrolblock:ALU_control_temp"
164. Post-Synthesis Netlist Statistics for Top Partition
165. Elapsed Time Per Partition
166. Analysis & Synthesis Messages



----------------
; Legal Notice ;
----------------
Copyright (C) 2020  Intel Corporation. All rights reserved.
Your use of Intel Corporation's design tools, logic functions 
and other software and tools, and any partner logic 
functions, and any output files from any of the foregoing 
(including device programming or simulation files), and any 
associated documentation or information are expressly subject 
to the terms and conditions of the Intel Program License 
Subscription Agreement, the Intel Quartus Prime License Agreement,
the Intel FPGA IP License Agreement, or other applicable license
agreement, including, without limitation, that your use is for
the sole purpose of programming logic devices manufactured by
Intel and sold by Intel or its authorized distributors.  Please
refer to the applicable agreement for further details, at
https://fpgasoftware.intel.com/eula.



+----------------------------------------------------------------------------------+
; Analysis & Synthesis Summary                                                     ;
+------------------------------------+---------------------------------------------+
; Analysis & Synthesis Status        ; Successful - Tue Sep 01 10:02:42 2026       ;
; Quartus Prime Version              ; 20.1.1 Build 720 11/11/2020 SJ Lite Edition ;
; Revision Name                      ; SingleCycleProcessor                        ;
; Top-level Entity Name              ; processor                                   ;
; Family                             ; Cyclone IV E                                ;
; Total logic elements               ; 2,180                                       ;
;     Total combinational functions  ; 1,722                                       ;
;     Dedicated logic registers      ; 829                                         ;
; Total registers                    ; 829                                         ;
; Total pins                         ; 76                                          ;
; Total virtual pins                 ; 0                                           ;
; Total memory bits                  ; 8,192                                       ;
; Embedded Multiplier 9-bit elements ; 0                                           ;
; Total PLLs                         ; 0                                           ;
+------------------------------------+---------------------------------------------+


+--------------------------------------------------------------------------------------------------------------+
; Analysis & Synthesis Settings                                                                                ;
+------------------------------------------------------------------+--------------------+----------------------+
; Option                                                           ; Setting            ; Default Value        ;
+------------------------------------------------------------------+--------------------+----------------------+
; Device                                                           ; EP4CE115F29C7      ;                      ;
; Top-level entity name                                            ; processor          ; SingleCycleProcessor ;
; Family name                                                      ; Cyclone IV E       ; Cyclone V            ;
; Use smart compilation                                            ; Off                ; Off                  ;
; Enable parallel Assembler and Timing Analyzer during compilation ; On                 ; On                   ;
; Enable compact report table                                      ; Off                ; Off                  ;
; Restructure Multiplexers                                         ; Auto               ; Auto                 ;
; Create Debugging Nodes for IP Cores                              ; Off                ; Off                  ;
; Preserve fewer node names                                        ; On                 ; On                   ;
; Intel FPGA IP Evaluation Mode                                    ; Enable             ; Enable               ;
; Verilog Version                                                  ; Verilog_2001       ; Verilog_2001         ;
; VHDL Version                                                     ; VHDL_1993          ; VHDL_1993            ;
; State Machine Processing                                         ; Auto               ; Auto                 ;
; Safe State Machine                                               ; Off                ; Off                  ;
; Extract Verilog State Machines                                   ; On                 ; On                   ;
; Extract VHDL State Machines                                      ; On                 ; On                   ;
; Ignore Verilog initial constructs                                ; Off                ; Off                  ;
; Iteration limit for constant Verilog loops                       ; 5000               ; 5000                 ;
; Iteration limit for non-constant Verilog loops                   ; 250                ; 250                  ;
; Add Pass-Through Logic to Inferred RAMs                          ; On                 ; On                   ;
; Infer RAMs from Raw Logic                                        ; On                 ; On                   ;
; Parallel Synthesis                                               ; On                 ; On                   ;
; DSP Block Balancing                                              ; Auto               ; Auto                 ;
; NOT Gate Push-Back                                               ; On                 ; On                   ;
; Power-Up Don't Care                                              ; On                 ; On                   ;
; Remove Redundant Logic Cells                                     ; Off                ; Off                  ;
; Remove Duplicate Registers                                       ; On                 ; On                   ;
; Ignore CARRY Buffers                                             ; Off                ; Off                  ;
; Ignore CASCADE Buffers                                           ; Off                ; Off                  ;
; Ignore GLOBAL Buffers                                            ; Off                ; Off                  ;
; Ignore ROW GLOBAL Buffers                                        ; Off                ; Off                  ;
; Ignore LCELL Buffers                                             ; Off                ; Off                  ;
; Ignore SOFT Buffers                                              ; On                 ; On                   ;
; Limit AHDL Integers to 32 Bits                                   ; Off                ; Off                  ;
; Optimization Technique                                           ; Balanced           ; Balanced             ;
; Carry Chain Length                                               ; 70                 ; 70                   ;
; Auto Carry Chains                                                ; On                 ; On                   ;
; Auto Open-Drain Pins                                             ; On                 ; On                   ;
; Perform WYSIWYG Primitive Resynthesis                            ; Off                ; Off                  ;
; Auto ROM Replacement                                             ; On                 ; On                   ;
; Auto RAM Replacement                                             ; On                 ; On                   ;
; Auto DSP Block Replacement                                       ; On                 ; On                   ;
; Auto Shift Register Replacement                                  ; Auto               ; Auto                 ;
; Allow Shift Register Merging across Hierarchies                  ; Auto               ; Auto                 ;
; Auto Clock Enable Replacement                                    ; On                 ; On                   ;
; Strict RAM Replacement                                           ; Off                ; Off                  ;
; Allow Synchronous Control Signals                                ; On                 ; On                   ;
; Force Use of Synchronous Clear Signals                           ; Off                ; Off                  ;
; Auto RAM Block Balancing                                         ; On                 ; On                   ;
; Auto RAM to Logic Cell Conversion                                ; Off                ; Off                  ;
; Auto Resource Sharing                                            ; Off                ; Off                  ;
; Allow Any RAM Size For Recognition                               ; Off                ; Off                  ;
; Allow Any ROM Size For Recognition                               ; Off                ; Off                  ;
; Allow Any Shift Register Size For Recognition                    ; Off                ; Off                  ;
; Use LogicLock Constraints during Resource Balancing              ; On                 ; On                   ;
; Ignore translate_off and synthesis_off directives                ; Off                ; Off                  ;
; Timing-Driven Synthesis                                          ; On                 ; On                   ;
; Report Parameter Settings                                        ; On                 ; On                   ;
; Report Source Assignments                                        ; On                 ; On                   ;
; Report Connectivity Checks                                       ; On                 ; On                   ;
; Ignore Maximum Fan-Out Assignments                               ; Off                ; Off                  ;
; Synchronization Register Chain Length                            ; 2                  ; 2                    ;
; Power Optimization During Synthesis                              ; Normal compilation ; Normal compilation   ;
; HDL message level                                                ; Level2             ; Level2               ;
; Suppress Register Optimization Related Messages                  ; Off                ; Off                  ;
; Number of Removed Registers Reported in Synthesis Report         ; 5000               ; 5000                 ;
; Number of Swept Nodes Reported in Synthesis Report               ; 5000               ; 5000                 ;
; Number of Inverted Registers Reported in Synthesis Report        ; 100                ; 100                  ;
; Clock MUX Protection                                             ; On                 ; On                   ;
; Auto Gated Clock Conversion                                      ; Off                ; Off                  ;
; Block Design Naming                                              ; Auto               ; Auto                 ;
; SDC constraint protection                                        ; Off                ; Off                  ;
; Synthesis Effort                                                 ; Auto               ; Auto                 ;
; Shift Register Replacement - Allow Asynchronous Clear Signal     ; On                 ; On                   ;
; Pre-Mapping Resynthesis Optimization                             ; Off                ; Off                  ;
; Analysis & Synthesis Message Level                               ; Medium             ; Medium               ;
; Disable Register Merging Across Hierarchies                      ; Auto               ; Auto                 ;
; Resource Aware Inference For Block RAM                           ; On                 ; On                   ;
+------------------------------------------------------------------+--------------------+----------------------+


+------------------------------------------+
; Parallel Compilation                     ;
+----------------------------+-------------+
; Processors                 ; Number      ;
+----------------------------+-------------+
; Number detected on machine ; 16          ;
; Maximum allowed            ; 16          ;
;                            ;             ;
; Average used               ; 1.01        ;
; Maximum used               ; 16          ;
;                            ;             ;
; Usage by Processor         ; % Time Used ;
;     Processor 1            ; 100.0%      ;
;     Processor 2            ;   0.1%      ;
;     Processor 3            ;   0.1%      ;
;     Processor 4            ;   0.1%      ;
;     Processor 5            ;   0.1%      ;
;     Processor 6            ;   0.1%      ;
;     Processor 7            ;   0.0%      ;
;     Processor 8            ;   0.0%      ;
;     Processor 9            ;   0.0%      ;
;     Processors 10-16       ;   0.0%      ;
+----------------------------+-------------+


+--------------------------------------------------------------------------------------------------------------------------------------------------------------------------------+
; Analysis & Synthesis Source Files Read                                                                                                                                         ;
+----------------------------------+-----------------+----------------------------------+------------------------------------------------------------------------------+---------+
; File Name with User-Entered Path ; Used in Netlist ; File Type                        ; File Name with Absolute Path                                                 ; Library ;
+----------------------------------+-----------------+----------------------------------+------------------------------------------------------------------------------+---------+
; IR_memory.mif                    ; yes             ; User Memory Initialization File  ; C:/Users/hadib/OneDrive/Desktop/lab2CEG3156/IR_memory.mif                    ;         ;
; IM_ROM.vhd                       ; yes             ; User VHDL File                   ; C:/Users/hadib/OneDrive/Desktop/lab2CEG3156/IM_ROM.vhd                       ;         ;
; processor.vhd                    ; yes             ; User VHDL File                   ; C:/Users/hadib/OneDrive/Desktop/lab2CEG3156/processor.vhd                    ;         ;
; PC.vhd                           ; yes             ; User VHDL File                   ; C:/Users/hadib/OneDrive/Desktop/lab2CEG3156/PC.vhd                           ;         ;
; enARdFF_2.vhd                    ; yes             ; User VHDL File                   ; C:/Users/hadib/OneDrive/Desktop/lab2CEG3156/enARdFF_2.vhd                    ;         ;
; oneBitAdder.vhd                  ; yes             ; User VHDL File                   ; C:/Users/hadib/OneDrive/Desktop/lab2CEG3156/oneBitAdder.vhd                  ;         ;
; adder_8bits.vhd                  ; yes             ; User VHDL File                   ; C:/Users/hadib/OneDrive/Desktop/lab2CEG3156/adder_8bits.vhd                  ;         ;
; Rf_Register_8bits.vhd            ; yes             ; User VHDL File                   ; C:/Users/hadib/OneDrive/Desktop/lab2CEG3156/Rf_Register_8bits.vhd            ;         ;
; RegisterFile.vhd                 ; yes             ; User VHDL File                   ; C:/Users/hadib/OneDrive/Desktop/lab2CEG3156/RegisterFile.vhd                 ;         ;
; Substractor_8bits.vhd            ; yes             ; User VHDL File                   ; C:/Users/hadib/OneDrive/Desktop/lab2CEG3156/Substractor_8bits.vhd            ;         ;
; mux_5x1.vhd                      ; yes             ; User VHDL File                   ; C:/Users/hadib/OneDrive/Desktop/lab2CEG3156/mux_5x1.vhd                      ;         ;
; ALUcontrolblock.vhd              ; yes             ; User VHDL File                   ; C:/Users/hadib/OneDrive/Desktop/lab2CEG3156/ALUcontrolblock.vhd              ;         ;
; oneBitComparator.vhd             ; yes             ; User VHDL File                   ; C:/Users/hadib/OneDrive/Desktop/lab2CEG3156/oneBitComparator.vhd             ;         ;
; eightBitComparator.vhd           ; yes             ; User VHDL File                   ; C:/Users/hadib/OneDrive/Desktop/lab2CEG3156/eightBitComparator.vhd           ;         ;
; ALU.vhd                          ; yes             ; User VHDL File                   ; C:/Users/hadib/OneDrive/Desktop/lab2CEG3156/ALU.vhd                          ;         ;
; mux_2x1_8bits.vhd                ; yes             ; User VHDL File                   ; C:/Users/hadib/OneDrive/Desktop/lab2CEG3156/mux_2x1_8bits.vhd                ;         ;
; ShiftLeft_by2.vhd                ; yes             ; User VHDL File                   ; C:/Users/hadib/OneDrive/Desktop/lab2CEG3156/ShiftLeft_by2.vhd                ;         ;
; ControlLogicUnit.vhd             ; yes             ; User VHDL File                   ; C:/Users/hadib/OneDrive/Desktop/lab2CEG3156/ControlLogicUnit.vhd             ;         ;
; mux_2x1_5bits.vhd                ; yes             ; User VHDL File                   ; C:/Users/hadib/OneDrive/Desktop/lab2CEG3156/mux_2x1_5bits.vhd                ;         ;
; demux_1x32_8bits.vhd             ; yes             ; User VHDL File                   ; C:/Users/hadib/OneDrive/Desktop/lab2CEG3156/demux_1x32_8bits.vhd             ;         ;
; signExtend.vhd                   ; yes             ; User VHDL File                   ; C:/Users/hadib/OneDrive/Desktop/lab2CEG3156/signExtend.vhd                   ;         ;
; RAM_async.vhd                    ; yes             ; User VHDL File                   ; C:/Users/hadib/OneDrive/Desktop/lab2CEG3156/RAM_async.vhd                    ;         ;
; twobitcounter.vhd                ; yes             ; User VHDL File                   ; C:/Users/hadib/OneDrive/Desktop/lab2CEG3156/twobitcounter.vhd                ;         ;
; twobitcomparator.vhd             ; yes             ; User VHDL File                   ; C:/Users/hadib/OneDrive/Desktop/lab2CEG3156/twobitcomparator.vhd             ;         ;
; ShiftLeft_by2_28bits.vhd         ; yes             ; User VHDL File                   ; C:/Users/hadib/OneDrive/Desktop/lab2CEG3156/ShiftLeft_by2_28bits.vhd         ;         ;
; mux_ipt_array_type.vhd           ; yes             ; User VHDL File                   ; C:/Users/hadib/OneDrive/Desktop/lab2CEG3156/mux_ipt_array_type.vhd           ;         ;
; Register_32bits.vhd              ; yes             ; User VHDL File                   ; C:/Users/hadib/OneDrive/Desktop/lab2CEG3156/Register_32bits.vhd              ;         ;
; IF_ID.vhd                        ; yes             ; User VHDL File                   ; C:/Users/hadib/OneDrive/Desktop/lab2CEG3156/IF_ID.vhd                        ;         ;
; Register_9bits.vhd               ; yes             ; User VHDL File                   ; C:/Users/hadib/OneDrive/Desktop/lab2CEG3156/Register_9bits.vhd               ;         ;
; Register_5bits.vhd               ; yes             ; User VHDL File                   ; C:/Users/hadib/OneDrive/Desktop/lab2CEG3156/Register_5bits.vhd               ;         ;
; Register_6bits.vhd               ; yes             ; User VHDL File                   ; C:/Users/hadib/OneDrive/Desktop/lab2CEG3156/Register_6bits.vhd               ;         ;
; ID_EX.vhd                        ; yes             ; User VHDL File                   ; C:/Users/hadib/OneDrive/Desktop/lab2CEG3156/ID_EX.vhd                        ;         ;
; mux_3x1_32bits.vhd               ; yes             ; User VHDL File                   ; C:/Users/hadib/OneDrive/Desktop/lab2CEG3156/mux_3x1_32bits.vhd               ;         ;
; EX_MEM.vhd                       ; yes             ; User VHDL File                   ; C:/Users/hadib/OneDrive/Desktop/lab2CEG3156/EX_MEM.vhd                       ;         ;
; MEM_WB.vhd                       ; yes             ; User VHDL File                   ; C:/Users/hadib/OneDrive/Desktop/lab2CEG3156/MEM_WB.vhd                       ;         ;
; Register_2bits.vhd               ; yes             ; User VHDL File                   ; C:/Users/hadib/OneDrive/Desktop/lab2CEG3156/Register_2bits.vhd               ;         ;
; ForwardingUnit.vhd               ; yes             ; User VHDL File                   ; C:/Users/hadib/OneDrive/Desktop/lab2CEG3156/ForwardingUnit.vhd               ;         ;
; fiveBitComparator.vhd            ; yes             ; User VHDL File                   ; C:/Users/hadib/OneDrive/Desktop/lab2CEG3156/fiveBitComparator.vhd            ;         ;
; HazardDetectionUnit.vhd          ; yes             ; User VHDL File                   ; C:/Users/hadib/OneDrive/Desktop/lab2CEG3156/HazardDetectionUnit.vhd          ;         ;
; mux_2x1_9bits.vhd                ; yes             ; User VHDL File                   ; C:/Users/hadib/OneDrive/Desktop/lab2CEG3156/mux_2x1_9bits.vhd                ;         ;
; LoadUseHazard_Fix.vhd            ; yes             ; User VHDL File                   ; C:/Users/hadib/OneDrive/Desktop/lab2CEG3156/LoadUseHazard_Fix.vhd            ;         ;
; mux_8x1_32bits.vhd               ; yes             ; User VHDL File                   ; C:/Users/hadib/OneDrive/Desktop/lab2CEG3156/mux_8x1_32bits.vhd               ;         ;
; lpm_rom.tdf                      ; yes             ; Megafunction                     ; c:/intelfpga_lite/20.1/quartus/libraries/megafunctions/lpm_rom.tdf           ;         ;
; altrom.inc                       ; yes             ; Megafunction                     ; c:/intelfpga_lite/20.1/quartus/libraries/megafunctions/altrom.inc            ;         ;
; aglobal201.inc                   ; yes             ; Megafunction                     ; c:/intelfpga_lite/20.1/quartus/libraries/megafunctions/aglobal201.inc        ;         ;
; altrom.tdf                       ; yes             ; Megafunction                     ; c:/intelfpga_lite/20.1/quartus/libraries/megafunctions/altrom.tdf            ;         ;
; memmodes.inc                     ; yes             ; Megafunction                     ; c:/intelfpga_lite/20.1/quartus/libraries/others/maxplus2/memmodes.inc        ;         ;
; lpm_decode.inc                   ; yes             ; Megafunction                     ; c:/intelfpga_lite/20.1/quartus/libraries/megafunctions/lpm_decode.inc        ;         ;
; lpm_mux.inc                      ; yes             ; Megafunction                     ; c:/intelfpga_lite/20.1/quartus/libraries/megafunctions/lpm_mux.inc           ;         ;
; altsyncram.inc                   ; yes             ; Megafunction                     ; c:/intelfpga_lite/20.1/quartus/libraries/megafunctions/altsyncram.inc        ;         ;
; altsyncram.tdf                   ; yes             ; Megafunction                     ; c:/intelfpga_lite/20.1/quartus/libraries/megafunctions/altsyncram.tdf        ;         ;
; stratix_ram_block.inc            ; yes             ; Megafunction                     ; c:/intelfpga_lite/20.1/quartus/libraries/megafunctions/stratix_ram_block.inc ;         ;
; a_rdenreg.inc                    ; yes             ; Megafunction                     ; c:/intelfpga_lite/20.1/quartus/libraries/megafunctions/a_rdenreg.inc         ;         ;
; altram.inc                       ; yes             ; Megafunction                     ; c:/intelfpga_lite/20.1/quartus/libraries/megafunctions/altram.inc            ;         ;
; altdpram.inc                     ; yes             ; Megafunction                     ; c:/intelfpga_lite/20.1/quartus/libraries/megafunctions/altdpram.inc          ;         ;
; db/altsyncram_gk01.tdf           ; yes             ; Auto-Generated Megafunction      ; C:/Users/hadib/OneDrive/Desktop/lab2CEG3156/db/altsyncram_gk01.tdf           ;         ;
+----------------------------------+-----------------+----------------------------------+------------------------------------------------------------------------------+---------+


+------------------------------------------------------------+
; Analysis & Synthesis Resource Usage Summary                ;
+---------------------------------------------+--------------+
; Resource                                    ; Usage        ;
+---------------------------------------------+--------------+
; Estimated Total logic elements              ; 2,180        ;
;                                             ;              ;
; Total combinational functions               ; 1722         ;
; Logic element usage by number of LUT inputs ;              ;
;     -- 4 input functions                    ; 1299         ;
;     -- 3 input functions                    ; 343          ;
;     -- <=2 input functions                  ; 80           ;
;                                             ;              ;
; Logic elements by mode                      ;              ;
;     -- normal mode                          ; 1722         ;
;     -- arithmetic mode                      ; 0            ;
;                                             ;              ;
; Total registers                             ; 829          ;
;     -- Dedicated logic registers            ; 829          ;
;     -- I/O registers                        ; 0            ;
;                                             ;              ;
; I/O pins                                    ; 76           ;
; Total memory bits                           ; 8192         ;
;                                             ;              ;
; Embedded Multiplier 9-bit elements          ; 0            ;
;                                             ;              ;
; Maximum fan-out node                        ; gclock~input ;
; Maximum fan-out                             ; 861          ;
; Total fan-out                               ; 9770         ;
; Average fan-out                             ; 3.57         ;
+---------------------------------------------+--------------+


+-------------------------------------------------------------------------------------------------------------------------------------------------------------------------------------------------------------------------------------------------------------------------------------------------------------------------------------------------------------------+
; Analysis & Synthesis Resource Utilization by Entity                                                                                                                                                                                                                                                                                                               ;
+--------------------------------------------------+---------------------+---------------------------+-------------+--------------+---------+-----------+------+--------------+------------------------------------------------------------------------------------------------------------------------------------------------+---------------------+--------------+
; Compilation Hierarchy Node                       ; Combinational ALUTs ; Dedicated Logic Registers ; Memory Bits ; DSP Elements ; DSP 9x9 ; DSP 18x18 ; Pins ; Virtual Pins ; Full Hierarchy Name                                                                                                                            ; Entity Name         ; Library Name ;
+--------------------------------------------------+---------------------+---------------------------+-------------+--------------+---------+-----------+------+--------------+------------------------------------------------------------------------------------------------------------------------------------------------+---------------------+--------------+
; |processor                                       ; 1722 (10)           ; 829 (0)                   ; 8192        ; 0            ; 0       ; 0         ; 76   ; 0            ; |processor                                                                                                                                     ; processor           ; work         ;
;    |ALU:alu_comp|                                ; 309 (0)             ; 0 (0)                     ; 0           ; 0            ; 0       ; 0         ; 0    ; 0            ; |processor|ALU:alu_comp                                                                                                                        ; ALU                 ; work         ;
;       |Substractor_8bits:substractor|            ; 31 (0)              ; 0 (0)                     ; 0           ; 0            ; 0       ; 0         ; 0    ; 0            ; |processor|ALU:alu_comp|Substractor_8bits:substractor                                                                                          ; Substractor_8bits   ; work         ;
;          |oneBitAdder:b10|                       ; 1 (1)               ; 0 (0)                     ; 0           ; 0            ; 0       ; 0         ; 0    ; 0            ; |processor|ALU:alu_comp|Substractor_8bits:substractor|oneBitAdder:b10                                                                          ; oneBitAdder         ; work         ;
;          |oneBitAdder:b11|                       ; 1 (1)               ; 0 (0)                     ; 0           ; 0            ; 0       ; 0         ; 0    ; 0            ; |processor|ALU:alu_comp|Substractor_8bits:substractor|oneBitAdder:b11                                                                          ; oneBitAdder         ; work         ;
;          |oneBitAdder:b12|                       ; 1 (1)               ; 0 (0)                     ; 0           ; 0            ; 0       ; 0         ; 0    ; 0            ; |processor|ALU:alu_comp|Substractor_8bits:substractor|oneBitAdder:b12                                                                          ; oneBitAdder         ; work         ;
;          |oneBitAdder:b13|                       ; 1 (1)               ; 0 (0)                     ; 0           ; 0            ; 0       ; 0         ; 0    ; 0            ; |processor|ALU:alu_comp|Substractor_8bits:substractor|oneBitAdder:b13                                                                          ; oneBitAdder         ; work         ;
;          |oneBitAdder:b14|                       ; 1 (1)               ; 0 (0)                     ; 0           ; 0            ; 0       ; 0         ; 0    ; 0            ; |processor|ALU:alu_comp|Substractor_8bits:substractor|oneBitAdder:b14                                                                          ; oneBitAdder         ; work         ;
;          |oneBitAdder:b15|                       ; 1 (1)               ; 0 (0)                     ; 0           ; 0            ; 0       ; 0         ; 0    ; 0            ; |processor|ALU:alu_comp|Substractor_8bits:substractor|oneBitAdder:b15                                                                          ; oneBitAdder         ; work         ;
;          |oneBitAdder:b16|                       ; 1 (1)               ; 0 (0)                     ; 0           ; 0            ; 0       ; 0         ; 0    ; 0            ; |processor|ALU:alu_comp|Substractor_8bits:substractor|oneBitAdder:b16                                                                          ; oneBitAdder         ; work         ;
;          |oneBitAdder:b17|                       ; 1 (1)               ; 0 (0)                     ; 0           ; 0            ; 0       ; 0         ; 0    ; 0            ; |processor|ALU:alu_comp|Substractor_8bits:substractor|oneBitAdder:b17                                                                          ; oneBitAdder         ; work         ;
;          |oneBitAdder:b18|                       ; 1 (1)               ; 0 (0)                     ; 0           ; 0            ; 0       ; 0         ; 0    ; 0            ; |processor|ALU:alu_comp|Substractor_8bits:substractor|oneBitAdder:b18                                                                          ; oneBitAdder         ; work         ;
;          |oneBitAdder:b19|                       ; 1 (1)               ; 0 (0)                     ; 0           ; 0            ; 0       ; 0         ; 0    ; 0            ; |processor|ALU:alu_comp|Substractor_8bits:substractor|oneBitAdder:b19                                                                          ; oneBitAdder         ; work         ;
;          |oneBitAdder:b1|                        ; 2 (2)               ; 0 (0)                     ; 0           ; 0            ; 0       ; 0         ; 0    ; 0            ; |processor|ALU:alu_comp|Substractor_8bits:substractor|oneBitAdder:b1                                                                           ; oneBitAdder         ; work         ;
;          |oneBitAdder:b20|                       ; 1 (1)               ; 0 (0)                     ; 0           ; 0            ; 0       ; 0         ; 0    ; 0            ; |processor|ALU:alu_comp|Substractor_8bits:substractor|oneBitAdder:b20                                                                          ; oneBitAdder         ; work         ;
;          |oneBitAdder:b21|                       ; 1 (1)               ; 0 (0)                     ; 0           ; 0            ; 0       ; 0         ; 0    ; 0            ; |processor|ALU:alu_comp|Substractor_8bits:substractor|oneBitAdder:b21                                                                          ; oneBitAdder         ; work         ;
;          |oneBitAdder:b22|                       ; 1 (1)               ; 0 (0)                     ; 0           ; 0            ; 0       ; 0         ; 0    ; 0            ; |processor|ALU:alu_comp|Substractor_8bits:substractor|oneBitAdder:b22                                                                          ; oneBitAdder         ; work         ;
;          |oneBitAdder:b23|                       ; 1 (1)               ; 0 (0)                     ; 0           ; 0            ; 0       ; 0         ; 0    ; 0            ; |processor|ALU:alu_comp|Substractor_8bits:substractor|oneBitAdder:b23                                                                          ; oneBitAdder         ; work         ;
;          |oneBitAdder:b24|                       ; 1 (1)               ; 0 (0)                     ; 0           ; 0            ; 0       ; 0         ; 0    ; 0            ; |processor|ALU:alu_comp|Substractor_8bits:substractor|oneBitAdder:b24                                                                          ; oneBitAdder         ; work         ;
;          |oneBitAdder:b25|                       ; 1 (1)               ; 0 (0)                     ; 0           ; 0            ; 0       ; 0         ; 0    ; 0            ; |processor|ALU:alu_comp|Substractor_8bits:substractor|oneBitAdder:b25                                                                          ; oneBitAdder         ; work         ;
;          |oneBitAdder:b26|                       ; 1 (1)               ; 0 (0)                     ; 0           ; 0            ; 0       ; 0         ; 0    ; 0            ; |processor|ALU:alu_comp|Substractor_8bits:substractor|oneBitAdder:b26                                                                          ; oneBitAdder         ; work         ;
;          |oneBitAdder:b27|                       ; 1 (1)               ; 0 (0)                     ; 0           ; 0            ; 0       ; 0         ; 0    ; 0            ; |processor|ALU:alu_comp|Substractor_8bits:substractor|oneBitAdder:b27                                                                          ; oneBitAdder         ; work         ;
;          |oneBitAdder:b28|                       ; 1 (1)               ; 0 (0)                     ; 0           ; 0            ; 0       ; 0         ; 0    ; 0            ; |processor|ALU:alu_comp|Substractor_8bits:substractor|oneBitAdder:b28                                                                          ; oneBitAdder         ; work         ;
;          |oneBitAdder:b29|                       ; 1 (1)               ; 0 (0)                     ; 0           ; 0            ; 0       ; 0         ; 0    ; 0            ; |processor|ALU:alu_comp|Substractor_8bits:substractor|oneBitAdder:b29                                                                          ; oneBitAdder         ; work         ;
;          |oneBitAdder:b2|                        ; 1 (1)               ; 0 (0)                     ; 0           ; 0            ; 0       ; 0         ; 0    ; 0            ; |processor|ALU:alu_comp|Substractor_8bits:substractor|oneBitAdder:b2                                                                           ; oneBitAdder         ; work         ;
;          |oneBitAdder:b30|                       ; 1 (1)               ; 0 (0)                     ; 0           ; 0            ; 0       ; 0         ; 0    ; 0            ; |processor|ALU:alu_comp|Substractor_8bits:substractor|oneBitAdder:b30                                                                          ; oneBitAdder         ; work         ;
;          |oneBitAdder:b3|                        ; 1 (1)               ; 0 (0)                     ; 0           ; 0            ; 0       ; 0         ; 0    ; 0            ; |processor|ALU:alu_comp|Substractor_8bits:substractor|oneBitAdder:b3                                                                           ; oneBitAdder         ; work         ;
;          |oneBitAdder:b4|                        ; 1 (1)               ; 0 (0)                     ; 0           ; 0            ; 0       ; 0         ; 0    ; 0            ; |processor|ALU:alu_comp|Substractor_8bits:substractor|oneBitAdder:b4                                                                           ; oneBitAdder         ; work         ;
;          |oneBitAdder:b5|                        ; 1 (1)               ; 0 (0)                     ; 0           ; 0            ; 0       ; 0         ; 0    ; 0            ; |processor|ALU:alu_comp|Substractor_8bits:substractor|oneBitAdder:b5                                                                           ; oneBitAdder         ; work         ;
;          |oneBitAdder:b6|                        ; 1 (1)               ; 0 (0)                     ; 0           ; 0            ; 0       ; 0         ; 0    ; 0            ; |processor|ALU:alu_comp|Substractor_8bits:substractor|oneBitAdder:b6                                                                           ; oneBitAdder         ; work         ;
;          |oneBitAdder:b7|                        ; 1 (1)               ; 0 (0)                     ; 0           ; 0            ; 0       ; 0         ; 0    ; 0            ; |processor|ALU:alu_comp|Substractor_8bits:substractor|oneBitAdder:b7                                                                           ; oneBitAdder         ; work         ;
;          |oneBitAdder:b8|                        ; 1 (1)               ; 0 (0)                     ; 0           ; 0            ; 0       ; 0         ; 0    ; 0            ; |processor|ALU:alu_comp|Substractor_8bits:substractor|oneBitAdder:b8                                                                           ; oneBitAdder         ; work         ;
;          |oneBitAdder:b9|                        ; 1 (1)               ; 0 (0)                     ; 0           ; 0            ; 0       ; 0         ; 0    ; 0            ; |processor|ALU:alu_comp|Substractor_8bits:substractor|oneBitAdder:b9                                                                           ; oneBitAdder         ; work         ;
;       |adder_8bits:adder|                        ; 31 (0)              ; 0 (0)                     ; 0           ; 0            ; 0       ; 0         ; 0    ; 0            ; |processor|ALU:alu_comp|adder_8bits:adder                                                                                                      ; adder_8bits         ; work         ;
;          |oneBitAdder:b10|                       ; 1 (1)               ; 0 (0)                     ; 0           ; 0            ; 0       ; 0         ; 0    ; 0            ; |processor|ALU:alu_comp|adder_8bits:adder|oneBitAdder:b10                                                                                      ; oneBitAdder         ; work         ;
;          |oneBitAdder:b11|                       ; 1 (1)               ; 0 (0)                     ; 0           ; 0            ; 0       ; 0         ; 0    ; 0            ; |processor|ALU:alu_comp|adder_8bits:adder|oneBitAdder:b11                                                                                      ; oneBitAdder         ; work         ;
;          |oneBitAdder:b12|                       ; 1 (1)               ; 0 (0)                     ; 0           ; 0            ; 0       ; 0         ; 0    ; 0            ; |processor|ALU:alu_comp|adder_8bits:adder|oneBitAdder:b12                                                                                      ; oneBitAdder         ; work         ;
;          |oneBitAdder:b13|                       ; 1 (1)               ; 0 (0)                     ; 0           ; 0            ; 0       ; 0         ; 0    ; 0            ; |processor|ALU:alu_comp|adder_8bits:adder|oneBitAdder:b13                                                                                      ; oneBitAdder         ; work         ;
;          |oneBitAdder:b14|                       ; 1 (1)               ; 0 (0)                     ; 0           ; 0            ; 0       ; 0         ; 0    ; 0            ; |processor|ALU:alu_comp|adder_8bits:adder|oneBitAdder:b14                                                                                      ; oneBitAdder         ; work         ;
;          |oneBitAdder:b15|                       ; 1 (1)               ; 0 (0)                     ; 0           ; 0            ; 0       ; 0         ; 0    ; 0            ; |processor|ALU:alu_comp|adder_8bits:adder|oneBitAdder:b15                                                                                      ; oneBitAdder         ; work         ;
;          |oneBitAdder:b16|                       ; 1 (1)               ; 0 (0)                     ; 0           ; 0            ; 0       ; 0         ; 0    ; 0            ; |processor|ALU:alu_comp|adder_8bits:adder|oneBitAdder:b16                                                                                      ; oneBitAdder         ; work         ;
;          |oneBitAdder:b17|                       ; 1 (1)               ; 0 (0)                     ; 0           ; 0            ; 0       ; 0         ; 0    ; 0            ; |processor|ALU:alu_comp|adder_8bits:adder|oneBitAdder:b17                                                                                      ; oneBitAdder         ; work         ;
;          |oneBitAdder:b18|                       ; 1 (1)               ; 0 (0)                     ; 0           ; 0            ; 0       ; 0         ; 0    ; 0            ; |processor|ALU:alu_comp|adder_8bits:adder|oneBitAdder:b18                                                                                      ; oneBitAdder         ; work         ;
;          |oneBitAdder:b19|                       ; 1 (1)               ; 0 (0)                     ; 0           ; 0            ; 0       ; 0         ; 0    ; 0            ; |processor|ALU:alu_comp|adder_8bits:adder|oneBitAdder:b19                                                                                      ; oneBitAdder         ; work         ;
;          |oneBitAdder:b1|                        ; 2 (2)               ; 0 (0)                     ; 0           ; 0            ; 0       ; 0         ; 0    ; 0            ; |processor|ALU:alu_comp|adder_8bits:adder|oneBitAdder:b1                                                                                       ; oneBitAdder         ; work         ;
;          |oneBitAdder:b20|                       ; 1 (1)               ; 0 (0)                     ; 0           ; 0            ; 0       ; 0         ; 0    ; 0            ; |processor|ALU:alu_comp|adder_8bits:adder|oneBitAdder:b20                                                                                      ; oneBitAdder         ; work         ;
;          |oneBitAdder:b21|                       ; 1 (1)               ; 0 (0)                     ; 0           ; 0            ; 0       ; 0         ; 0    ; 0            ; |processor|ALU:alu_comp|adder_8bits:adder|oneBitAdder:b21                                                                                      ; oneBitAdder         ; work         ;
;          |oneBitAdder:b22|                       ; 1 (1)               ; 0 (0)                     ; 0           ; 0            ; 0       ; 0         ; 0    ; 0            ; |processor|ALU:alu_comp|adder_8bits:adder|oneBitAdder:b22                                                                                      ; oneBitAdder         ; work         ;
;          |oneBitAdder:b23|                       ; 1 (1)               ; 0 (0)                     ; 0           ; 0            ; 0       ; 0         ; 0    ; 0            ; |processor|ALU:alu_comp|adder_8bits:adder|oneBitAdder:b23                                                                                      ; oneBitAdder         ; work         ;
;          |oneBitAdder:b24|                       ; 1 (1)               ; 0 (0)                     ; 0           ; 0            ; 0       ; 0         ; 0    ; 0            ; |processor|ALU:alu_comp|adder_8bits:adder|oneBitAdder:b24                                                                                      ; oneBitAdder         ; work         ;
;          |oneBitAdder:b25|                       ; 1 (1)               ; 0 (0)                     ; 0           ; 0            ; 0       ; 0         ; 0    ; 0            ; |processor|ALU:alu_comp|adder_8bits:adder|oneBitAdder:b25                                                                                      ; oneBitAdder         ; work         ;
;          |oneBitAdder:b26|                       ; 1 (1)               ; 0 (0)                     ; 0           ; 0            ; 0       ; 0         ; 0    ; 0            ; |processor|ALU:alu_comp|adder_8bits:adder|oneBitAdder:b26                                                                                      ; oneBitAdder         ; work         ;
;          |oneBitAdder:b27|                       ; 1 (1)               ; 0 (0)                     ; 0           ; 0            ; 0       ; 0         ; 0    ; 0            ; |processor|ALU:alu_comp|adder_8bits:adder|oneBitAdder:b27                                                                                      ; oneBitAdder         ; work         ;
;          |oneBitAdder:b28|                       ; 1 (1)               ; 0 (0)                     ; 0           ; 0            ; 0       ; 0         ; 0    ; 0            ; |processor|ALU:alu_comp|adder_8bits:adder|oneBitAdder:b28                                                                                      ; oneBitAdder         ; work         ;
;          |oneBitAdder:b29|                       ; 1 (1)               ; 0 (0)                     ; 0           ; 0            ; 0       ; 0         ; 0    ; 0            ; |processor|ALU:alu_comp|adder_8bits:adder|oneBitAdder:b29                                                                                      ; oneBitAdder         ; work         ;
;          |oneBitAdder:b2|                        ; 1 (1)               ; 0 (0)                     ; 0           ; 0            ; 0       ; 0         ; 0    ; 0            ; |processor|ALU:alu_comp|adder_8bits:adder|oneBitAdder:b2                                                                                       ; oneBitAdder         ; work         ;
;          |oneBitAdder:b30|                       ; 1 (1)               ; 0 (0)                     ; 0           ; 0            ; 0       ; 0         ; 0    ; 0            ; |processor|ALU:alu_comp|adder_8bits:adder|oneBitAdder:b30                                                                                      ; oneBitAdder         ; work         ;
;          |oneBitAdder:b3|                        ; 1 (1)               ; 0 (0)                     ; 0           ; 0            ; 0       ; 0         ; 0    ; 0            ; |processor|ALU:alu_comp|adder_8bits:adder|oneBitAdder:b3                                                                                       ; oneBitAdder         ; work         ;
;          |oneBitAdder:b4|                        ; 1 (1)               ; 0 (0)                     ; 0           ; 0            ; 0       ; 0         ; 0    ; 0            ; |processor|ALU:alu_comp|adder_8bits:adder|oneBitAdder:b4                                                                                       ; oneBitAdder         ; work         ;
;          |oneBitAdder:b5|                        ; 1 (1)               ; 0 (0)                     ; 0           ; 0            ; 0       ; 0         ; 0    ; 0            ; |processor|ALU:alu_comp|adder_8bits:adder|oneBitAdder:b5                                                                                       ; oneBitAdder         ; work         ;
;          |oneBitAdder:b6|                        ; 1 (1)               ; 0 (0)                     ; 0           ; 0            ; 0       ; 0         ; 0    ; 0            ; |processor|ALU:alu_comp|adder_8bits:adder|oneBitAdder:b6                                                                                       ; oneBitAdder         ; work         ;
;          |oneBitAdder:b7|                        ; 1 (1)               ; 0 (0)                     ; 0           ; 0            ; 0       ; 0         ; 0    ; 0            ; |processor|ALU:alu_comp|adder_8bits:adder|oneBitAdder:b7                                                                                       ; oneBitAdder         ; work         ;
;          |oneBitAdder:b8|                        ; 1 (1)               ; 0 (0)                     ; 0           ; 0            ; 0       ; 0         ; 0    ; 0            ; |processor|ALU:alu_comp|adder_8bits:adder|oneBitAdder:b8                                                                                       ; oneBitAdder         ; work         ;
;          |oneBitAdder:b9|                        ; 1 (1)               ; 0 (0)                     ; 0           ; 0            ; 0       ; 0         ; 0    ; 0            ; |processor|ALU:alu_comp|adder_8bits:adder|oneBitAdder:b9                                                                                       ; oneBitAdder         ; work         ;
;       |eightBitComparator:comparator_twoinputs|  ; 69 (0)              ; 0 (0)                     ; 0           ; 0            ; 0       ; 0         ; 0    ; 0            ; |processor|ALU:alu_comp|eightBitComparator:comparator_twoinputs                                                                                ; eightBitComparator  ; work         ;
;          |oneBitComparator:comp0|                ; 2 (2)               ; 0 (0)                     ; 0           ; 0            ; 0       ; 0         ; 0    ; 0            ; |processor|ALU:alu_comp|eightBitComparator:comparator_twoinputs|oneBitComparator:comp0                                                         ; oneBitComparator    ; work         ;
;          |oneBitComparator:comp10|               ; 2 (2)               ; 0 (0)                     ; 0           ; 0            ; 0       ; 0         ; 0    ; 0            ; |processor|ALU:alu_comp|eightBitComparator:comparator_twoinputs|oneBitComparator:comp10                                                        ; oneBitComparator    ; work         ;
;          |oneBitComparator:comp11|               ; 2 (2)               ; 0 (0)                     ; 0           ; 0            ; 0       ; 0         ; 0    ; 0            ; |processor|ALU:alu_comp|eightBitComparator:comparator_twoinputs|oneBitComparator:comp11                                                        ; oneBitComparator    ; work         ;
;          |oneBitComparator:comp12|               ; 2 (2)               ; 0 (0)                     ; 0           ; 0            ; 0       ; 0         ; 0    ; 0            ; |processor|ALU:alu_comp|eightBitComparator:comparator_twoinputs|oneBitComparator:comp12                                                        ; oneBitComparator    ; work         ;
;          |oneBitComparator:comp13|               ; 2 (2)               ; 0 (0)                     ; 0           ; 0            ; 0       ; 0         ; 0    ; 0            ; |processor|ALU:alu_comp|eightBitComparator:comparator_twoinputs|oneBitComparator:comp13                                                        ; oneBitComparator    ; work         ;
;          |oneBitComparator:comp14|               ; 2 (2)               ; 0 (0)                     ; 0           ; 0            ; 0       ; 0         ; 0    ; 0            ; |processor|ALU:alu_comp|eightBitComparator:comparator_twoinputs|oneBitComparator:comp14                                                        ; oneBitComparator    ; work         ;
;          |oneBitComparator:comp15|               ; 2 (2)               ; 0 (0)                     ; 0           ; 0            ; 0       ; 0         ; 0    ; 0            ; |processor|ALU:alu_comp|eightBitComparator:comparator_twoinputs|oneBitComparator:comp15                                                        ; oneBitComparator    ; work         ;
;          |oneBitComparator:comp16|               ; 2 (2)               ; 0 (0)                     ; 0           ; 0            ; 0       ; 0         ; 0    ; 0            ; |processor|ALU:alu_comp|eightBitComparator:comparator_twoinputs|oneBitComparator:comp16                                                        ; oneBitComparator    ; work         ;
;          |oneBitComparator:comp17|               ; 2 (2)               ; 0 (0)                     ; 0           ; 0            ; 0       ; 0         ; 0    ; 0            ; |processor|ALU:alu_comp|eightBitComparator:comparator_twoinputs|oneBitComparator:comp17                                                        ; oneBitComparator    ; work         ;
;          |oneBitComparator:comp18|               ; 2 (2)               ; 0 (0)                     ; 0           ; 0            ; 0       ; 0         ; 0    ; 0            ; |processor|ALU:alu_comp|eightBitComparator:comparator_twoinputs|oneBitComparator:comp18                                                        ; oneBitComparator    ; work         ;
;          |oneBitComparator:comp19|               ; 2 (2)               ; 0 (0)                     ; 0           ; 0            ; 0       ; 0         ; 0    ; 0            ; |processor|ALU:alu_comp|eightBitComparator:comparator_twoinputs|oneBitComparator:comp19                                                        ; oneBitComparator    ; work         ;
;          |oneBitComparator:comp1|                ; 1 (1)               ; 0 (0)                     ; 0           ; 0            ; 0       ; 0         ; 0    ; 0            ; |processor|ALU:alu_comp|eightBitComparator:comparator_twoinputs|oneBitComparator:comp1                                                         ; oneBitComparator    ; work         ;
;          |oneBitComparator:comp20|               ; 2 (2)               ; 0 (0)                     ; 0           ; 0            ; 0       ; 0         ; 0    ; 0            ; |processor|ALU:alu_comp|eightBitComparator:comparator_twoinputs|oneBitComparator:comp20                                                        ; oneBitComparator    ; work         ;
;          |oneBitComparator:comp21|               ; 2 (2)               ; 0 (0)                     ; 0           ; 0            ; 0       ; 0         ; 0    ; 0            ; |processor|ALU:alu_comp|eightBitComparator:comparator_twoinputs|oneBitComparator:comp21                                                        ; oneBitComparator    ; work         ;
;          |oneBitComparator:comp22|               ; 2 (2)               ; 0 (0)                     ; 0           ; 0            ; 0       ; 0         ; 0    ; 0            ; |processor|ALU:alu_comp|eightBitComparator:comparator_twoinputs|oneBitComparator:comp22                                                        ; oneBitComparator    ; work         ;
;          |oneBitComparator:comp23|               ; 6 (6)               ; 0 (0)                     ; 0           ; 0            ; 0       ; 0         ; 0    ; 0            ; |processor|ALU:alu_comp|eightBitComparator:comparator_twoinputs|oneBitComparator:comp23                                                        ; oneBitComparator    ; work         ;
;          |oneBitComparator:comp25|               ; 3 (3)               ; 0 (0)                     ; 0           ; 0            ; 0       ; 0         ; 0    ; 0            ; |processor|ALU:alu_comp|eightBitComparator:comparator_twoinputs|oneBitComparator:comp25                                                        ; oneBitComparator    ; work         ;
;          |oneBitComparator:comp26|               ; 3 (3)               ; 0 (0)                     ; 0           ; 0            ; 0       ; 0         ; 0    ; 0            ; |processor|ALU:alu_comp|eightBitComparator:comparator_twoinputs|oneBitComparator:comp26                                                        ; oneBitComparator    ; work         ;
;          |oneBitComparator:comp27|               ; 4 (4)               ; 0 (0)                     ; 0           ; 0            ; 0       ; 0         ; 0    ; 0            ; |processor|ALU:alu_comp|eightBitComparator:comparator_twoinputs|oneBitComparator:comp27                                                        ; oneBitComparator    ; work         ;
;          |oneBitComparator:comp28|               ; 4 (4)               ; 0 (0)                     ; 0           ; 0            ; 0       ; 0         ; 0    ; 0            ; |processor|ALU:alu_comp|eightBitComparator:comparator_twoinputs|oneBitComparator:comp28                                                        ; oneBitComparator    ; work         ;
;          |oneBitComparator:comp29|               ; 2 (2)               ; 0 (0)                     ; 0           ; 0            ; 0       ; 0         ; 0    ; 0            ; |processor|ALU:alu_comp|eightBitComparator:comparator_twoinputs|oneBitComparator:comp29                                                        ; oneBitComparator    ; work         ;
;          |oneBitComparator:comp2|                ; 2 (2)               ; 0 (0)                     ; 0           ; 0            ; 0       ; 0         ; 0    ; 0            ; |processor|ALU:alu_comp|eightBitComparator:comparator_twoinputs|oneBitComparator:comp2                                                         ; oneBitComparator    ; work         ;
;          |oneBitComparator:comp30|               ; 2 (2)               ; 0 (0)                     ; 0           ; 0            ; 0       ; 0         ; 0    ; 0            ; |processor|ALU:alu_comp|eightBitComparator:comparator_twoinputs|oneBitComparator:comp30                                                        ; oneBitComparator    ; work         ;
;          |oneBitComparator:comp3|                ; 2 (2)               ; 0 (0)                     ; 0           ; 0            ; 0       ; 0         ; 0    ; 0            ; |processor|ALU:alu_comp|eightBitComparator:comparator_twoinputs|oneBitComparator:comp3                                                         ; oneBitComparator    ; work         ;
;          |oneBitComparator:comp4|                ; 2 (2)               ; 0 (0)                     ; 0           ; 0            ; 0       ; 0         ; 0    ; 0            ; |processor|ALU:alu_comp|eightBitComparator:comparator_twoinputs|oneBitComparator:comp4                                                         ; oneBitComparator    ; work         ;
;          |oneBitComparator:comp5|                ; 2 (2)               ; 0 (0)                     ; 0           ; 0            ; 0       ; 0         ; 0    ; 0            ; |processor|ALU:alu_comp|eightBitComparator:comparator_twoinputs|oneBitComparator:comp5                                                         ; oneBitComparator    ; work         ;
;          |oneBitComparator:comp6|                ; 2 (2)               ; 0 (0)                     ; 0           ; 0            ; 0       ; 0         ; 0    ; 0            ; |processor|ALU:alu_comp|eightBitComparator:comparator_twoinputs|oneBitComparator:comp6                                                         ; oneBitComparator    ; work         ;
;          |oneBitComparator:comp7|                ; 2 (2)               ; 0 (0)                     ; 0           ; 0            ; 0       ; 0         ; 0    ; 0            ; |processor|ALU:alu_comp|eightBitComparator:comparator_twoinputs|oneBitComparator:comp7                                                         ; oneBitComparator    ; work         ;
;          |oneBitComparator:comp8|                ; 2 (2)               ; 0 (0)                     ; 0           ; 0            ; 0       ; 0         ; 0    ; 0            ; |processor|ALU:alu_comp|eightBitComparator:comparator_twoinputs|oneBitComparator:comp8                                                         ; oneBitComparator    ; work         ;
;          |oneBitComparator:comp9|                ; 2 (2)               ; 0 (0)                     ; 0           ; 0            ; 0       ; 0         ; 0    ; 0            ; |processor|ALU:alu_comp|eightBitComparator:comparator_twoinputs|oneBitComparator:comp9                                                         ; oneBitComparator    ; work         ;
;       |eightBitComparator:comparator_zero|       ; 12 (0)              ; 0 (0)                     ; 0           ; 0            ; 0       ; 0         ; 0    ; 0            ; |processor|ALU:alu_comp|eightBitComparator:comparator_zero                                                                                     ; eightBitComparator  ; work         ;
;          |oneBitComparator:comp0|                ; 12 (12)             ; 0 (0)                     ; 0           ; 0            ; 0       ; 0         ; 0    ; 0            ; |processor|ALU:alu_comp|eightBitComparator:comparator_zero|oneBitComparator:comp0                                                              ; oneBitComparator    ; work         ;
;       |mux_5x1:mux|                              ; 166 (166)           ; 0 (0)                     ; 0           ; 0            ; 0       ; 0         ; 0    ; 0            ; |processor|ALU:alu_comp|mux_5x1:mux                                                                                                            ; mux_5x1             ; work         ;
;    |ALUcontrolblock:ALU_control|                 ; 3 (3)               ; 0 (0)                     ; 0           ; 0            ; 0       ; 0         ; 0    ; 0            ; |processor|ALUcontrolblock:ALU_control                                                                                                         ; ALUcontrolblock     ; work         ;
;    |ControlLogicUnit:Control|                    ; 6 (6)               ; 0 (0)                     ; 0           ; 0            ; 0       ; 0         ; 0    ; 0            ; |processor|ControlLogicUnit:Control                                                                                                            ; ControlLogicUnit    ; work         ;
;    |EX_MEM:exmem|                                ; 0 (0)               ; 80 (0)                    ; 0           ; 0            ; 0       ; 0         ; 0    ; 0            ; |processor|EX_MEM:exmem                                                                                                                        ; EX_MEM              ; work         ;
;       |Register_32bits:alu_output|               ; 0 (0)               ; 32 (0)                    ; 0           ; 0            ; 0       ; 0         ; 0    ; 0            ; |processor|EX_MEM:exmem|Register_32bits:alu_output                                                                                             ; Register_32bits     ; work         ;
;          |Rf_Register_8bits:register_component|  ; 0 (0)               ; 32 (0)                    ; 0           ; 0            ; 0       ; 0         ; 0    ; 0            ; |processor|EX_MEM:exmem|Register_32bits:alu_output|Rf_Register_8bits:register_component                                                        ; Rf_Register_8bits   ; work         ;
;             |enARdFF_2:b0|                       ; 0 (0)               ; 1 (1)                     ; 0           ; 0            ; 0       ; 0         ; 0    ; 0            ; |processor|EX_MEM:exmem|Register_32bits:alu_output|Rf_Register_8bits:register_component|enARdFF_2:b0                                           ; enARdFF_2           ; work         ;
;             |enARdFF_2:b10|                      ; 0 (0)               ; 1 (1)                     ; 0           ; 0            ; 0       ; 0         ; 0    ; 0            ; |processor|EX_MEM:exmem|Register_32bits:alu_output|Rf_Register_8bits:register_component|enARdFF_2:b10                                          ; enARdFF_2           ; work         ;
;             |enARdFF_2:b11|                      ; 0 (0)               ; 1 (1)                     ; 0           ; 0            ; 0       ; 0         ; 0    ; 0            ; |processor|EX_MEM:exmem|Register_32bits:alu_output|Rf_Register_8bits:register_component|enARdFF_2:b11                                          ; enARdFF_2           ; work         ;
;             |enARdFF_2:b12|                      ; 0 (0)               ; 1 (1)                     ; 0           ; 0            ; 0       ; 0         ; 0    ; 0            ; |processor|EX_MEM:exmem|Register_32bits:alu_output|Rf_Register_8bits:register_component|enARdFF_2:b12                                          ; enARdFF_2           ; work         ;
;             |enARdFF_2:b13|                      ; 0 (0)               ; 1 (1)                     ; 0           ; 0            ; 0       ; 0         ; 0    ; 0            ; |processor|EX_MEM:exmem|Register_32bits:alu_output|Rf_Register_8bits:register_component|enARdFF_2:b13                                          ; enARdFF_2           ; work         ;
;             |enARdFF_2:b14|                      ; 0 (0)               ; 1 (1)                     ; 0           ; 0            ; 0       ; 0         ; 0    ; 0            ; |processor|EX_MEM:exmem|Register_32bits:alu_output|Rf_Register_8bits:register_component|enARdFF_2:b14                                          ; enARdFF_2           ; work         ;
;             |enARdFF_2:b15|                      ; 0 (0)               ; 1 (1)                     ; 0           ; 0            ; 0       ; 0         ; 0    ; 0            ; |processor|EX_MEM:exmem|Register_32bits:alu_output|Rf_Register_8bits:register_component|enARdFF_2:b15                                          ; enARdFF_2           ; work         ;
;             |enARdFF_2:b16|                      ; 0 (0)               ; 1 (1)                     ; 0           ; 0            ; 0       ; 0         ; 0    ; 0            ; |processor|EX_MEM:exmem|Register_32bits:alu_output|Rf_Register_8bits:register_component|enARdFF_2:b16                                          ; enARdFF_2           ; work         ;
;             |enARdFF_2:b17|                      ; 0 (0)               ; 1 (1)                     ; 0           ; 0            ; 0       ; 0         ; 0    ; 0            ; |processor|EX_MEM:exmem|Register_32bits:alu_output|Rf_Register_8bits:register_component|enARdFF_2:b17                                          ; enARdFF_2           ; work         ;
;             |enARdFF_2:b18|                      ; 0 (0)               ; 1 (1)                     ; 0           ; 0            ; 0       ; 0         ; 0    ; 0            ; |processor|EX_MEM:exmem|Register_32bits:alu_output|Rf_Register_8bits:register_component|enARdFF_2:b18                                          ; enARdFF_2           ; work         ;
;             |enARdFF_2:b19|                      ; 0 (0)               ; 1 (1)                     ; 0           ; 0            ; 0       ; 0         ; 0    ; 0            ; |processor|EX_MEM:exmem|Register_32bits:alu_output|Rf_Register_8bits:register_component|enARdFF_2:b19                                          ; enARdFF_2           ; work         ;
;             |enARdFF_2:b1|                       ; 0 (0)               ; 1 (1)                     ; 0           ; 0            ; 0       ; 0         ; 0    ; 0            ; |processor|EX_MEM:exmem|Register_32bits:alu_output|Rf_Register_8bits:register_component|enARdFF_2:b1                                           ; enARdFF_2           ; work         ;
;             |enARdFF_2:b20|                      ; 0 (0)               ; 1 (1)                     ; 0           ; 0            ; 0       ; 0         ; 0    ; 0            ; |processor|EX_MEM:exmem|Register_32bits:alu_output|Rf_Register_8bits:register_component|enARdFF_2:b20                                          ; enARdFF_2           ; work         ;
;             |enARdFF_2:b21|                      ; 0 (0)               ; 1 (1)                     ; 0           ; 0            ; 0       ; 0         ; 0    ; 0            ; |processor|EX_MEM:exmem|Register_32bits:alu_output|Rf_Register_8bits:register_component|enARdFF_2:b21                                          ; enARdFF_2           ; work         ;
;             |enARdFF_2:b22|                      ; 0 (0)               ; 1 (1)                     ; 0           ; 0            ; 0       ; 0         ; 0    ; 0            ; |processor|EX_MEM:exmem|Register_32bits:alu_output|Rf_Register_8bits:register_component|enARdFF_2:b22                                          ; enARdFF_2           ; work         ;
;             |enARdFF_2:b23|                      ; 0 (0)               ; 1 (1)                     ; 0           ; 0            ; 0       ; 0         ; 0    ; 0            ; |processor|EX_MEM:exmem|Register_32bits:alu_output|Rf_Register_8bits:register_component|enARdFF_2:b23                                          ; enARdFF_2           ; work         ;
;             |enARdFF_2:b24|                      ; 0 (0)               ; 1 (1)                     ; 0           ; 0            ; 0       ; 0         ; 0    ; 0            ; |processor|EX_MEM:exmem|Register_32bits:alu_output|Rf_Register_8bits:register_component|enARdFF_2:b24                                          ; enARdFF_2           ; work         ;
;             |enARdFF_2:b25|                      ; 0 (0)               ; 1 (1)                     ; 0           ; 0            ; 0       ; 0         ; 0    ; 0            ; |processor|EX_MEM:exmem|Register_32bits:alu_output|Rf_Register_8bits:register_component|enARdFF_2:b25                                          ; enARdFF_2           ; work         ;
;             |enARdFF_2:b26|                      ; 0 (0)               ; 1 (1)                     ; 0           ; 0            ; 0       ; 0         ; 0    ; 0            ; |processor|EX_MEM:exmem|Register_32bits:alu_output|Rf_Register_8bits:register_component|enARdFF_2:b26                                          ; enARdFF_2           ; work         ;
;             |enARdFF_2:b27|                      ; 0 (0)               ; 1 (1)                     ; 0           ; 0            ; 0       ; 0         ; 0    ; 0            ; |processor|EX_MEM:exmem|Register_32bits:alu_output|Rf_Register_8bits:register_component|enARdFF_2:b27                                          ; enARdFF_2           ; work         ;
;             |enARdFF_2:b28|                      ; 0 (0)               ; 1 (1)                     ; 0           ; 0            ; 0       ; 0         ; 0    ; 0            ; |processor|EX_MEM:exmem|Register_32bits:alu_output|Rf_Register_8bits:register_component|enARdFF_2:b28                                          ; enARdFF_2           ; work         ;
;             |enARdFF_2:b29|                      ; 0 (0)               ; 1 (1)                     ; 0           ; 0            ; 0       ; 0         ; 0    ; 0            ; |processor|EX_MEM:exmem|Register_32bits:alu_output|Rf_Register_8bits:register_component|enARdFF_2:b29                                          ; enARdFF_2           ; work         ;
;             |enARdFF_2:b2|                       ; 0 (0)               ; 1 (1)                     ; 0           ; 0            ; 0       ; 0         ; 0    ; 0            ; |processor|EX_MEM:exmem|Register_32bits:alu_output|Rf_Register_8bits:register_component|enARdFF_2:b2                                           ; enARdFF_2           ; work         ;
;             |enARdFF_2:b30|                      ; 0 (0)               ; 1 (1)                     ; 0           ; 0            ; 0       ; 0         ; 0    ; 0            ; |processor|EX_MEM:exmem|Register_32bits:alu_output|Rf_Register_8bits:register_component|enARdFF_2:b30                                          ; enARdFF_2           ; work         ;
;             |enARdFF_2:b31|                      ; 0 (0)               ; 1 (1)                     ; 0           ; 0            ; 0       ; 0         ; 0    ; 0            ; |processor|EX_MEM:exmem|Register_32bits:alu_output|Rf_Register_8bits:register_component|enARdFF_2:b31                                          ; enARdFF_2           ; work         ;
;             |enARdFF_2:b3|                       ; 0 (0)               ; 1 (1)                     ; 0           ; 0            ; 0       ; 0         ; 0    ; 0            ; |processor|EX_MEM:exmem|Register_32bits:alu_output|Rf_Register_8bits:register_component|enARdFF_2:b3                                           ; enARdFF_2           ; work         ;
;             |enARdFF_2:b4|                       ; 0 (0)               ; 1 (1)                     ; 0           ; 0            ; 0       ; 0         ; 0    ; 0            ; |processor|EX_MEM:exmem|Register_32bits:alu_output|Rf_Register_8bits:register_component|enARdFF_2:b4                                           ; enARdFF_2           ; work         ;
;             |enARdFF_2:b5|                       ; 0 (0)               ; 1 (1)                     ; 0           ; 0            ; 0       ; 0         ; 0    ; 0            ; |processor|EX_MEM:exmem|Register_32bits:alu_output|Rf_Register_8bits:register_component|enARdFF_2:b5                                           ; enARdFF_2           ; work         ;
;             |enARdFF_2:b6|                       ; 0 (0)               ; 1 (1)                     ; 0           ; 0            ; 0       ; 0         ; 0    ; 0            ; |processor|EX_MEM:exmem|Register_32bits:alu_output|Rf_Register_8bits:register_component|enARdFF_2:b6                                           ; enARdFF_2           ; work         ;
;             |enARdFF_2:b7|                       ; 0 (0)               ; 1 (1)                     ; 0           ; 0            ; 0       ; 0         ; 0    ; 0            ; |processor|EX_MEM:exmem|Register_32bits:alu_output|Rf_Register_8bits:register_component|enARdFF_2:b7                                           ; enARdFF_2           ; work         ;
;             |enARdFF_2:b8|                       ; 0 (0)               ; 1 (1)                     ; 0           ; 0            ; 0       ; 0         ; 0    ; 0            ; |processor|EX_MEM:exmem|Register_32bits:alu_output|Rf_Register_8bits:register_component|enARdFF_2:b8                                           ; enARdFF_2           ; work         ;
;             |enARdFF_2:b9|                       ; 0 (0)               ; 1 (1)                     ; 0           ; 0            ; 0       ; 0         ; 0    ; 0            ; |processor|EX_MEM:exmem|Register_32bits:alu_output|Rf_Register_8bits:register_component|enARdFF_2:b9                                           ; enARdFF_2           ; work         ;
;       |Register_32bits:instruction_val|          ; 0 (0)               ; 32 (0)                    ; 0           ; 0            ; 0       ; 0         ; 0    ; 0            ; |processor|EX_MEM:exmem|Register_32bits:instruction_val                                                                                        ; Register_32bits     ; work         ;
;          |Rf_Register_8bits:register_component|  ; 0 (0)               ; 32 (0)                    ; 0           ; 0            ; 0       ; 0         ; 0    ; 0            ; |processor|EX_MEM:exmem|Register_32bits:instruction_val|Rf_Register_8bits:register_component                                                   ; Rf_Register_8bits   ; work         ;
;             |enARdFF_2:b0|                       ; 0 (0)               ; 1 (1)                     ; 0           ; 0            ; 0       ; 0         ; 0    ; 0            ; |processor|EX_MEM:exmem|Register_32bits:instruction_val|Rf_Register_8bits:register_component|enARdFF_2:b0                                      ; enARdFF_2           ; work         ;
;             |enARdFF_2:b10|                      ; 0 (0)               ; 1 (1)                     ; 0           ; 0            ; 0       ; 0         ; 0    ; 0            ; |processor|EX_MEM:exmem|Register_32bits:instruction_val|Rf_Register_8bits:register_component|enARdFF_2:b10                                     ; enARdFF_2           ; work         ;
;             |enARdFF_2:b11|                      ; 0 (0)               ; 1 (1)                     ; 0           ; 0            ; 0       ; 0         ; 0    ; 0            ; |processor|EX_MEM:exmem|Register_32bits:instruction_val|Rf_Register_8bits:register_component|enARdFF_2:b11                                     ; enARdFF_2           ; work         ;
;             |enARdFF_2:b12|                      ; 0 (0)               ; 1 (1)                     ; 0           ; 0            ; 0       ; 0         ; 0    ; 0            ; |processor|EX_MEM:exmem|Register_32bits:instruction_val|Rf_Register_8bits:register_component|enARdFF_2:b12                                     ; enARdFF_2           ; work         ;
;             |enARdFF_2:b13|                      ; 0 (0)               ; 1 (1)                     ; 0           ; 0            ; 0       ; 0         ; 0    ; 0            ; |processor|EX_MEM:exmem|Register_32bits:instruction_val|Rf_Register_8bits:register_component|enARdFF_2:b13                                     ; enARdFF_2           ; work         ;
;             |enARdFF_2:b14|                      ; 0 (0)               ; 1 (1)                     ; 0           ; 0            ; 0       ; 0         ; 0    ; 0            ; |processor|EX_MEM:exmem|Register_32bits:instruction_val|Rf_Register_8bits:register_component|enARdFF_2:b14                                     ; enARdFF_2           ; work         ;
;             |enARdFF_2:b15|                      ; 0 (0)               ; 1 (1)                     ; 0           ; 0            ; 0       ; 0         ; 0    ; 0            ; |processor|EX_MEM:exmem|Register_32bits:instruction_val|Rf_Register_8bits:register_component|enARdFF_2:b15                                     ; enARdFF_2           ; work         ;
;             |enARdFF_2:b16|                      ; 0 (0)               ; 1 (1)                     ; 0           ; 0            ; 0       ; 0         ; 0    ; 0            ; |processor|EX_MEM:exmem|Register_32bits:instruction_val|Rf_Register_8bits:register_component|enARdFF_2:b16                                     ; enARdFF_2           ; work         ;
;             |enARdFF_2:b17|                      ; 0 (0)               ; 1 (1)                     ; 0           ; 0            ; 0       ; 0         ; 0    ; 0            ; |processor|EX_MEM:exmem|Register_32bits:instruction_val|Rf_Register_8bits:register_component|enARdFF_2:b17                                     ; enARdFF_2           ; work         ;
;             |enARdFF_2:b18|                      ; 0 (0)               ; 1 (1)                     ; 0           ; 0            ; 0       ; 0         ; 0    ; 0            ; |processor|EX_MEM:exmem|Register_32bits:instruction_val|Rf_Register_8bits:register_component|enARdFF_2:b18                                     ; enARdFF_2           ; work         ;
;             |enARdFF_2:b19|                      ; 0 (0)               ; 1 (1)                     ; 0           ; 0            ; 0       ; 0         ; 0    ; 0            ; |processor|EX_MEM:exmem|Register_32bits:instruction_val|Rf_Register_8bits:register_component|enARdFF_2:b19                                     ; enARdFF_2           ; work         ;
;             |enARdFF_2:b1|                       ; 0 (0)               ; 1 (1)                     ; 0           ; 0            ; 0       ; 0         ; 0    ; 0            ; |processor|EX_MEM:exmem|Register_32bits:instruction_val|Rf_Register_8bits:register_component|enARdFF_2:b1                                      ; enARdFF_2           ; work         ;
;             |enARdFF_2:b20|                      ; 0 (0)               ; 1 (1)                     ; 0           ; 0            ; 0       ; 0         ; 0    ; 0            ; |processor|EX_MEM:exmem|Register_32bits:instruction_val|Rf_Register_8bits:register_component|enARdFF_2:b20                                     ; enARdFF_2           ; work         ;
;             |enARdFF_2:b21|                      ; 0 (0)               ; 1 (1)                     ; 0           ; 0            ; 0       ; 0         ; 0    ; 0            ; |processor|EX_MEM:exmem|Register_32bits:instruction_val|Rf_Register_8bits:register_component|enARdFF_2:b21                                     ; enARdFF_2           ; work         ;
;             |enARdFF_2:b22|                      ; 0 (0)               ; 1 (1)                     ; 0           ; 0            ; 0       ; 0         ; 0    ; 0            ; |processor|EX_MEM:exmem|Register_32bits:instruction_val|Rf_Register_8bits:register_component|enARdFF_2:b22                                     ; enARdFF_2           ; work         ;
;             |enARdFF_2:b23|                      ; 0 (0)               ; 1 (1)                     ; 0           ; 0            ; 0       ; 0         ; 0    ; 0            ; |processor|EX_MEM:exmem|Register_32bits:instruction_val|Rf_Register_8bits:register_component|enARdFF_2:b23                                     ; enARdFF_2           ; work         ;
;             |enARdFF_2:b24|                      ; 0 (0)               ; 1 (1)                     ; 0           ; 0            ; 0       ; 0         ; 0    ; 0            ; |processor|EX_MEM:exmem|Register_32bits:instruction_val|Rf_Register_8bits:register_component|enARdFF_2:b24                                     ; enARdFF_2           ; work         ;
;             |enARdFF_2:b25|                      ; 0 (0)               ; 1 (1)                     ; 0           ; 0            ; 0       ; 0         ; 0    ; 0            ; |processor|EX_MEM:exmem|Register_32bits:instruction_val|Rf_Register_8bits:register_component|enARdFF_2:b25                                     ; enARdFF_2           ; work         ;
;             |enARdFF_2:b26|                      ; 0 (0)               ; 1 (1)                     ; 0           ; 0            ; 0       ; 0         ; 0    ; 0            ; |processor|EX_MEM:exmem|Register_32bits:instruction_val|Rf_Register_8bits:register_component|enARdFF_2:b26                                     ; enARdFF_2           ; work         ;
;             |enARdFF_2:b27|                      ; 0 (0)               ; 1 (1)                     ; 0           ; 0            ; 0       ; 0         ; 0    ; 0            ; |processor|EX_MEM:exmem|Register_32bits:instruction_val|Rf_Register_8bits:register_component|enARdFF_2:b27                                     ; enARdFF_2           ; work         ;
;             |enARdFF_2:b28|                      ; 0 (0)               ; 1 (1)                     ; 0           ; 0            ; 0       ; 0         ; 0    ; 0            ; |processor|EX_MEM:exmem|Register_32bits:instruction_val|Rf_Register_8bits:register_component|enARdFF_2:b28                                     ; enARdFF_2           ; work         ;
;             |enARdFF_2:b29|                      ; 0 (0)               ; 1 (1)                     ; 0           ; 0            ; 0       ; 0         ; 0    ; 0            ; |processor|EX_MEM:exmem|Register_32bits:instruction_val|Rf_Register_8bits:register_component|enARdFF_2:b29                                     ; enARdFF_2           ; work         ;
;             |enARdFF_2:b2|                       ; 0 (0)               ; 1 (1)                     ; 0           ; 0            ; 0       ; 0         ; 0    ; 0            ; |processor|EX_MEM:exmem|Register_32bits:instruction_val|Rf_Register_8bits:register_component|enARdFF_2:b2                                      ; enARdFF_2           ; work         ;
;             |enARdFF_2:b30|                      ; 0 (0)               ; 1 (1)                     ; 0           ; 0            ; 0       ; 0         ; 0    ; 0            ; |processor|EX_MEM:exmem|Register_32bits:instruction_val|Rf_Register_8bits:register_component|enARdFF_2:b30                                     ; enARdFF_2           ; work         ;
;             |enARdFF_2:b31|                      ; 0 (0)               ; 1 (1)                     ; 0           ; 0            ; 0       ; 0         ; 0    ; 0            ; |processor|EX_MEM:exmem|Register_32bits:instruction_val|Rf_Register_8bits:register_component|enARdFF_2:b31                                     ; enARdFF_2           ; work         ;
;             |enARdFF_2:b3|                       ; 0 (0)               ; 1 (1)                     ; 0           ; 0            ; 0       ; 0         ; 0    ; 0            ; |processor|EX_MEM:exmem|Register_32bits:instruction_val|Rf_Register_8bits:register_component|enARdFF_2:b3                                      ; enARdFF_2           ; work         ;
;             |enARdFF_2:b4|                       ; 0 (0)               ; 1 (1)                     ; 0           ; 0            ; 0       ; 0         ; 0    ; 0            ; |processor|EX_MEM:exmem|Register_32bits:instruction_val|Rf_Register_8bits:register_component|enARdFF_2:b4                                      ; enARdFF_2           ; work         ;
;             |enARdFF_2:b5|                       ; 0 (0)               ; 1 (1)                     ; 0           ; 0            ; 0       ; 0         ; 0    ; 0            ; |processor|EX_MEM:exmem|Register_32bits:instruction_val|Rf_Register_8bits:register_component|enARdFF_2:b5                                      ; enARdFF_2           ; work         ;
;             |enARdFF_2:b6|                       ; 0 (0)               ; 1 (1)                     ; 0           ; 0            ; 0       ; 0         ; 0    ; 0            ; |processor|EX_MEM:exmem|Register_32bits:instruction_val|Rf_Register_8bits:register_component|enARdFF_2:b6                                      ; enARdFF_2           ; work         ;
;             |enARdFF_2:b7|                       ; 0 (0)               ; 1 (1)                     ; 0           ; 0            ; 0       ; 0         ; 0    ; 0            ; |processor|EX_MEM:exmem|Register_32bits:instruction_val|Rf_Register_8bits:register_component|enARdFF_2:b7                                      ; enARdFF_2           ; work         ;
;             |enARdFF_2:b8|                       ; 0 (0)               ; 1 (1)                     ; 0           ; 0            ; 0       ; 0         ; 0    ; 0            ; |processor|EX_MEM:exmem|Register_32bits:instruction_val|Rf_Register_8bits:register_component|enARdFF_2:b8                                      ; enARdFF_2           ; work         ;
;             |enARdFF_2:b9|                       ; 0 (0)               ; 1 (1)                     ; 0           ; 0            ; 0       ; 0         ; 0    ; 0            ; |processor|EX_MEM:exmem|Register_32bits:instruction_val|Rf_Register_8bits:register_component|enARdFF_2:b9                                      ; enARdFF_2           ; work         ;
;       |Register_32bits:ram_address|              ; 0 (0)               ; 8 (0)                     ; 0           ; 0            ; 0       ; 0         ; 0    ; 0            ; |processor|EX_MEM:exmem|Register_32bits:ram_address                                                                                            ; Register_32bits     ; work         ;
;          |Rf_Register_8bits:register_component|  ; 0 (0)               ; 8 (0)                     ; 0           ; 0            ; 0       ; 0         ; 0    ; 0            ; |processor|EX_MEM:exmem|Register_32bits:ram_address|Rf_Register_8bits:register_component                                                       ; Rf_Register_8bits   ; work         ;
;             |enARdFF_2:b0|                       ; 0 (0)               ; 1 (1)                     ; 0           ; 0            ; 0       ; 0         ; 0    ; 0            ; |processor|EX_MEM:exmem|Register_32bits:ram_address|Rf_Register_8bits:register_component|enARdFF_2:b0                                          ; enARdFF_2           ; work         ;
;             |enARdFF_2:b1|                       ; 0 (0)               ; 1 (1)                     ; 0           ; 0            ; 0       ; 0         ; 0    ; 0            ; |processor|EX_MEM:exmem|Register_32bits:ram_address|Rf_Register_8bits:register_component|enARdFF_2:b1                                          ; enARdFF_2           ; work         ;
;             |enARdFF_2:b2|                       ; 0 (0)               ; 1 (1)                     ; 0           ; 0            ; 0       ; 0         ; 0    ; 0            ; |processor|EX_MEM:exmem|Register_32bits:ram_address|Rf_Register_8bits:register_component|enARdFF_2:b2                                          ; enARdFF_2           ; work         ;
;             |enARdFF_2:b3|                       ; 0 (0)               ; 1 (1)                     ; 0           ; 0            ; 0       ; 0         ; 0    ; 0            ; |processor|EX_MEM:exmem|Register_32bits:ram_address|Rf_Register_8bits:register_component|enARdFF_2:b3                                          ; enARdFF_2           ; work         ;
;             |enARdFF_2:b4|                       ; 0 (0)               ; 1 (1)                     ; 0           ; 0            ; 0       ; 0         ; 0    ; 0            ; |processor|EX_MEM:exmem|Register_32bits:ram_address|Rf_Register_8bits:register_component|enARdFF_2:b4                                          ; enARdFF_2           ; work         ;
;             |enARdFF_2:b5|                       ; 0 (0)               ; 1 (1)                     ; 0           ; 0            ; 0       ; 0         ; 0    ; 0            ; |processor|EX_MEM:exmem|Register_32bits:ram_address|Rf_Register_8bits:register_component|enARdFF_2:b5                                          ; enARdFF_2           ; work         ;
;             |enARdFF_2:b6|                       ; 0 (0)               ; 1 (1)                     ; 0           ; 0            ; 0       ; 0         ; 0    ; 0            ; |processor|EX_MEM:exmem|Register_32bits:ram_address|Rf_Register_8bits:register_component|enARdFF_2:b6                                          ; enARdFF_2           ; work         ;
;             |enARdFF_2:b7|                       ; 0 (0)               ; 1 (1)                     ; 0           ; 0            ; 0       ; 0         ; 0    ; 0            ; |processor|EX_MEM:exmem|Register_32bits:ram_address|Rf_Register_8bits:register_component|enARdFF_2:b7                                          ; enARdFF_2           ; work         ;
;       |Register_5bits:control_signals|           ; 0 (0)               ; 3 (0)                     ; 0           ; 0            ; 0       ; 0         ; 0    ; 0            ; |processor|EX_MEM:exmem|Register_5bits:control_signals                                                                                         ; Register_5bits      ; work         ;
;          |enARdFF_2:b0|                          ; 0 (0)               ; 1 (1)                     ; 0           ; 0            ; 0       ; 0         ; 0    ; 0            ; |processor|EX_MEM:exmem|Register_5bits:control_signals|enARdFF_2:b0                                                                            ; enARdFF_2           ; work         ;
;          |enARdFF_2:b1|                          ; 0 (0)               ; 1 (1)                     ; 0           ; 0            ; 0       ; 0         ; 0    ; 0            ; |processor|EX_MEM:exmem|Register_5bits:control_signals|enARdFF_2:b1                                                                            ; enARdFF_2           ; work         ;
;          |enARdFF_2:b2|                          ; 0 (0)               ; 1 (1)                     ; 0           ; 0            ; 0       ; 0         ; 0    ; 0            ; |processor|EX_MEM:exmem|Register_5bits:control_signals|enARdFF_2:b2                                                                            ; enARdFF_2           ; work         ;
;       |Register_5bits:rd|                        ; 0 (0)               ; 5 (0)                     ; 0           ; 0            ; 0       ; 0         ; 0    ; 0            ; |processor|EX_MEM:exmem|Register_5bits:rd                                                                                                      ; Register_5bits      ; work         ;
;          |enARdFF_2:b0|                          ; 0 (0)               ; 1 (1)                     ; 0           ; 0            ; 0       ; 0         ; 0    ; 0            ; |processor|EX_MEM:exmem|Register_5bits:rd|enARdFF_2:b0                                                                                         ; enARdFF_2           ; work         ;
;          |enARdFF_2:b1|                          ; 0 (0)               ; 1 (1)                     ; 0           ; 0            ; 0       ; 0         ; 0    ; 0            ; |processor|EX_MEM:exmem|Register_5bits:rd|enARdFF_2:b1                                                                                         ; enARdFF_2           ; work         ;
;          |enARdFF_2:b2|                          ; 0 (0)               ; 1 (1)                     ; 0           ; 0            ; 0       ; 0         ; 0    ; 0            ; |processor|EX_MEM:exmem|Register_5bits:rd|enARdFF_2:b2                                                                                         ; enARdFF_2           ; work         ;
;          |enARdFF_2:b3|                          ; 0 (0)               ; 1 (1)                     ; 0           ; 0            ; 0       ; 0         ; 0    ; 0            ; |processor|EX_MEM:exmem|Register_5bits:rd|enARdFF_2:b3                                                                                         ; enARdFF_2           ; work         ;
;          |enARdFF_2:b4|                          ; 0 (0)               ; 1 (1)                     ; 0           ; 0            ; 0       ; 0         ; 0    ; 0            ; |processor|EX_MEM:exmem|Register_5bits:rd|enARdFF_2:b4                                                                                         ; enARdFF_2           ; work         ;
;    |ForwardingUnit:ForwardingUnit_comp|          ; 22 (21)             ; 0 (0)                     ; 0           ; 0            ; 0       ; 0         ; 0    ; 0            ; |processor|ForwardingUnit:ForwardingUnit_comp                                                                                                  ; ForwardingUnit      ; work         ;
;       |fiveBitComparator:eq_exmem_rd_0|          ; 1 (0)               ; 0 (0)                     ; 0           ; 0            ; 0       ; 0         ; 0    ; 0            ; |processor|ForwardingUnit:ForwardingUnit_comp|fiveBitComparator:eq_exmem_rd_0                                                                  ; fiveBitComparator   ; work         ;
;          |oneBitComparator:comp0|                ; 1 (1)               ; 0 (0)                     ; 0           ; 0            ; 0       ; 0         ; 0    ; 0            ; |processor|ForwardingUnit:ForwardingUnit_comp|fiveBitComparator:eq_exmem_rd_0|oneBitComparator:comp0                                           ; oneBitComparator    ; work         ;
;    |HazardDetectionUnit:Hazards|                 ; 21 (9)              ; 0 (0)                     ; 0           ; 0            ; 0       ; 0         ; 0    ; 0            ; |processor|HazardDetectionUnit:Hazards                                                                                                         ; HazardDetectionUnit ; work         ;
;       |fiveBitComparator:fiveBitComp_idexrt0|    ; 1 (0)               ; 0 (0)                     ; 0           ; 0            ; 0       ; 0         ; 0    ; 0            ; |processor|HazardDetectionUnit:Hazards|fiveBitComparator:fiveBitComp_idexrt0                                                                   ; fiveBitComparator   ; work         ;
;          |oneBitComparator:comp0|                ; 1 (1)               ; 0 (0)                     ; 0           ; 0            ; 0       ; 0         ; 0    ; 0            ; |processor|HazardDetectionUnit:Hazards|fiveBitComparator:fiveBitComp_idexrt0|oneBitComparator:comp0                                            ; oneBitComparator    ; work         ;
;       |fiveBitComparator:fiveBitComp_rsrt|       ; 5 (0)               ; 0 (0)                     ; 0           ; 0            ; 0       ; 0         ; 0    ; 0            ; |processor|HazardDetectionUnit:Hazards|fiveBitComparator:fiveBitComp_rsrt                                                                      ; fiveBitComparator   ; work         ;
;          |oneBitComparator:comp1|                ; 1 (1)               ; 0 (0)                     ; 0           ; 0            ; 0       ; 0         ; 0    ; 0            ; |processor|HazardDetectionUnit:Hazards|fiveBitComparator:fiveBitComp_rsrt|oneBitComparator:comp1                                               ; oneBitComparator    ; work         ;
;          |oneBitComparator:comp2|                ; 4 (4)               ; 0 (0)                     ; 0           ; 0            ; 0       ; 0         ; 0    ; 0            ; |processor|HazardDetectionUnit:Hazards|fiveBitComparator:fiveBitComp_rsrt|oneBitComparator:comp2                                               ; oneBitComparator    ; work         ;
;       |fiveBitComparator:fiveBitComp_rtrt|       ; 6 (1)               ; 0 (0)                     ; 0           ; 0            ; 0       ; 0         ; 0    ; 0            ; |processor|HazardDetectionUnit:Hazards|fiveBitComparator:fiveBitComp_rtrt                                                                      ; fiveBitComparator   ; work         ;
;          |oneBitComparator:comp1|                ; 1 (1)               ; 0 (0)                     ; 0           ; 0            ; 0       ; 0         ; 0    ; 0            ; |processor|HazardDetectionUnit:Hazards|fiveBitComparator:fiveBitComp_rtrt|oneBitComparator:comp1                                               ; oneBitComparator    ; work         ;
;          |oneBitComparator:comp2|                ; 4 (4)               ; 0 (0)                     ; 0           ; 0            ; 0       ; 0         ; 0    ; 0            ; |processor|HazardDetectionUnit:Hazards|fiveBitComparator:fiveBitComp_rtrt|oneBitComparator:comp2                                               ; oneBitComparator    ; work         ;
;    |ID_EX:ID_EX_register|                        ; 0 (0)               ; 102 (0)                   ; 0           ; 0            ; 0       ; 0         ; 0    ; 0            ; |processor|ID_EX:ID_EX_register                                                                                                                ; ID_EX               ; work         ;
;       |Register_32bits:instruction_val|          ; 0 (0)               ; 32 (0)                    ; 0           ; 0            ; 0       ; 0         ; 0    ; 0            ; |processor|ID_EX:ID_EX_register|Register_32bits:instruction_val                                                                                ; Register_32bits     ; work         ;
;          |Rf_Register_8bits:register_component|  ; 0 (0)               ; 32 (0)                    ; 0           ; 0            ; 0       ; 0         ; 0    ; 0            ; |processor|ID_EX:ID_EX_register|Register_32bits:instruction_val|Rf_Register_8bits:register_component                                           ; Rf_Register_8bits   ; work         ;
;             |enARdFF_2:b0|                       ; 0 (0)               ; 1 (1)                     ; 0           ; 0            ; 0       ; 0         ; 0    ; 0            ; |processor|ID_EX:ID_EX_register|Register_32bits:instruction_val|Rf_Register_8bits:register_component|enARdFF_2:b0                              ; enARdFF_2           ; work         ;
;             |enARdFF_2:b10|                      ; 0 (0)               ; 1 (1)                     ; 0           ; 0            ; 0       ; 0         ; 0    ; 0            ; |processor|ID_EX:ID_EX_register|Register_32bits:instruction_val|Rf_Register_8bits:register_component|enARdFF_2:b10                             ; enARdFF_2           ; work         ;
;             |enARdFF_2:b11|                      ; 0 (0)               ; 1 (1)                     ; 0           ; 0            ; 0       ; 0         ; 0    ; 0            ; |processor|ID_EX:ID_EX_register|Register_32bits:instruction_val|Rf_Register_8bits:register_component|enARdFF_2:b11                             ; enARdFF_2           ; work         ;
;             |enARdFF_2:b12|                      ; 0 (0)               ; 1 (1)                     ; 0           ; 0            ; 0       ; 0         ; 0    ; 0            ; |processor|ID_EX:ID_EX_register|Register_32bits:instruction_val|Rf_Register_8bits:register_component|enARdFF_2:b12                             ; enARdFF_2           ; work         ;
;             |enARdFF_2:b13|                      ; 0 (0)               ; 1 (1)                     ; 0           ; 0            ; 0       ; 0         ; 0    ; 0            ; |processor|ID_EX:ID_EX_register|Register_32bits:instruction_val|Rf_Register_8bits:register_component|enARdFF_2:b13                             ; enARdFF_2           ; work         ;
;             |enARdFF_2:b14|                      ; 0 (0)               ; 1 (1)                     ; 0           ; 0            ; 0       ; 0         ; 0    ; 0            ; |processor|ID_EX:ID_EX_register|Register_32bits:instruction_val|Rf_Register_8bits:register_component|enARdFF_2:b14                             ; enARdFF_2           ; work         ;
;             |enARdFF_2:b15|                      ; 0 (0)               ; 1 (1)                     ; 0           ; 0            ; 0       ; 0         ; 0    ; 0            ; |processor|ID_EX:ID_EX_register|Register_32bits:instruction_val|Rf_Register_8bits:register_component|enARdFF_2:b15                             ; enARdFF_2           ; work         ;
;             |enARdFF_2:b16|                      ; 0 (0)               ; 1 (1)                     ; 0           ; 0            ; 0       ; 0         ; 0    ; 0            ; |processor|ID_EX:ID_EX_register|Register_32bits:instruction_val|Rf_Register_8bits:register_component|enARdFF_2:b16                             ; enARdFF_2           ; work         ;
;             |enARdFF_2:b17|                      ; 0 (0)               ; 1 (1)                     ; 0           ; 0            ; 0       ; 0         ; 0    ; 0            ; |processor|ID_EX:ID_EX_register|Register_32bits:instruction_val|Rf_Register_8bits:register_component|enARdFF_2:b17                             ; enARdFF_2           ; work         ;
;             |enARdFF_2:b18|                      ; 0 (0)               ; 1 (1)                     ; 0           ; 0            ; 0       ; 0         ; 0    ; 0            ; |processor|ID_EX:ID_EX_register|Register_32bits:instruction_val|Rf_Register_8bits:register_component|enARdFF_2:b18                             ; enARdFF_2           ; work         ;
;             |enARdFF_2:b19|                      ; 0 (0)               ; 1 (1)                     ; 0           ; 0            ; 0       ; 0         ; 0    ; 0            ; |processor|ID_EX:ID_EX_register|Register_32bits:instruction_val|Rf_Register_8bits:register_component|enARdFF_2:b19                             ; enARdFF_2           ; work         ;
;             |enARdFF_2:b1|                       ; 0 (0)               ; 1 (1)                     ; 0           ; 0            ; 0       ; 0         ; 0    ; 0            ; |processor|ID_EX:ID_EX_register|Register_32bits:instruction_val|Rf_Register_8bits:register_component|enARdFF_2:b1                              ; enARdFF_2           ; work         ;
;             |enARdFF_2:b20|                      ; 0 (0)               ; 1 (1)                     ; 0           ; 0            ; 0       ; 0         ; 0    ; 0            ; |processor|ID_EX:ID_EX_register|Register_32bits:instruction_val|Rf_Register_8bits:register_component|enARdFF_2:b20                             ; enARdFF_2           ; work         ;
;             |enARdFF_2:b21|                      ; 0 (0)               ; 1 (1)                     ; 0           ; 0            ; 0       ; 0         ; 0    ; 0            ; |processor|ID_EX:ID_EX_register|Register_32bits:instruction_val|Rf_Register_8bits:register_component|enARdFF_2:b21                             ; enARdFF_2           ; work         ;
;             |enARdFF_2:b22|                      ; 0 (0)               ; 1 (1)                     ; 0           ; 0            ; 0       ; 0         ; 0    ; 0            ; |processor|ID_EX:ID_EX_register|Register_32bits:instruction_val|Rf_Register_8bits:register_component|enARdFF_2:b22                             ; enARdFF_2           ; work         ;
;             |enARdFF_2:b23|                      ; 0 (0)               ; 1 (1)                     ; 0           ; 0            ; 0       ; 0         ; 0    ; 0            ; |processor|ID_EX:ID_EX_register|Register_32bits:instruction_val|Rf_Register_8bits:register_component|enARdFF_2:b23                             ; enARdFF_2           ; work         ;
;             |enARdFF_2:b24|                      ; 0 (0)               ; 1 (1)                     ; 0           ; 0            ; 0       ; 0         ; 0    ; 0            ; |processor|ID_EX:ID_EX_register|Register_32bits:instruction_val|Rf_Register_8bits:register_component|enARdFF_2:b24                             ; enARdFF_2           ; work         ;
;             |enARdFF_2:b25|                      ; 0 (0)               ; 1 (1)                     ; 0           ; 0            ; 0       ; 0         ; 0    ; 0            ; |processor|ID_EX:ID_EX_register|Register_32bits:instruction_val|Rf_Register_8bits:register_component|enARdFF_2:b25                             ; enARdFF_2           ; work         ;
;             |enARdFF_2:b26|                      ; 0 (0)               ; 1 (1)                     ; 0           ; 0            ; 0       ; 0         ; 0    ; 0            ; |processor|ID_EX:ID_EX_register|Register_32bits:instruction_val|Rf_Register_8bits:register_component|enARdFF_2:b26                             ; enARdFF_2           ; work         ;
;             |enARdFF_2:b27|                      ; 0 (0)               ; 1 (1)                     ; 0           ; 0            ; 0       ; 0         ; 0    ; 0            ; |processor|ID_EX:ID_EX_register|Register_32bits:instruction_val|Rf_Register_8bits:register_component|enARdFF_2:b27                             ; enARdFF_2           ; work         ;
;             |enARdFF_2:b28|                      ; 0 (0)               ; 1 (1)                     ; 0           ; 0            ; 0       ; 0         ; 0    ; 0            ; |processor|ID_EX:ID_EX_register|Register_32bits:instruction_val|Rf_Register_8bits:register_component|enARdFF_2:b28                             ; enARdFF_2           ; work         ;
;             |enARdFF_2:b29|                      ; 0 (0)               ; 1 (1)                     ; 0           ; 0            ; 0       ; 0         ; 0    ; 0            ; |processor|ID_EX:ID_EX_register|Register_32bits:instruction_val|Rf_Register_8bits:register_component|enARdFF_2:b29                             ; enARdFF_2           ; work         ;
;             |enARdFF_2:b2|                       ; 0 (0)               ; 1 (1)                     ; 0           ; 0            ; 0       ; 0         ; 0    ; 0            ; |processor|ID_EX:ID_EX_register|Register_32bits:instruction_val|Rf_Register_8bits:register_component|enARdFF_2:b2                              ; enARdFF_2           ; work         ;
;             |enARdFF_2:b30|                      ; 0 (0)               ; 1 (1)                     ; 0           ; 0            ; 0       ; 0         ; 0    ; 0            ; |processor|ID_EX:ID_EX_register|Register_32bits:instruction_val|Rf_Register_8bits:register_component|enARdFF_2:b30                             ; enARdFF_2           ; work         ;
;             |enARdFF_2:b31|                      ; 0 (0)               ; 1 (1)                     ; 0           ; 0            ; 0       ; 0         ; 0    ; 0            ; |processor|ID_EX:ID_EX_register|Register_32bits:instruction_val|Rf_Register_8bits:register_component|enARdFF_2:b31                             ; enARdFF_2           ; work         ;
;             |enARdFF_2:b3|                       ; 0 (0)               ; 1 (1)                     ; 0           ; 0            ; 0       ; 0         ; 0    ; 0            ; |processor|ID_EX:ID_EX_register|Register_32bits:instruction_val|Rf_Register_8bits:register_component|enARdFF_2:b3                              ; enARdFF_2           ; work         ;
;             |enARdFF_2:b4|                       ; 0 (0)               ; 1 (1)                     ; 0           ; 0            ; 0       ; 0         ; 0    ; 0            ; |processor|ID_EX:ID_EX_register|Register_32bits:instruction_val|Rf_Register_8bits:register_component|enARdFF_2:b4                              ; enARdFF_2           ; work         ;
;             |enARdFF_2:b5|                       ; 0 (0)               ; 1 (1)                     ; 0           ; 0            ; 0       ; 0         ; 0    ; 0            ; |processor|ID_EX:ID_EX_register|Register_32bits:instruction_val|Rf_Register_8bits:register_component|enARdFF_2:b5                              ; enARdFF_2           ; work         ;
;             |enARdFF_2:b6|                       ; 0 (0)               ; 1 (1)                     ; 0           ; 0            ; 0       ; 0         ; 0    ; 0            ; |processor|ID_EX:ID_EX_register|Register_32bits:instruction_val|Rf_Register_8bits:register_component|enARdFF_2:b6                              ; enARdFF_2           ; work         ;
;             |enARdFF_2:b7|                       ; 0 (0)               ; 1 (1)                     ; 0           ; 0            ; 0       ; 0         ; 0    ; 0            ; |processor|ID_EX:ID_EX_register|Register_32bits:instruction_val|Rf_Register_8bits:register_component|enARdFF_2:b7                              ; enARdFF_2           ; work         ;
;             |enARdFF_2:b8|                       ; 0 (0)               ; 1 (1)                     ; 0           ; 0            ; 0       ; 0         ; 0    ; 0            ; |processor|ID_EX:ID_EX_register|Register_32bits:instruction_val|Rf_Register_8bits:register_component|enARdFF_2:b8                              ; enARdFF_2           ; work         ;
;             |enARdFF_2:b9|                       ; 0 (0)               ; 1 (1)                     ; 0           ; 0            ; 0       ; 0         ; 0    ; 0            ; |processor|ID_EX:ID_EX_register|Register_32bits:instruction_val|Rf_Register_8bits:register_component|enARdFF_2:b9                              ; enARdFF_2           ; work         ;
;       |Register_32bits:read_data1_reg|           ; 0 (0)               ; 32 (0)                    ; 0           ; 0            ; 0       ; 0         ; 0    ; 0            ; |processor|ID_EX:ID_EX_register|Register_32bits:read_data1_reg                                                                                 ; Register_32bits     ; work         ;
;          |Rf_Register_8bits:register_component|  ; 0 (0)               ; 32 (0)                    ; 0           ; 0            ; 0       ; 0         ; 0    ; 0            ; |processor|ID_EX:ID_EX_register|Register_32bits:read_data1_reg|Rf_Register_8bits:register_component                                            ; Rf_Register_8bits   ; work         ;
;             |enARdFF_2:b0|                       ; 0 (0)               ; 1 (1)                     ; 0           ; 0            ; 0       ; 0         ; 0    ; 0            ; |processor|ID_EX:ID_EX_register|Register_32bits:read_data1_reg|Rf_Register_8bits:register_component|enARdFF_2:b0                               ; enARdFF_2           ; work         ;
;             |enARdFF_2:b10|                      ; 0 (0)               ; 1 (1)                     ; 0           ; 0            ; 0       ; 0         ; 0    ; 0            ; |processor|ID_EX:ID_EX_register|Register_32bits:read_data1_reg|Rf_Register_8bits:register_component|enARdFF_2:b10                              ; enARdFF_2           ; work         ;
;             |enARdFF_2:b11|                      ; 0 (0)               ; 1 (1)                     ; 0           ; 0            ; 0       ; 0         ; 0    ; 0            ; |processor|ID_EX:ID_EX_register|Register_32bits:read_data1_reg|Rf_Register_8bits:register_component|enARdFF_2:b11                              ; enARdFF_2           ; work         ;
;             |enARdFF_2:b12|                      ; 0 (0)               ; 1 (1)                     ; 0           ; 0            ; 0       ; 0         ; 0    ; 0            ; |processor|ID_EX:ID_EX_register|Register_32bits:read_data1_reg|Rf_Register_8bits:register_component|enARdFF_2:b12                              ; enARdFF_2           ; work         ;
;             |enARdFF_2:b13|                      ; 0 (0)               ; 1 (1)                     ; 0           ; 0            ; 0       ; 0         ; 0    ; 0            ; |processor|ID_EX:ID_EX_register|Register_32bits:read_data1_reg|Rf_Register_8bits:register_component|enARdFF_2:b13                              ; enARdFF_2           ; work         ;
;             |enARdFF_2:b14|                      ; 0 (0)               ; 1 (1)                     ; 0           ; 0            ; 0       ; 0         ; 0    ; 0            ; |processor|ID_EX:ID_EX_register|Register_32bits:read_data1_reg|Rf_Register_8bits:register_component|enARdFF_2:b14                              ; enARdFF_2           ; work         ;
;             |enARdFF_2:b15|                      ; 0 (0)               ; 1 (1)                     ; 0           ; 0            ; 0       ; 0         ; 0    ; 0            ; |processor|ID_EX:ID_EX_register|Register_32bits:read_data1_reg|Rf_Register_8bits:register_component|enARdFF_2:b15                              ; enARdFF_2           ; work         ;
;             |enARdFF_2:b16|                      ; 0 (0)               ; 1 (1)                     ; 0           ; 0            ; 0       ; 0         ; 0    ; 0            ; |processor|ID_EX:ID_EX_register|Register_32bits:read_data1_reg|Rf_Register_8bits:register_component|enARdFF_2:b16                              ; enARdFF_2           ; work         ;
;             |enARdFF_2:b17|                      ; 0 (0)               ; 1 (1)                     ; 0           ; 0            ; 0       ; 0         ; 0    ; 0            ; |processor|ID_EX:ID_EX_register|Register_32bits:read_data1_reg|Rf_Register_8bits:register_component|enARdFF_2:b17                              ; enARdFF_2           ; work         ;
;             |enARdFF_2:b18|                      ; 0 (0)               ; 1 (1)                     ; 0           ; 0            ; 0       ; 0         ; 0    ; 0            ; |processor|ID_EX:ID_EX_register|Register_32bits:read_data1_reg|Rf_Register_8bits:register_component|enARdFF_2:b18                              ; enARdFF_2           ; work         ;
;             |enARdFF_2:b19|                      ; 0 (0)               ; 1 (1)                     ; 0           ; 0            ; 0       ; 0         ; 0    ; 0            ; |processor|ID_EX:ID_EX_register|Register_32bits:read_data1_reg|Rf_Register_8bits:register_component|enARdFF_2:b19                              ; enARdFF_2           ; work         ;
;             |enARdFF_2:b1|                       ; 0 (0)               ; 1 (1)                     ; 0           ; 0            ; 0       ; 0         ; 0    ; 0            ; |processor|ID_EX:ID_EX_register|Register_32bits:read_data1_reg|Rf_Register_8bits:register_component|enARdFF_2:b1                               ; enARdFF_2           ; work         ;
;             |enARdFF_2:b20|                      ; 0 (0)               ; 1 (1)                     ; 0           ; 0            ; 0       ; 0         ; 0    ; 0            ; |processor|ID_EX:ID_EX_register|Register_32bits:read_data1_reg|Rf_Register_8bits:register_component|enARdFF_2:b20                              ; enARdFF_2           ; work         ;
;             |enARdFF_2:b21|                      ; 0 (0)               ; 1 (1)                     ; 0           ; 0            ; 0       ; 0         ; 0    ; 0            ; |processor|ID_EX:ID_EX_register|Register_32bits:read_data1_reg|Rf_Register_8bits:register_component|enARdFF_2:b21                              ; enARdFF_2           ; work         ;
;             |enARdFF_2:b22|                      ; 0 (0)               ; 1 (1)                     ; 0           ; 0            ; 0       ; 0         ; 0    ; 0            ; |processor|ID_EX:ID_EX_register|Register_32bits:read_data1_reg|Rf_Register_8bits:register_component|enARdFF_2:b22                              ; enARdFF_2           ; work         ;
;             |enARdFF_2:b23|                      ; 0 (0)               ; 1 (1)                     ; 0           ; 0            ; 0       ; 0         ; 0    ; 0            ; |processor|ID_EX:ID_EX_register|Register_32bits:read_data1_reg|Rf_Register_8bits:register_component|enARdFF_2:b23                              ; enARdFF_2           ; work         ;
;             |enARdFF_2:b24|                      ; 0 (0)               ; 1 (1)                     ; 0           ; 0            ; 0       ; 0         ; 0    ; 0            ; |processor|ID_EX:ID_EX_register|Register_32bits:read_data1_reg|Rf_Register_8bits:register_component|enARdFF_2:b24                              ; enARdFF_2           ; work         ;
;             |enARdFF_2:b25|                      ; 0 (0)               ; 1 (1)                     ; 0           ; 0            ; 0       ; 0         ; 0    ; 0            ; |processor|ID_EX:ID_EX_register|Register_32bits:read_data1_reg|Rf_Register_8bits:register_component|enARdFF_2:b25                              ; enARdFF_2           ; work         ;
;             |enARdFF_2:b26|                      ; 0 (0)               ; 1 (1)                     ; 0           ; 0            ; 0       ; 0         ; 0    ; 0            ; |processor|ID_EX:ID_EX_register|Register_32bits:read_data1_reg|Rf_Register_8bits:register_component|enARdFF_2:b26                              ; enARdFF_2           ; work         ;
;             |enARdFF_2:b27|                      ; 0 (0)               ; 1 (1)                     ; 0           ; 0            ; 0       ; 0         ; 0    ; 0            ; |processor|ID_EX:ID_EX_register|Register_32bits:read_data1_reg|Rf_Register_8bits:register_component|enARdFF_2:b27                              ; enARdFF_2           ; work         ;
;             |enARdFF_2:b28|                      ; 0 (0)               ; 1 (1)                     ; 0           ; 0            ; 0       ; 0         ; 0    ; 0            ; |processor|ID_EX:ID_EX_register|Register_32bits:read_data1_reg|Rf_Register_8bits:register_component|enARdFF_2:b28                              ; enARdFF_2           ; work         ;
;             |enARdFF_2:b29|                      ; 0 (0)               ; 1 (1)                     ; 0           ; 0            ; 0       ; 0         ; 0    ; 0            ; |processor|ID_EX:ID_EX_register|Register_32bits:read_data1_reg|Rf_Register_8bits:register_component|enARdFF_2:b29                              ; enARdFF_2           ; work         ;
;             |enARdFF_2:b2|                       ; 0 (0)               ; 1 (1)                     ; 0           ; 0            ; 0       ; 0         ; 0    ; 0            ; |processor|ID_EX:ID_EX_register|Register_32bits:read_data1_reg|Rf_Register_8bits:register_component|enARdFF_2:b2                               ; enARdFF_2           ; work         ;
;             |enARdFF_2:b30|                      ; 0 (0)               ; 1 (1)                     ; 0           ; 0            ; 0       ; 0         ; 0    ; 0            ; |processor|ID_EX:ID_EX_register|Register_32bits:read_data1_reg|Rf_Register_8bits:register_component|enARdFF_2:b30                              ; enARdFF_2           ; work         ;
;             |enARdFF_2:b31|                      ; 0 (0)               ; 1 (1)                     ; 0           ; 0            ; 0       ; 0         ; 0    ; 0            ; |processor|ID_EX:ID_EX_register|Register_32bits:read_data1_reg|Rf_Register_8bits:register_component|enARdFF_2:b31                              ; enARdFF_2           ; work         ;
;             |enARdFF_2:b3|                       ; 0 (0)               ; 1 (1)                     ; 0           ; 0            ; 0       ; 0         ; 0    ; 0            ; |processor|ID_EX:ID_EX_register|Register_32bits:read_data1_reg|Rf_Register_8bits:register_component|enARdFF_2:b3                               ; enARdFF_2           ; work         ;
;             |enARdFF_2:b4|                       ; 0 (0)               ; 1 (1)                     ; 0           ; 0            ; 0       ; 0         ; 0    ; 0            ; |processor|ID_EX:ID_EX_register|Register_32bits:read_data1_reg|Rf_Register_8bits:register_component|enARdFF_2:b4                               ; enARdFF_2           ; work         ;
;             |enARdFF_2:b5|                       ; 0 (0)               ; 1 (1)                     ; 0           ; 0            ; 0       ; 0         ; 0    ; 0            ; |processor|ID_EX:ID_EX_register|Register_32bits:read_data1_reg|Rf_Register_8bits:register_component|enARdFF_2:b5                               ; enARdFF_2           ; work         ;
;             |enARdFF_2:b6|                       ; 0 (0)               ; 1 (1)                     ; 0           ; 0            ; 0       ; 0         ; 0    ; 0            ; |processor|ID_EX:ID_EX_register|Register_32bits:read_data1_reg|Rf_Register_8bits:register_component|enARdFF_2:b6                               ; enARdFF_2           ; work         ;
;             |enARdFF_2:b7|                       ; 0 (0)               ; 1 (1)                     ; 0           ; 0            ; 0       ; 0         ; 0    ; 0            ; |processor|ID_EX:ID_EX_register|Register_32bits:read_data1_reg|Rf_Register_8bits:register_component|enARdFF_2:b7                               ; enARdFF_2           ; work         ;
;             |enARdFF_2:b8|                       ; 0 (0)               ; 1 (1)                     ; 0           ; 0            ; 0       ; 0         ; 0    ; 0            ; |processor|ID_EX:ID_EX_register|Register_32bits:read_data1_reg|Rf_Register_8bits:register_component|enARdFF_2:b8                               ; enARdFF_2           ; work         ;
;             |enARdFF_2:b9|                       ; 0 (0)               ; 1 (1)                     ; 0           ; 0            ; 0       ; 0         ; 0    ; 0            ; |processor|ID_EX:ID_EX_register|Register_32bits:read_data1_reg|Rf_Register_8bits:register_component|enARdFF_2:b9                               ; enARdFF_2           ; work         ;
;       |Register_32bits:read_data2_reg|           ; 0 (0)               ; 32 (0)                    ; 0           ; 0            ; 0       ; 0         ; 0    ; 0            ; |processor|ID_EX:ID_EX_register|Register_32bits:read_data2_reg                                                                                 ; Register_32bits     ; work         ;
;          |Rf_Register_8bits:register_component|  ; 0 (0)               ; 32 (0)                    ; 0           ; 0            ; 0       ; 0         ; 0    ; 0            ; |processor|ID_EX:ID_EX_register|Register_32bits:read_data2_reg|Rf_Register_8bits:register_component                                            ; Rf_Register_8bits   ; work         ;
;             |enARdFF_2:b0|                       ; 0 (0)               ; 1 (1)                     ; 0           ; 0            ; 0       ; 0         ; 0    ; 0            ; |processor|ID_EX:ID_EX_register|Register_32bits:read_data2_reg|Rf_Register_8bits:register_component|enARdFF_2:b0                               ; enARdFF_2           ; work         ;
;             |enARdFF_2:b10|                      ; 0 (0)               ; 1 (1)                     ; 0           ; 0            ; 0       ; 0         ; 0    ; 0            ; |processor|ID_EX:ID_EX_register|Register_32bits:read_data2_reg|Rf_Register_8bits:register_component|enARdFF_2:b10                              ; enARdFF_2           ; work         ;
;             |enARdFF_2:b11|                      ; 0 (0)               ; 1 (1)                     ; 0           ; 0            ; 0       ; 0         ; 0    ; 0            ; |processor|ID_EX:ID_EX_register|Register_32bits:read_data2_reg|Rf_Register_8bits:register_component|enARdFF_2:b11                              ; enARdFF_2           ; work         ;
;             |enARdFF_2:b12|                      ; 0 (0)               ; 1 (1)                     ; 0           ; 0            ; 0       ; 0         ; 0    ; 0            ; |processor|ID_EX:ID_EX_register|Register_32bits:read_data2_reg|Rf_Register_8bits:register_component|enARdFF_2:b12                              ; enARdFF_2           ; work         ;
;             |enARdFF_2:b13|                      ; 0 (0)               ; 1 (1)                     ; 0           ; 0            ; 0       ; 0         ; 0    ; 0            ; |processor|ID_EX:ID_EX_register|Register_32bits:read_data2_reg|Rf_Register_8bits:register_component|enARdFF_2:b13                              ; enARdFF_2           ; work         ;
;             |enARdFF_2:b14|                      ; 0 (0)               ; 1 (1)                     ; 0           ; 0            ; 0       ; 0         ; 0    ; 0            ; |processor|ID_EX:ID_EX_register|Register_32bits:read_data2_reg|Rf_Register_8bits:register_component|enARdFF_2:b14                              ; enARdFF_2           ; work         ;
;             |enARdFF_2:b15|                      ; 0 (0)               ; 1 (1)                     ; 0           ; 0            ; 0       ; 0         ; 0    ; 0            ; |processor|ID_EX:ID_EX_register|Register_32bits:read_data2_reg|Rf_Register_8bits:register_component|enARdFF_2:b15                              ; enARdFF_2           ; work         ;
;             |enARdFF_2:b16|                      ; 0 (0)               ; 1 (1)                     ; 0           ; 0            ; 0       ; 0         ; 0    ; 0            ; |processor|ID_EX:ID_EX_register|Register_32bits:read_data2_reg|Rf_Register_8bits:register_component|enARdFF_2:b16                              ; enARdFF_2           ; work         ;
;             |enARdFF_2:b17|                      ; 0 (0)               ; 1 (1)                     ; 0           ; 0            ; 0       ; 0         ; 0    ; 0            ; |processor|ID_EX:ID_EX_register|Register_32bits:read_data2_reg|Rf_Register_8bits:register_component|enARdFF_2:b17                              ; enARdFF_2           ; work         ;
;             |enARdFF_2:b18|                      ; 0 (0)               ; 1 (1)                     ; 0           ; 0            ; 0       ; 0         ; 0    ; 0            ; |processor|ID_EX:ID_EX_register|Register_32bits:read_data2_reg|Rf_Register_8bits:register_component|enARdFF_2:b18                              ; enARdFF_2           ; work         ;
;             |enARdFF_2:b19|                      ; 0 (0)               ; 1 (1)                     ; 0           ; 0            ; 0       ; 0         ; 0    ; 0            ; |processor|ID_EX:ID_EX_register|Register_32bits:read_data2_reg|Rf_Register_8bits:register_component|enARdFF_2:b19                              ; enARdFF_2           ; work         ;
;             |enARdFF_2:b1|                       ; 0 (0)               ; 1 (1)                     ; 0           ; 0            ; 0       ; 0         ; 0    ; 0            ; |processor|ID_EX:ID_EX_register|Register_32bits:read_data2_reg|Rf_Register_8bits:register_component|enARdFF_2:b1                               ; enARdFF_2           ; work         ;
;             |enARdFF_2:b20|                      ; 0 (0)               ; 1 (1)                     ; 0           ; 0            ; 0       ; 0         ; 0    ; 0            ; |processor|ID_EX:ID_EX_register|Register_32bits:read_data2_reg|Rf_Register_8bits:register_component|enARdFF_2:b20                              ; enARdFF_2           ; work         ;
;             |enARdFF_2:b21|                      ; 0 (0)               ; 1 (1)                     ; 0           ; 0            ; 0       ; 0         ; 0    ; 0            ; |processor|ID_EX:ID_EX_register|Register_32bits:read_data2_reg|Rf_Register_8bits:register_component|enARdFF_2:b21                              ; enARdFF_2           ; work         ;
;             |enARdFF_2:b22|                      ; 0 (0)               ; 1 (1)                     ; 0           ; 0            ; 0       ; 0         ; 0    ; 0            ; |processor|ID_EX:ID_EX_register|Register_32bits:read_data2_reg|Rf_Register_8bits:register_component|enARdFF_2:b22                              ; enARdFF_2           ; work         ;
;             |enARdFF_2:b23|                      ; 0 (0)               ; 1 (1)                     ; 0           ; 0            ; 0       ; 0         ; 0    ; 0            ; |processor|ID_EX:ID_EX_register|Register_32bits:read_data2_reg|Rf_Register_8bits:register_component|enARdFF_2:b23                              ; enARdFF_2           ; work         ;
;             |enARdFF_2:b24|                      ; 0 (0)               ; 1 (1)                     ; 0           ; 0            ; 0       ; 0         ; 0    ; 0            ; |processor|ID_EX:ID_EX_register|Register_32bits:read_data2_reg|Rf_Register_8bits:register_component|enARdFF_2:b24                              ; enARdFF_2           ; work         ;
;             |enARdFF_2:b25|                      ; 0 (0)               ; 1 (1)                     ; 0           ; 0            ; 0       ; 0         ; 0    ; 0            ; |processor|ID_EX:ID_EX_register|Register_32bits:read_data2_reg|Rf_Register_8bits:register_component|enARdFF_2:b25                              ; enARdFF_2           ; work         ;
;             |enARdFF_2:b26|                      ; 0 (0)               ; 1 (1)                     ; 0           ; 0            ; 0       ; 0         ; 0    ; 0            ; |processor|ID_EX:ID_EX_register|Register_32bits:read_data2_reg|Rf_Register_8bits:register_component|enARdFF_2:b26                              ; enARdFF_2           ; work         ;
;             |enARdFF_2:b27|                      ; 0 (0)               ; 1 (1)                     ; 0           ; 0            ; 0       ; 0         ; 0    ; 0            ; |processor|ID_EX:ID_EX_register|Register_32bits:read_data2_reg|Rf_Register_8bits:register_component|enARdFF_2:b27                              ; enARdFF_2           ; work         ;
;             |enARdFF_2:b28|                      ; 0 (0)               ; 1 (1)                     ; 0           ; 0            ; 0       ; 0         ; 0    ; 0            ; |processor|ID_EX:ID_EX_register|Register_32bits:read_data2_reg|Rf_Register_8bits:register_component|enARdFF_2:b28                              ; enARdFF_2           ; work         ;
;             |enARdFF_2:b29|                      ; 0 (0)               ; 1 (1)                     ; 0           ; 0            ; 0       ; 0         ; 0    ; 0            ; |processor|ID_EX:ID_EX_register|Register_32bits:read_data2_reg|Rf_Register_8bits:register_component|enARdFF_2:b29                              ; enARdFF_2           ; work         ;
;             |enARdFF_2:b2|                       ; 0 (0)               ; 1 (1)                     ; 0           ; 0            ; 0       ; 0         ; 0    ; 0            ; |processor|ID_EX:ID_EX_register|Register_32bits:read_data2_reg|Rf_Register_8bits:register_component|enARdFF_2:b2                               ; enARdFF_2           ; work         ;
;             |enARdFF_2:b30|                      ; 0 (0)               ; 1 (1)                     ; 0           ; 0            ; 0       ; 0         ; 0    ; 0            ; |processor|ID_EX:ID_EX_register|Register_32bits:read_data2_reg|Rf_Register_8bits:register_component|enARdFF_2:b30                              ; enARdFF_2           ; work         ;
;             |enARdFF_2:b31|                      ; 0 (0)               ; 1 (1)                     ; 0           ; 0            ; 0       ; 0         ; 0    ; 0            ; |processor|ID_EX:ID_EX_register|Register_32bits:read_data2_reg|Rf_Register_8bits:register_component|enARdFF_2:b31                              ; enARdFF_2           ; work         ;
;             |enARdFF_2:b3|                       ; 0 (0)               ; 1 (1)                     ; 0           ; 0            ; 0       ; 0         ; 0    ; 0            ; |processor|ID_EX:ID_EX_register|Register_32bits:read_data2_reg|Rf_Register_8bits:register_component|enARdFF_2:b3                               ; enARdFF_2           ; work         ;
;             |enARdFF_2:b4|                       ; 0 (0)               ; 1 (1)                     ; 0           ; 0            ; 0       ; 0         ; 0    ; 0            ; |processor|ID_EX:ID_EX_register|Register_32bits:read_data2_reg|Rf_Register_8bits:register_component|enARdFF_2:b4                               ; enARdFF_2           ; work         ;
;             |enARdFF_2:b5|                       ; 0 (0)               ; 1 (1)                     ; 0           ; 0            ; 0       ; 0         ; 0    ; 0            ; |processor|ID_EX:ID_EX_register|Register_32bits:read_data2_reg|Rf_Register_8bits:register_component|enARdFF_2:b5                               ; enARdFF_2           ; work         ;
;             |enARdFF_2:b6|                       ; 0 (0)               ; 1 (1)                     ; 0           ; 0            ; 0       ; 0         ; 0    ; 0            ; |processor|ID_EX:ID_EX_register|Register_32bits:read_data2_reg|Rf_Register_8bits:register_component|enARdFF_2:b6                               ; enARdFF_2           ; work         ;
;             |enARdFF_2:b7|                       ; 0 (0)               ; 1 (1)                     ; 0           ; 0            ; 0       ; 0         ; 0    ; 0            ; |processor|ID_EX:ID_EX_register|Register_32bits:read_data2_reg|Rf_Register_8bits:register_component|enARdFF_2:b7                               ; enARdFF_2           ; work         ;
;             |enARdFF_2:b8|                       ; 0 (0)               ; 1 (1)                     ; 0           ; 0            ; 0       ; 0         ; 0    ; 0            ; |processor|ID_EX:ID_EX_register|Register_32bits:read_data2_reg|Rf_Register_8bits:register_component|enARdFF_2:b8                               ; enARdFF_2           ; work         ;
;             |enARdFF_2:b9|                       ; 0 (0)               ; 1 (1)                     ; 0           ; 0            ; 0       ; 0         ; 0    ; 0            ; |processor|ID_EX:ID_EX_register|Register_32bits:read_data2_reg|Rf_Register_8bits:register_component|enARdFF_2:b9                               ; enARdFF_2           ; work         ;
;       |Register_9bits:control_signals_reg|       ; 0 (0)               ; 6 (0)                     ; 0           ; 0            ; 0       ; 0         ; 0    ; 0            ; |processor|ID_EX:ID_EX_register|Register_9bits:control_signals_reg                                                                             ; Register_9bits      ; work         ;
;          |enARdFF_2:b0|                          ; 0 (0)               ; 1 (1)                     ; 0           ; 0            ; 0       ; 0         ; 0    ; 0            ; |processor|ID_EX:ID_EX_register|Register_9bits:control_signals_reg|enARdFF_2:b0                                                                ; enARdFF_2           ; work         ;
;          |enARdFF_2:b1|                          ; 0 (0)               ; 1 (1)                     ; 0           ; 0            ; 0       ; 0         ; 0    ; 0            ; |processor|ID_EX:ID_EX_register|Register_9bits:control_signals_reg|enARdFF_2:b1                                                                ; enARdFF_2           ; work         ;
;          |enARdFF_2:b2|                          ; 0 (0)               ; 1 (1)                     ; 0           ; 0            ; 0       ; 0         ; 0    ; 0            ; |processor|ID_EX:ID_EX_register|Register_9bits:control_signals_reg|enARdFF_2:b2                                                                ; enARdFF_2           ; work         ;
;          |enARdFF_2:b5|                          ; 0 (0)               ; 1 (1)                     ; 0           ; 0            ; 0       ; 0         ; 0    ; 0            ; |processor|ID_EX:ID_EX_register|Register_9bits:control_signals_reg|enARdFF_2:b5                                                                ; enARdFF_2           ; work         ;
;          |enARdFF_2:b6|                          ; 0 (0)               ; 1 (1)                     ; 0           ; 0            ; 0       ; 0         ; 0    ; 0            ; |processor|ID_EX:ID_EX_register|Register_9bits:control_signals_reg|enARdFF_2:b6                                                                ; enARdFF_2           ; work         ;
;          |enARdFF_2:b7|                          ; 0 (0)               ; 1 (1)                     ; 0           ; 0            ; 0       ; 0         ; 0    ; 0            ; |processor|ID_EX:ID_EX_register|Register_9bits:control_signals_reg|enARdFF_2:b7                                                                ; enARdFF_2           ; work         ;
;    |IF_ID:if_id_register|                        ; 63 (63)             ; 63 (0)                    ; 0           ; 0            ; 0       ; 0         ; 0    ; 0            ; |processor|IF_ID:if_id_register                                                                                                                ; IF_ID               ; work         ;
;       |Register_32bits:instruction_val|          ; 0 (0)               ; 32 (0)                    ; 0           ; 0            ; 0       ; 0         ; 0    ; 0            ; |processor|IF_ID:if_id_register|Register_32bits:instruction_val                                                                                ; Register_32bits     ; work         ;
;          |Rf_Register_8bits:register_component|  ; 0 (0)               ; 32 (0)                    ; 0           ; 0            ; 0       ; 0         ; 0    ; 0            ; |processor|IF_ID:if_id_register|Register_32bits:instruction_val|Rf_Register_8bits:register_component                                           ; Rf_Register_8bits   ; work         ;
;             |enARdFF_2:b0|                       ; 0 (0)               ; 1 (1)                     ; 0           ; 0            ; 0       ; 0         ; 0    ; 0            ; |processor|IF_ID:if_id_register|Register_32bits:instruction_val|Rf_Register_8bits:register_component|enARdFF_2:b0                              ; enARdFF_2           ; work         ;
;             |enARdFF_2:b10|                      ; 0 (0)               ; 1 (1)                     ; 0           ; 0            ; 0       ; 0         ; 0    ; 0            ; |processor|IF_ID:if_id_register|Register_32bits:instruction_val|Rf_Register_8bits:register_component|enARdFF_2:b10                             ; enARdFF_2           ; work         ;
;             |enARdFF_2:b11|                      ; 0 (0)               ; 1 (1)                     ; 0           ; 0            ; 0       ; 0         ; 0    ; 0            ; |processor|IF_ID:if_id_register|Register_32bits:instruction_val|Rf_Register_8bits:register_component|enARdFF_2:b11                             ; enARdFF_2           ; work         ;
;             |enARdFF_2:b12|                      ; 0 (0)               ; 1 (1)                     ; 0           ; 0            ; 0       ; 0         ; 0    ; 0            ; |processor|IF_ID:if_id_register|Register_32bits:instruction_val|Rf_Register_8bits:register_component|enARdFF_2:b12                             ; enARdFF_2           ; work         ;
;             |enARdFF_2:b13|                      ; 0 (0)               ; 1 (1)                     ; 0           ; 0            ; 0       ; 0         ; 0    ; 0            ; |processor|IF_ID:if_id_register|Register_32bits:instruction_val|Rf_Register_8bits:register_component|enARdFF_2:b13                             ; enARdFF_2           ; work         ;
;             |enARdFF_2:b14|                      ; 0 (0)               ; 1 (1)                     ; 0           ; 0            ; 0       ; 0         ; 0    ; 0            ; |processor|IF_ID:if_id_register|Register_32bits:instruction_val|Rf_Register_8bits:register_component|enARdFF_2:b14                             ; enARdFF_2           ; work         ;
;             |enARdFF_2:b15|                      ; 0 (0)               ; 1 (1)                     ; 0           ; 0            ; 0       ; 0         ; 0    ; 0            ; |processor|IF_ID:if_id_register|Register_32bits:instruction_val|Rf_Register_8bits:register_component|enARdFF_2:b15                             ; enARdFF_2           ; work         ;
;             |enARdFF_2:b16|                      ; 0 (0)               ; 1 (1)                     ; 0           ; 0            ; 0       ; 0         ; 0    ; 0            ; |processor|IF_ID:if_id_register|Register_32bits:instruction_val|Rf_Register_8bits:register_component|enARdFF_2:b16                             ; enARdFF_2           ; work         ;
;             |enARdFF_2:b17|                      ; 0 (0)               ; 1 (1)                     ; 0           ; 0            ; 0       ; 0         ; 0    ; 0            ; |processor|IF_ID:if_id_register|Register_32bits:instruction_val|Rf_Register_8bits:register_component|enARdFF_2:b17                             ; enARdFF_2           ; work         ;
;             |enARdFF_2:b18|                      ; 0 (0)               ; 1 (1)                     ; 0           ; 0            ; 0       ; 0         ; 0    ; 0            ; |processor|IF_ID:if_id_register|Register_32bits:instruction_val|Rf_Register_8bits:register_component|enARdFF_2:b18                             ; enARdFF_2           ; work         ;
;             |enARdFF_2:b19|                      ; 0 (0)               ; 1 (1)                     ; 0           ; 0            ; 0       ; 0         ; 0    ; 0            ; |processor|IF_ID:if_id_register|Register_32bits:instruction_val|Rf_Register_8bits:register_component|enARdFF_2:b19                             ; enARdFF_2           ; work         ;
;             |enARdFF_2:b1|                       ; 0 (0)               ; 1 (1)                     ; 0           ; 0            ; 0       ; 0         ; 0    ; 0            ; |processor|IF_ID:if_id_register|Register_32bits:instruction_val|Rf_Register_8bits:register_component|enARdFF_2:b1                              ; enARdFF_2           ; work         ;
;             |enARdFF_2:b20|                      ; 0 (0)               ; 1 (1)                     ; 0           ; 0            ; 0       ; 0         ; 0    ; 0            ; |processor|IF_ID:if_id_register|Register_32bits:instruction_val|Rf_Register_8bits:register_component|enARdFF_2:b20                             ; enARdFF_2           ; work         ;
;             |enARdFF_2:b21|                      ; 0 (0)               ; 1 (1)                     ; 0           ; 0            ; 0       ; 0         ; 0    ; 0            ; |processor|IF_ID:if_id_register|Register_32bits:instruction_val|Rf_Register_8bits:register_component|enARdFF_2:b21                             ; enARdFF_2           ; work         ;
;             |enARdFF_2:b22|                      ; 0 (0)               ; 1 (1)                     ; 0           ; 0            ; 0       ; 0         ; 0    ; 0            ; |processor|IF_ID:if_id_register|Register_32bits:instruction_val|Rf_Register_8bits:register_component|enARdFF_2:b22                             ; enARdFF_2           ; work         ;
;             |enARdFF_2:b23|                      ; 0 (0)               ; 1 (1)                     ; 0           ; 0            ; 0       ; 0         ; 0    ; 0            ; |processor|IF_ID:if_id_register|Register_32bits:instruction_val|Rf_Register_8bits:register_component|enARdFF_2:b23                             ; enARdFF_2           ; work         ;
;             |enARdFF_2:b24|                      ; 0 (0)               ; 1 (1)                     ; 0           ; 0            ; 0       ; 0         ; 0    ; 0            ; |processor|IF_ID:if_id_register|Register_32bits:instruction_val|Rf_Register_8bits:register_component|enARdFF_2:b24                             ; enARdFF_2           ; work         ;
;             |enARdFF_2:b25|                      ; 0 (0)               ; 1 (1)                     ; 0           ; 0            ; 0       ; 0         ; 0    ; 0            ; |processor|IF_ID:if_id_register|Register_32bits:instruction_val|Rf_Register_8bits:register_component|enARdFF_2:b25                             ; enARdFF_2           ; work         ;
;             |enARdFF_2:b26|                      ; 0 (0)               ; 1 (1)                     ; 0           ; 0            ; 0       ; 0         ; 0    ; 0            ; |processor|IF_ID:if_id_register|Register_32bits:instruction_val|Rf_Register_8bits:register_component|enARdFF_2:b26                             ; enARdFF_2           ; work         ;
;             |enARdFF_2:b27|                      ; 0 (0)               ; 1 (1)                     ; 0           ; 0            ; 0       ; 0         ; 0    ; 0            ; |processor|IF_ID:if_id_register|Register_32bits:instruction_val|Rf_Register_8bits:register_component|enARdFF_2:b27                             ; enARdFF_2           ; work         ;
;             |enARdFF_2:b28|                      ; 0 (0)               ; 1 (1)                     ; 0           ; 0            ; 0       ; 0         ; 0    ; 0            ; |processor|IF_ID:if_id_register|Register_32bits:instruction_val|Rf_Register_8bits:register_component|enARdFF_2:b28                             ; enARdFF_2           ; work         ;
;             |enARdFF_2:b29|                      ; 0 (0)               ; 1 (1)                     ; 0           ; 0            ; 0       ; 0         ; 0    ; 0            ; |processor|IF_ID:if_id_register|Register_32bits:instruction_val|Rf_Register_8bits:register_component|enARdFF_2:b29                             ; enARdFF_2           ; work         ;
;             |enARdFF_2:b2|                       ; 0 (0)               ; 1 (1)                     ; 0           ; 0            ; 0       ; 0         ; 0    ; 0            ; |processor|IF_ID:if_id_register|Register_32bits:instruction_val|Rf_Register_8bits:register_component|enARdFF_2:b2                              ; enARdFF_2           ; work         ;
;             |enARdFF_2:b30|                      ; 0 (0)               ; 1 (1)                     ; 0           ; 0            ; 0       ; 0         ; 0    ; 0            ; |processor|IF_ID:if_id_register|Register_32bits:instruction_val|Rf_Register_8bits:register_component|enARdFF_2:b30                             ; enARdFF_2           ; work         ;
;             |enARdFF_2:b31|                      ; 0 (0)               ; 1 (1)                     ; 0           ; 0            ; 0       ; 0         ; 0    ; 0            ; |processor|IF_ID:if_id_register|Register_32bits:instruction_val|Rf_Register_8bits:register_component|enARdFF_2:b31                             ; enARdFF_2           ; work         ;
;             |enARdFF_2:b3|                       ; 0 (0)               ; 1 (1)                     ; 0           ; 0            ; 0       ; 0         ; 0    ; 0            ; |processor|IF_ID:if_id_register|Register_32bits:instruction_val|Rf_Register_8bits:register_component|enARdFF_2:b3                              ; enARdFF_2           ; work         ;
;             |enARdFF_2:b4|                       ; 0 (0)               ; 1 (1)                     ; 0           ; 0            ; 0       ; 0         ; 0    ; 0            ; |processor|IF_ID:if_id_register|Register_32bits:instruction_val|Rf_Register_8bits:register_component|enARdFF_2:b4                              ; enARdFF_2           ; work         ;
;             |enARdFF_2:b5|                       ; 0 (0)               ; 1 (1)                     ; 0           ; 0            ; 0       ; 0         ; 0    ; 0            ; |processor|IF_ID:if_id_register|Register_32bits:instruction_val|Rf_Register_8bits:register_component|enARdFF_2:b5                              ; enARdFF_2           ; work         ;
;             |enARdFF_2:b6|                       ; 0 (0)               ; 1 (1)                     ; 0           ; 0            ; 0       ; 0         ; 0    ; 0            ; |processor|IF_ID:if_id_register|Register_32bits:instruction_val|Rf_Register_8bits:register_component|enARdFF_2:b6                              ; enARdFF_2           ; work         ;
;             |enARdFF_2:b7|                       ; 0 (0)               ; 1 (1)                     ; 0           ; 0            ; 0       ; 0         ; 0    ; 0            ; |processor|IF_ID:if_id_register|Register_32bits:instruction_val|Rf_Register_8bits:register_component|enARdFF_2:b7                              ; enARdFF_2           ; work         ;
;             |enARdFF_2:b8|                       ; 0 (0)               ; 1 (1)                     ; 0           ; 0            ; 0       ; 0         ; 0    ; 0            ; |processor|IF_ID:if_id_register|Register_32bits:instruction_val|Rf_Register_8bits:register_component|enARdFF_2:b8                              ; enARdFF_2           ; work         ;
;             |enARdFF_2:b9|                       ; 0 (0)               ; 1 (1)                     ; 0           ; 0            ; 0       ; 0         ; 0    ; 0            ; |processor|IF_ID:if_id_register|Register_32bits:instruction_val|Rf_Register_8bits:register_component|enARdFF_2:b9                              ; enARdFF_2           ; work         ;
;       |Register_32bits:pc_offset_val|            ; 0 (0)               ; 31 (0)                    ; 0           ; 0            ; 0       ; 0         ; 0    ; 0            ; |processor|IF_ID:if_id_register|Register_32bits:pc_offset_val                                                                                  ; Register_32bits     ; work         ;
;          |Rf_Register_8bits:register_component|  ; 0 (0)               ; 31 (0)                    ; 0           ; 0            ; 0       ; 0         ; 0    ; 0            ; |processor|IF_ID:if_id_register|Register_32bits:pc_offset_val|Rf_Register_8bits:register_component                                             ; Rf_Register_8bits   ; work         ;
;             |enARdFF_2:b0|                       ; 0 (0)               ; 1 (1)                     ; 0           ; 0            ; 0       ; 0         ; 0    ; 0            ; |processor|IF_ID:if_id_register|Register_32bits:pc_offset_val|Rf_Register_8bits:register_component|enARdFF_2:b0                                ; enARdFF_2           ; work         ;
;             |enARdFF_2:b10|                      ; 0 (0)               ; 1 (1)                     ; 0           ; 0            ; 0       ; 0         ; 0    ; 0            ; |processor|IF_ID:if_id_register|Register_32bits:pc_offset_val|Rf_Register_8bits:register_component|enARdFF_2:b10                               ; enARdFF_2           ; work         ;
;             |enARdFF_2:b11|                      ; 0 (0)               ; 1 (1)                     ; 0           ; 0            ; 0       ; 0         ; 0    ; 0            ; |processor|IF_ID:if_id_register|Register_32bits:pc_offset_val|Rf_Register_8bits:register_component|enARdFF_2:b11                               ; enARdFF_2           ; work         ;
;             |enARdFF_2:b12|                      ; 0 (0)               ; 1 (1)                     ; 0           ; 0            ; 0       ; 0         ; 0    ; 0            ; |processor|IF_ID:if_id_register|Register_32bits:pc_offset_val|Rf_Register_8bits:register_component|enARdFF_2:b12                               ; enARdFF_2           ; work         ;
;             |enARdFF_2:b13|                      ; 0 (0)               ; 1 (1)                     ; 0           ; 0            ; 0       ; 0         ; 0    ; 0            ; |processor|IF_ID:if_id_register|Register_32bits:pc_offset_val|Rf_Register_8bits:register_component|enARdFF_2:b13                               ; enARdFF_2           ; work         ;
;             |enARdFF_2:b14|                      ; 0 (0)               ; 1 (1)                     ; 0           ; 0            ; 0       ; 0         ; 0    ; 0            ; |processor|IF_ID:if_id_register|Register_32bits:pc_offset_val|Rf_Register_8bits:register_component|enARdFF_2:b14                               ; enARdFF_2           ; work         ;
;             |enARdFF_2:b15|                      ; 0 (0)               ; 1 (1)                     ; 0           ; 0            ; 0       ; 0         ; 0    ; 0            ; |processor|IF_ID:if_id_register|Register_32bits:pc_offset_val|Rf_Register_8bits:register_component|enARdFF_2:b15                               ; enARdFF_2           ; work         ;
;             |enARdFF_2:b16|                      ; 0 (0)               ; 1 (1)                     ; 0           ; 0            ; 0       ; 0         ; 0    ; 0            ; |processor|IF_ID:if_id_register|Register_32bits:pc_offset_val|Rf_Register_8bits:register_component|enARdFF_2:b16                               ; enARdFF_2           ; work         ;
;             |enARdFF_2:b17|                      ; 0 (0)               ; 1 (1)                     ; 0           ; 0            ; 0       ; 0         ; 0    ; 0            ; |processor|IF_ID:if_id_register|Register_32bits:pc_offset_val|Rf_Register_8bits:register_component|enARdFF_2:b17                               ; enARdFF_2           ; work         ;
;             |enARdFF_2:b18|                      ; 0 (0)               ; 1 (1)                     ; 0           ; 0            ; 0       ; 0         ; 0    ; 0            ; |processor|IF_ID:if_id_register|Register_32bits:pc_offset_val|Rf_Register_8bits:register_component|enARdFF_2:b18                               ; enARdFF_2           ; work         ;
;             |enARdFF_2:b19|                      ; 0 (0)               ; 1 (1)                     ; 0           ; 0            ; 0       ; 0         ; 0    ; 0            ; |processor|IF_ID:if_id_register|Register_32bits:pc_offset_val|Rf_Register_8bits:register_component|enARdFF_2:b19                               ; enARdFF_2           ; work         ;
;             |enARdFF_2:b20|                      ; 0 (0)               ; 1 (1)                     ; 0           ; 0            ; 0       ; 0         ; 0    ; 0            ; |processor|IF_ID:if_id_register|Register_32bits:pc_offset_val|Rf_Register_8bits:register_component|enARdFF_2:b20                               ; enARdFF_2           ; work         ;
;             |enARdFF_2:b21|                      ; 0 (0)               ; 1 (1)                     ; 0           ; 0            ; 0       ; 0         ; 0    ; 0            ; |processor|IF_ID:if_id_register|Register_32bits:pc_offset_val|Rf_Register_8bits:register_component|enARdFF_2:b21                               ; enARdFF_2           ; work         ;
;             |enARdFF_2:b22|                      ; 0 (0)               ; 1 (1)                     ; 0           ; 0            ; 0       ; 0         ; 0    ; 0            ; |processor|IF_ID:if_id_register|Register_32bits:pc_offset_val|Rf_Register_8bits:register_component|enARdFF_2:b22                               ; enARdFF_2           ; work         ;
;             |enARdFF_2:b23|                      ; 0 (0)               ; 1 (1)                     ; 0           ; 0            ; 0       ; 0         ; 0    ; 0            ; |processor|IF_ID:if_id_register|Register_32bits:pc_offset_val|Rf_Register_8bits:register_component|enARdFF_2:b23                               ; enARdFF_2           ; work         ;
;             |enARdFF_2:b24|                      ; 0 (0)               ; 1 (1)                     ; 0           ; 0            ; 0       ; 0         ; 0    ; 0            ; |processor|IF_ID:if_id_register|Register_32bits:pc_offset_val|Rf_Register_8bits:register_component|enARdFF_2:b24                               ; enARdFF_2           ; work         ;
;             |enARdFF_2:b25|                      ; 0 (0)               ; 1 (1)                     ; 0           ; 0            ; 0       ; 0         ; 0    ; 0            ; |processor|IF_ID:if_id_register|Register_32bits:pc_offset_val|Rf_Register_8bits:register_component|enARdFF_2:b25                               ; enARdFF_2           ; work         ;
;             |enARdFF_2:b26|                      ; 0 (0)               ; 1 (1)                     ; 0           ; 0            ; 0       ; 0         ; 0    ; 0            ; |processor|IF_ID:if_id_register|Register_32bits:pc_offset_val|Rf_Register_8bits:register_component|enARdFF_2:b26                               ; enARdFF_2           ; work         ;
;             |enARdFF_2:b27|                      ; 0 (0)               ; 1 (1)                     ; 0           ; 0            ; 0       ; 0         ; 0    ; 0            ; |processor|IF_ID:if_id_register|Register_32bits:pc_offset_val|Rf_Register_8bits:register_component|enARdFF_2:b27                               ; enARdFF_2           ; work         ;
;             |enARdFF_2:b28|                      ; 0 (0)               ; 1 (1)                     ; 0           ; 0            ; 0       ; 0         ; 0    ; 0            ; |processor|IF_ID:if_id_register|Register_32bits:pc_offset_val|Rf_Register_8bits:register_component|enARdFF_2:b28                               ; enARdFF_2           ; work         ;
;             |enARdFF_2:b29|                      ; 0 (0)               ; 1 (1)                     ; 0           ; 0            ; 0       ; 0         ; 0    ; 0            ; |processor|IF_ID:if_id_register|Register_32bits:pc_offset_val|Rf_Register_8bits:register_component|enARdFF_2:b29                               ; enARdFF_2           ; work         ;
;             |enARdFF_2:b2|                       ; 0 (0)               ; 1 (1)                     ; 0           ; 0            ; 0       ; 0         ; 0    ; 0            ; |processor|IF_ID:if_id_register|Register_32bits:pc_offset_val|Rf_Register_8bits:register_component|enARdFF_2:b2                                ; enARdFF_2           ; work         ;
;             |enARdFF_2:b30|                      ; 0 (0)               ; 1 (1)                     ; 0           ; 0            ; 0       ; 0         ; 0    ; 0            ; |processor|IF_ID:if_id_register|Register_32bits:pc_offset_val|Rf_Register_8bits:register_component|enARdFF_2:b30                               ; enARdFF_2           ; work         ;
;             |enARdFF_2:b31|                      ; 0 (0)               ; 1 (1)                     ; 0           ; 0            ; 0       ; 0         ; 0    ; 0            ; |processor|IF_ID:if_id_register|Register_32bits:pc_offset_val|Rf_Register_8bits:register_component|enARdFF_2:b31                               ; enARdFF_2           ; work         ;
;             |enARdFF_2:b3|                       ; 0 (0)               ; 1 (1)                     ; 0           ; 0            ; 0       ; 0         ; 0    ; 0            ; |processor|IF_ID:if_id_register|Register_32bits:pc_offset_val|Rf_Register_8bits:register_component|enARdFF_2:b3                                ; enARdFF_2           ; work         ;
;             |enARdFF_2:b4|                       ; 0 (0)               ; 1 (1)                     ; 0           ; 0            ; 0       ; 0         ; 0    ; 0            ; |processor|IF_ID:if_id_register|Register_32bits:pc_offset_val|Rf_Register_8bits:register_component|enARdFF_2:b4                                ; enARdFF_2           ; work         ;
;             |enARdFF_2:b5|                       ; 0 (0)               ; 1 (1)                     ; 0           ; 0            ; 0       ; 0         ; 0    ; 0            ; |processor|IF_ID:if_id_register|Register_32bits:pc_offset_val|Rf_Register_8bits:register_component|enARdFF_2:b5                                ; enARdFF_2           ; work         ;
;             |enARdFF_2:b6|                       ; 0 (0)               ; 1 (1)                     ; 0           ; 0            ; 0       ; 0         ; 0    ; 0            ; |processor|IF_ID:if_id_register|Register_32bits:pc_offset_val|Rf_Register_8bits:register_component|enARdFF_2:b6                                ; enARdFF_2           ; work         ;
;             |enARdFF_2:b7|                       ; 0 (0)               ; 1 (1)                     ; 0           ; 0            ; 0       ; 0         ; 0    ; 0            ; |processor|IF_ID:if_id_register|Register_32bits:pc_offset_val|Rf_Register_8bits:register_component|enARdFF_2:b7                                ; enARdFF_2           ; work         ;
;             |enARdFF_2:b8|                       ; 0 (0)               ; 1 (1)                     ; 0           ; 0            ; 0       ; 0         ; 0    ; 0            ; |processor|IF_ID:if_id_register|Register_32bits:pc_offset_val|Rf_Register_8bits:register_component|enARdFF_2:b8                                ; enARdFF_2           ; work         ;
;             |enARdFF_2:b9|                       ; 0 (0)               ; 1 (1)                     ; 0           ; 0            ; 0       ; 0         ; 0    ; 0            ; |processor|IF_ID:if_id_register|Register_32bits:pc_offset_val|Rf_Register_8bits:register_component|enARdFF_2:b9                                ; enARdFF_2           ; work         ;
;    |IM_ROM:rom|                                  ; 0 (0)               ; 0 (0)                     ; 8192        ; 0            ; 0       ; 0         ; 0    ; 0            ; |processor|IM_ROM:rom                                                                                                                          ; IM_ROM              ; work         ;
;       |lpm_rom:rom_instance|                     ; 0 (0)               ; 0 (0)                     ; 8192        ; 0            ; 0       ; 0         ; 0    ; 0            ; |processor|IM_ROM:rom|lpm_rom:rom_instance                                                                                                     ; lpm_rom             ; work         ;
;          |altrom:srom|                           ; 0 (0)               ; 0 (0)                     ; 8192        ; 0            ; 0       ; 0         ; 0    ; 0            ; |processor|IM_ROM:rom|lpm_rom:rom_instance|altrom:srom                                                                                         ; altrom              ; work         ;
;             |altsyncram:rom_block|               ; 0 (0)               ; 0 (0)                     ; 8192        ; 0            ; 0       ; 0         ; 0    ; 0            ; |processor|IM_ROM:rom|lpm_rom:rom_instance|altrom:srom|altsyncram:rom_block                                                                    ; altsyncram          ; work         ;
;                |altsyncram_gk01:auto_generated|  ; 0 (0)               ; 0 (0)                     ; 8192        ; 0            ; 0       ; 0         ; 0    ; 0            ; |processor|IM_ROM:rom|lpm_rom:rom_instance|altrom:srom|altsyncram:rom_block|altsyncram_gk01:auto_generated                                     ; altsyncram_gk01     ; work         ;
;    |LoadUseHazard_Fix:LoadUseHazard_FixUnit|     ; 74 (6)              ; 99 (0)                    ; 0           ; 0            ; 0       ; 0         ; 0    ; 0            ; |processor|LoadUseHazard_Fix:LoadUseHazard_FixUnit                                                                                             ; LoadUseHazard_Fix   ; work         ;
;       |Register_32bits:Register_instructiontemp| ; 0 (0)               ; 32 (0)                    ; 0           ; 0            ; 0       ; 0         ; 0    ; 0            ; |processor|LoadUseHazard_Fix:LoadUseHazard_FixUnit|Register_32bits:Register_instructiontemp                                                    ; Register_32bits     ; work         ;
;          |Rf_Register_8bits:register_component|  ; 0 (0)               ; 32 (0)                    ; 0           ; 0            ; 0       ; 0         ; 0    ; 0            ; |processor|LoadUseHazard_Fix:LoadUseHazard_FixUnit|Register_32bits:Register_instructiontemp|Rf_Register_8bits:register_component               ; Rf_Register_8bits   ; work         ;
;             |enARdFF_2:b0|                       ; 0 (0)               ; 1 (1)                     ; 0           ; 0            ; 0       ; 0         ; 0    ; 0            ; |processor|LoadUseHazard_Fix:LoadUseHazard_FixUnit|Register_32bits:Register_instructiontemp|Rf_Register_8bits:register_component|enARdFF_2:b0  ; enARdFF_2           ; work         ;
;             |enARdFF_2:b10|                      ; 0 (0)               ; 1 (1)                     ; 0           ; 0            ; 0       ; 0         ; 0    ; 0            ; |processor|LoadUseHazard_Fix:LoadUseHazard_FixUnit|Register_32bits:Register_instructiontemp|Rf_Register_8bits:register_component|enARdFF_2:b10 ; enARdFF_2           ; work         ;
;             |enARdFF_2:b11|                      ; 0 (0)               ; 1 (1)                     ; 0           ; 0            ; 0       ; 0         ; 0    ; 0            ; |processor|LoadUseHazard_Fix:LoadUseHazard_FixUnit|Register_32bits:Register_instructiontemp|Rf_Register_8bits:register_component|enARdFF_2:b11 ; enARdFF_2           ; work         ;
;             |enARdFF_2:b12|                      ; 0 (0)               ; 1 (1)                     ; 0           ; 0            ; 0       ; 0         ; 0    ; 0            ; |processor|LoadUseHazard_Fix:LoadUseHazard_FixUnit|Register_32bits:Register_instructiontemp|Rf_Register_8bits:register_component|enARdFF_2:b12 ; enARdFF_2           ; work         ;
;             |enARdFF_2:b13|                      ; 0 (0)               ; 1 (1)                     ; 0           ; 0            ; 0       ; 0         ; 0    ; 0            ; |processor|LoadUseHazard_Fix:LoadUseHazard_FixUnit|Register_32bits:Register_instructiontemp|Rf_Register_8bits:register_component|enARdFF_2:b13 ; enARdFF_2           ; work         ;
;             |enARdFF_2:b14|                      ; 0 (0)               ; 1 (1)                     ; 0           ; 0            ; 0       ; 0         ; 0    ; 0            ; |processor|LoadUseHazard_Fix:LoadUseHazard_FixUnit|Register_32bits:Register_instructiontemp|Rf_Register_8bits:register_component|enARdFF_2:b14 ; enARdFF_2           ; work         ;
;             |enARdFF_2:b15|                      ; 0 (0)               ; 1 (1)                     ; 0           ; 0            ; 0       ; 0         ; 0    ; 0            ; |processor|LoadUseHazard_Fix:LoadUseHazard_FixUnit|Register_32bits:Register_instructiontemp|Rf_Register_8bits:register_component|enARdFF_2:b15 ; enARdFF_2           ; work         ;
;             |enARdFF_2:b16|                      ; 0 (0)               ; 1 (1)                     ; 0           ; 0            ; 0       ; 0         ; 0    ; 0            ; |processor|LoadUseHazard_Fix:LoadUseHazard_FixUnit|Register_32bits:Register_instructiontemp|Rf_Register_8bits:register_component|enARdFF_2:b16 ; enARdFF_2           ; work         ;
;             |enARdFF_2:b17|                      ; 0 (0)               ; 1 (1)                     ; 0           ; 0            ; 0       ; 0         ; 0    ; 0            ; |processor|LoadUseHazard_Fix:LoadUseHazard_FixUnit|Register_32bits:Register_instructiontemp|Rf_Register_8bits:register_component|enARdFF_2:b17 ; enARdFF_2           ; work         ;
;             |enARdFF_2:b18|                      ; 0 (0)               ; 1 (1)                     ; 0           ; 0            ; 0       ; 0         ; 0    ; 0            ; |processor|LoadUseHazard_Fix:LoadUseHazard_FixUnit|Register_32bits:Register_instructiontemp|Rf_Register_8bits:register_component|enARdFF_2:b18 ; enARdFF_2           ; work         ;
;             |enARdFF_2:b19|                      ; 0 (0)               ; 1 (1)                     ; 0           ; 0            ; 0       ; 0         ; 0    ; 0            ; |processor|LoadUseHazard_Fix:LoadUseHazard_FixUnit|Register_32bits:Register_instructiontemp|Rf_Register_8bits:register_component|enARdFF_2:b19 ; enARdFF_2           ; work         ;
;             |enARdFF_2:b1|                       ; 0 (0)               ; 1 (1)                     ; 0           ; 0            ; 0       ; 0         ; 0    ; 0            ; |processor|LoadUseHazard_Fix:LoadUseHazard_FixUnit|Register_32bits:Register_instructiontemp|Rf_Register_8bits:register_component|enARdFF_2:b1  ; enARdFF_2           ; work         ;
;             |enARdFF_2:b20|                      ; 0 (0)               ; 1 (1)                     ; 0           ; 0            ; 0       ; 0         ; 0    ; 0            ; |processor|LoadUseHazard_Fix:LoadUseHazard_FixUnit|Register_32bits:Register_instructiontemp|Rf_Register_8bits:register_component|enARdFF_2:b20 ; enARdFF_2           ; work         ;
;             |enARdFF_2:b21|                      ; 0 (0)               ; 1 (1)                     ; 0           ; 0            ; 0       ; 0         ; 0    ; 0            ; |processor|LoadUseHazard_Fix:LoadUseHazard_FixUnit|Register_32bits:Register_instructiontemp|Rf_Register_8bits:register_component|enARdFF_2:b21 ; enARdFF_2           ; work         ;
;             |enARdFF_2:b22|                      ; 0 (0)               ; 1 (1)                     ; 0           ; 0            ; 0       ; 0         ; 0    ; 0            ; |processor|LoadUseHazard_Fix:LoadUseHazard_FixUnit|Register_32bits:Register_instructiontemp|Rf_Register_8bits:register_component|enARdFF_2:b22 ; enARdFF_2           ; work         ;
;             |enARdFF_2:b23|                      ; 0 (0)               ; 1 (1)                     ; 0           ; 0            ; 0       ; 0         ; 0    ; 0            ; |processor|LoadUseHazard_Fix:LoadUseHazard_FixUnit|Register_32bits:Register_instructiontemp|Rf_Register_8bits:register_component|enARdFF_2:b23 ; enARdFF_2           ; work         ;
;             |enARdFF_2:b24|                      ; 0 (0)               ; 1 (1)                     ; 0           ; 0            ; 0       ; 0         ; 0    ; 0            ; |processor|LoadUseHazard_Fix:LoadUseHazard_FixUnit|Register_32bits:Register_instructiontemp|Rf_Register_8bits:register_component|enARdFF_2:b24 ; enARdFF_2           ; work         ;
;             |enARdFF_2:b25|                      ; 0 (0)               ; 1 (1)                     ; 0           ; 0            ; 0       ; 0         ; 0    ; 0            ; |processor|LoadUseHazard_Fix:LoadUseHazard_FixUnit|Register_32bits:Register_instructiontemp|Rf_Register_8bits:register_component|enARdFF_2:b25 ; enARdFF_2           ; work         ;
;             |enARdFF_2:b26|                      ; 0 (0)               ; 1 (1)                     ; 0           ; 0            ; 0       ; 0         ; 0    ; 0            ; |processor|LoadUseHazard_Fix:LoadUseHazard_FixUnit|Register_32bits:Register_instructiontemp|Rf_Register_8bits:register_component|enARdFF_2:b26 ; enARdFF_2           ; work         ;
;             |enARdFF_2:b27|                      ; 0 (0)               ; 1 (1)                     ; 0           ; 0            ; 0       ; 0         ; 0    ; 0            ; |processor|LoadUseHazard_Fix:LoadUseHazard_FixUnit|Register_32bits:Register_instructiontemp|Rf_Register_8bits:register_component|enARdFF_2:b27 ; enARdFF_2           ; work         ;
;             |enARdFF_2:b28|                      ; 0 (0)               ; 1 (1)                     ; 0           ; 0            ; 0       ; 0         ; 0    ; 0            ; |processor|LoadUseHazard_Fix:LoadUseHazard_FixUnit|Register_32bits:Register_instructiontemp|Rf_Register_8bits:register_component|enARdFF_2:b28 ; enARdFF_2           ; work         ;
;             |enARdFF_2:b29|                      ; 0 (0)               ; 1 (1)                     ; 0           ; 0            ; 0       ; 0         ; 0    ; 0            ; |processor|LoadUseHazard_Fix:LoadUseHazard_FixUnit|Register_32bits:Register_instructiontemp|Rf_Register_8bits:register_component|enARdFF_2:b29 ; enARdFF_2           ; work         ;
;             |enARdFF_2:b2|                       ; 0 (0)               ; 1 (1)                     ; 0           ; 0            ; 0       ; 0         ; 0    ; 0            ; |processor|LoadUseHazard_Fix:LoadUseHazard_FixUnit|Register_32bits:Register_instructiontemp|Rf_Register_8bits:register_component|enARdFF_2:b2  ; enARdFF_2           ; work         ;
;             |enARdFF_2:b30|                      ; 0 (0)               ; 1 (1)                     ; 0           ; 0            ; 0       ; 0         ; 0    ; 0            ; |processor|LoadUseHazard_Fix:LoadUseHazard_FixUnit|Register_32bits:Register_instructiontemp|Rf_Register_8bits:register_component|enARdFF_2:b30 ; enARdFF_2           ; work         ;
;             |enARdFF_2:b31|                      ; 0 (0)               ; 1 (1)                     ; 0           ; 0            ; 0       ; 0         ; 0    ; 0            ; |processor|LoadUseHazard_Fix:LoadUseHazard_FixUnit|Register_32bits:Register_instructiontemp|Rf_Register_8bits:register_component|enARdFF_2:b31 ; enARdFF_2           ; work         ;
;             |enARdFF_2:b3|                       ; 0 (0)               ; 1 (1)                     ; 0           ; 0            ; 0       ; 0         ; 0    ; 0            ; |processor|LoadUseHazard_Fix:LoadUseHazard_FixUnit|Register_32bits:Register_instructiontemp|Rf_Register_8bits:register_component|enARdFF_2:b3  ; enARdFF_2           ; work         ;
;             |enARdFF_2:b4|                       ; 0 (0)               ; 1 (1)                     ; 0           ; 0            ; 0       ; 0         ; 0    ; 0            ; |processor|LoadUseHazard_Fix:LoadUseHazard_FixUnit|Register_32bits:Register_instructiontemp|Rf_Register_8bits:register_component|enARdFF_2:b4  ; enARdFF_2           ; work         ;
;             |enARdFF_2:b5|                       ; 0 (0)               ; 1 (1)                     ; 0           ; 0            ; 0       ; 0         ; 0    ; 0            ; |processor|LoadUseHazard_Fix:LoadUseHazard_FixUnit|Register_32bits:Register_instructiontemp|Rf_Register_8bits:register_component|enARdFF_2:b5  ; enARdFF_2           ; work         ;
;             |enARdFF_2:b6|                       ; 0 (0)               ; 1 (1)                     ; 0           ; 0            ; 0       ; 0         ; 0    ; 0            ; |processor|LoadUseHazard_Fix:LoadUseHazard_FixUnit|Register_32bits:Register_instructiontemp|Rf_Register_8bits:register_component|enARdFF_2:b6  ; enARdFF_2           ; work         ;
;             |enARdFF_2:b7|                       ; 0 (0)               ; 1 (1)                     ; 0           ; 0            ; 0       ; 0         ; 0    ; 0            ; |processor|LoadUseHazard_Fix:LoadUseHazard_FixUnit|Register_32bits:Register_instructiontemp|Rf_Register_8bits:register_component|enARdFF_2:b7  ; enARdFF_2           ; work         ;
;             |enARdFF_2:b8|                       ; 0 (0)               ; 1 (1)                     ; 0           ; 0            ; 0       ; 0         ; 0    ; 0            ; |processor|LoadUseHazard_Fix:LoadUseHazard_FixUnit|Register_32bits:Register_instructiontemp|Rf_Register_8bits:register_component|enARdFF_2:b8  ; enARdFF_2           ; work         ;
;             |enARdFF_2:b9|                       ; 0 (0)               ; 1 (1)                     ; 0           ; 0            ; 0       ; 0         ; 0    ; 0            ; |processor|LoadUseHazard_Fix:LoadUseHazard_FixUnit|Register_32bits:Register_instructiontemp|Rf_Register_8bits:register_component|enARdFF_2:b9  ; enARdFF_2           ; work         ;
;       |Register_32bits:Register_operand1|        ; 0 (0)               ; 32 (0)                    ; 0           ; 0            ; 0       ; 0         ; 0    ; 0            ; |processor|LoadUseHazard_Fix:LoadUseHazard_FixUnit|Register_32bits:Register_operand1                                                           ; Register_32bits     ; work         ;
;          |Rf_Register_8bits:register_component|  ; 0 (0)               ; 32 (0)                    ; 0           ; 0            ; 0       ; 0         ; 0    ; 0            ; |processor|LoadUseHazard_Fix:LoadUseHazard_FixUnit|Register_32bits:Register_operand1|Rf_Register_8bits:register_component                      ; Rf_Register_8bits   ; work         ;
;             |enARdFF_2:b0|                       ; 0 (0)               ; 1 (1)                     ; 0           ; 0            ; 0       ; 0         ; 0    ; 0            ; |processor|LoadUseHazard_Fix:LoadUseHazard_FixUnit|Register_32bits:Register_operand1|Rf_Register_8bits:register_component|enARdFF_2:b0         ; enARdFF_2           ; work         ;
;             |enARdFF_2:b10|                      ; 0 (0)               ; 1 (1)                     ; 0           ; 0            ; 0       ; 0         ; 0    ; 0            ; |processor|LoadUseHazard_Fix:LoadUseHazard_FixUnit|Register_32bits:Register_operand1|Rf_Register_8bits:register_component|enARdFF_2:b10        ; enARdFF_2           ; work         ;
;             |enARdFF_2:b11|                      ; 0 (0)               ; 1 (1)                     ; 0           ; 0            ; 0       ; 0         ; 0    ; 0            ; |processor|LoadUseHazard_Fix:LoadUseHazard_FixUnit|Register_32bits:Register_operand1|Rf_Register_8bits:register_component|enARdFF_2:b11        ; enARdFF_2           ; work         ;
;             |enARdFF_2:b12|                      ; 0 (0)               ; 1 (1)                     ; 0           ; 0            ; 0       ; 0         ; 0    ; 0            ; |processor|LoadUseHazard_Fix:LoadUseHazard_FixUnit|Register_32bits:Register_operand1|Rf_Register_8bits:register_component|enARdFF_2:b12        ; enARdFF_2           ; work         ;
;             |enARdFF_2:b13|                      ; 0 (0)               ; 1 (1)                     ; 0           ; 0            ; 0       ; 0         ; 0    ; 0            ; |processor|LoadUseHazard_Fix:LoadUseHazard_FixUnit|Register_32bits:Register_operand1|Rf_Register_8bits:register_component|enARdFF_2:b13        ; enARdFF_2           ; work         ;
;             |enARdFF_2:b14|                      ; 0 (0)               ; 1 (1)                     ; 0           ; 0            ; 0       ; 0         ; 0    ; 0            ; |processor|LoadUseHazard_Fix:LoadUseHazard_FixUnit|Register_32bits:Register_operand1|Rf_Register_8bits:register_component|enARdFF_2:b14        ; enARdFF_2           ; work         ;
;             |enARdFF_2:b15|                      ; 0 (0)               ; 1 (1)                     ; 0           ; 0            ; 0       ; 0         ; 0    ; 0            ; |processor|LoadUseHazard_Fix:LoadUseHazard_FixUnit|Register_32bits:Register_operand1|Rf_Register_8bits:register_component|enARdFF_2:b15        ; enARdFF_2           ; work         ;
;             |enARdFF_2:b16|                      ; 0 (0)               ; 1 (1)                     ; 0           ; 0            ; 0       ; 0         ; 0    ; 0            ; |processor|LoadUseHazard_Fix:LoadUseHazard_FixUnit|Register_32bits:Register_operand1|Rf_Register_8bits:register_component|enARdFF_2:b16        ; enARdFF_2           ; work         ;
;             |enARdFF_2:b17|                      ; 0 (0)               ; 1 (1)                     ; 0           ; 0            ; 0       ; 0         ; 0    ; 0            ; |processor|LoadUseHazard_Fix:LoadUseHazard_FixUnit|Register_32bits:Register_operand1|Rf_Register_8bits:register_component|enARdFF_2:b17        ; enARdFF_2           ; work         ;
;             |enARdFF_2:b18|                      ; 0 (0)               ; 1 (1)                     ; 0           ; 0            ; 0       ; 0         ; 0    ; 0            ; |processor|LoadUseHazard_Fix:LoadUseHazard_FixUnit|Register_32bits:Register_operand1|Rf_Register_8bits:register_component|enARdFF_2:b18        ; enARdFF_2           ; work         ;
;             |enARdFF_2:b19|                      ; 0 (0)               ; 1 (1)                     ; 0           ; 0            ; 0       ; 0         ; 0    ; 0            ; |processor|LoadUseHazard_Fix:LoadUseHazard_FixUnit|Register_32bits:Register_operand1|Rf_Register_8bits:register_component|enARdFF_2:b19        ; enARdFF_2           ; work         ;
;             |enARdFF_2:b1|                       ; 0 (0)               ; 1 (1)                     ; 0           ; 0            ; 0       ; 0         ; 0    ; 0            ; |processor|LoadUseHazard_Fix:LoadUseHazard_FixUnit|Register_32bits:Register_operand1|Rf_Register_8bits:register_component|enARdFF_2:b1         ; enARdFF_2           ; work         ;
;             |enARdFF_2:b20|                      ; 0 (0)               ; 1 (1)                     ; 0           ; 0            ; 0       ; 0         ; 0    ; 0            ; |processor|LoadUseHazard_Fix:LoadUseHazard_FixUnit|Register_32bits:Register_operand1|Rf_Register_8bits:register_component|enARdFF_2:b20        ; enARdFF_2           ; work         ;
;             |enARdFF_2:b21|                      ; 0 (0)               ; 1 (1)                     ; 0           ; 0            ; 0       ; 0         ; 0    ; 0            ; |processor|LoadUseHazard_Fix:LoadUseHazard_FixUnit|Register_32bits:Register_operand1|Rf_Register_8bits:register_component|enARdFF_2:b21        ; enARdFF_2           ; work         ;
;             |enARdFF_2:b22|                      ; 0 (0)               ; 1 (1)                     ; 0           ; 0            ; 0       ; 0         ; 0    ; 0            ; |processor|LoadUseHazard_Fix:LoadUseHazard_FixUnit|Register_32bits:Register_operand1|Rf_Register_8bits:register_component|enARdFF_2:b22        ; enARdFF_2           ; work         ;
;             |enARdFF_2:b23|                      ; 0 (0)               ; 1 (1)                     ; 0           ; 0            ; 0       ; 0         ; 0    ; 0            ; |processor|LoadUseHazard_Fix:LoadUseHazard_FixUnit|Register_32bits:Register_operand1|Rf_Register_8bits:register_component|enARdFF_2:b23        ; enARdFF_2           ; work         ;
;             |enARdFF_2:b24|                      ; 0 (0)               ; 1 (1)                     ; 0           ; 0            ; 0       ; 0         ; 0    ; 0            ; |processor|LoadUseHazard_Fix:LoadUseHazard_FixUnit|Register_32bits:Register_operand1|Rf_Register_8bits:register_component|enARdFF_2:b24        ; enARdFF_2           ; work         ;
;             |enARdFF_2:b25|                      ; 0 (0)               ; 1 (1)                     ; 0           ; 0            ; 0       ; 0         ; 0    ; 0            ; |processor|LoadUseHazard_Fix:LoadUseHazard_FixUnit|Register_32bits:Register_operand1|Rf_Register_8bits:register_component|enARdFF_2:b25        ; enARdFF_2           ; work         ;
;             |enARdFF_2:b26|                      ; 0 (0)               ; 1 (1)                     ; 0           ; 0            ; 0       ; 0         ; 0    ; 0            ; |processor|LoadUseHazard_Fix:LoadUseHazard_FixUnit|Register_32bits:Register_operand1|Rf_Register_8bits:register_component|enARdFF_2:b26        ; enARdFF_2           ; work         ;
;             |enARdFF_2:b27|                      ; 0 (0)               ; 1 (1)                     ; 0           ; 0            ; 0       ; 0         ; 0    ; 0            ; |processor|LoadUseHazard_Fix:LoadUseHazard_FixUnit|Register_32bits:Register_operand1|Rf_Register_8bits:register_component|enARdFF_2:b27        ; enARdFF_2           ; work         ;
;             |enARdFF_2:b28|                      ; 0 (0)               ; 1 (1)                     ; 0           ; 0            ; 0       ; 0         ; 0    ; 0            ; |processor|LoadUseHazard_Fix:LoadUseHazard_FixUnit|Register_32bits:Register_operand1|Rf_Register_8bits:register_component|enARdFF_2:b28        ; enARdFF_2           ; work         ;
;             |enARdFF_2:b29|                      ; 0 (0)               ; 1 (1)                     ; 0           ; 0            ; 0       ; 0         ; 0    ; 0            ; |processor|LoadUseHazard_Fix:LoadUseHazard_FixUnit|Register_32bits:Register_operand1|Rf_Register_8bits:register_component|enARdFF_2:b29        ; enARdFF_2           ; work         ;
;             |enARdFF_2:b2|                       ; 0 (0)               ; 1 (1)                     ; 0           ; 0            ; 0       ; 0         ; 0    ; 0            ; |processor|LoadUseHazard_Fix:LoadUseHazard_FixUnit|Register_32bits:Register_operand1|Rf_Register_8bits:register_component|enARdFF_2:b2         ; enARdFF_2           ; work         ;
;             |enARdFF_2:b30|                      ; 0 (0)               ; 1 (1)                     ; 0           ; 0            ; 0       ; 0         ; 0    ; 0            ; |processor|LoadUseHazard_Fix:LoadUseHazard_FixUnit|Register_32bits:Register_operand1|Rf_Register_8bits:register_component|enARdFF_2:b30        ; enARdFF_2           ; work         ;
;             |enARdFF_2:b31|                      ; 0 (0)               ; 1 (1)                     ; 0           ; 0            ; 0       ; 0         ; 0    ; 0            ; |processor|LoadUseHazard_Fix:LoadUseHazard_FixUnit|Register_32bits:Register_operand1|Rf_Register_8bits:register_component|enARdFF_2:b31        ; enARdFF_2           ; work         ;
;             |enARdFF_2:b3|                       ; 0 (0)               ; 1 (1)                     ; 0           ; 0            ; 0       ; 0         ; 0    ; 0            ; |processor|LoadUseHazard_Fix:LoadUseHazard_FixUnit|Register_32bits:Register_operand1|Rf_Register_8bits:register_component|enARdFF_2:b3         ; enARdFF_2           ; work         ;
;             |enARdFF_2:b4|                       ; 0 (0)               ; 1 (1)                     ; 0           ; 0            ; 0       ; 0         ; 0    ; 0            ; |processor|LoadUseHazard_Fix:LoadUseHazard_FixUnit|Register_32bits:Register_operand1|Rf_Register_8bits:register_component|enARdFF_2:b4         ; enARdFF_2           ; work         ;
;             |enARdFF_2:b5|                       ; 0 (0)               ; 1 (1)                     ; 0           ; 0            ; 0       ; 0         ; 0    ; 0            ; |processor|LoadUseHazard_Fix:LoadUseHazard_FixUnit|Register_32bits:Register_operand1|Rf_Register_8bits:register_component|enARdFF_2:b5         ; enARdFF_2           ; work         ;
;             |enARdFF_2:b6|                       ; 0 (0)               ; 1 (1)                     ; 0           ; 0            ; 0       ; 0         ; 0    ; 0            ; |processor|LoadUseHazard_Fix:LoadUseHazard_FixUnit|Register_32bits:Register_operand1|Rf_Register_8bits:register_component|enARdFF_2:b6         ; enARdFF_2           ; work         ;
;             |enARdFF_2:b7|                       ; 0 (0)               ; 1 (1)                     ; 0           ; 0            ; 0       ; 0         ; 0    ; 0            ; |processor|LoadUseHazard_Fix:LoadUseHazard_FixUnit|Register_32bits:Register_operand1|Rf_Register_8bits:register_component|enARdFF_2:b7         ; enARdFF_2           ; work         ;
;             |enARdFF_2:b8|                       ; 0 (0)               ; 1 (1)                     ; 0           ; 0            ; 0       ; 0         ; 0    ; 0            ; |processor|LoadUseHazard_Fix:LoadUseHazard_FixUnit|Register_32bits:Register_operand1|Rf_Register_8bits:register_component|enARdFF_2:b8         ; enARdFF_2           ; work         ;
;             |enARdFF_2:b9|                       ; 0 (0)               ; 1 (1)                     ; 0           ; 0            ; 0       ; 0         ; 0    ; 0            ; |processor|LoadUseHazard_Fix:LoadUseHazard_FixUnit|Register_32bits:Register_operand1|Rf_Register_8bits:register_component|enARdFF_2:b9         ; enARdFF_2           ; work         ;
;       |Register_32bits:Register_operand2|        ; 0 (0)               ; 32 (0)                    ; 0           ; 0            ; 0       ; 0         ; 0    ; 0            ; |processor|LoadUseHazard_Fix:LoadUseHazard_FixUnit|Register_32bits:Register_operand2                                                           ; Register_32bits     ; work         ;
;          |Rf_Register_8bits:register_component|  ; 0 (0)               ; 32 (0)                    ; 0           ; 0            ; 0       ; 0         ; 0    ; 0            ; |processor|LoadUseHazard_Fix:LoadUseHazard_FixUnit|Register_32bits:Register_operand2|Rf_Register_8bits:register_component                      ; Rf_Register_8bits   ; work         ;
;             |enARdFF_2:b0|                       ; 0 (0)               ; 1 (1)                     ; 0           ; 0            ; 0       ; 0         ; 0    ; 0            ; |processor|LoadUseHazard_Fix:LoadUseHazard_FixUnit|Register_32bits:Register_operand2|Rf_Register_8bits:register_component|enARdFF_2:b0         ; enARdFF_2           ; work         ;
;             |enARdFF_2:b10|                      ; 0 (0)               ; 1 (1)                     ; 0           ; 0            ; 0       ; 0         ; 0    ; 0            ; |processor|LoadUseHazard_Fix:LoadUseHazard_FixUnit|Register_32bits:Register_operand2|Rf_Register_8bits:register_component|enARdFF_2:b10        ; enARdFF_2           ; work         ;
;             |enARdFF_2:b11|                      ; 0 (0)               ; 1 (1)                     ; 0           ; 0            ; 0       ; 0         ; 0    ; 0            ; |processor|LoadUseHazard_Fix:LoadUseHazard_FixUnit|Register_32bits:Register_operand2|Rf_Register_8bits:register_component|enARdFF_2:b11        ; enARdFF_2           ; work         ;
;             |enARdFF_2:b12|                      ; 0 (0)               ; 1 (1)                     ; 0           ; 0            ; 0       ; 0         ; 0    ; 0            ; |processor|LoadUseHazard_Fix:LoadUseHazard_FixUnit|Register_32bits:Register_operand2|Rf_Register_8bits:register_component|enARdFF_2:b12        ; enARdFF_2           ; work         ;
;             |enARdFF_2:b13|                      ; 0 (0)               ; 1 (1)                     ; 0           ; 0            ; 0       ; 0         ; 0    ; 0            ; |processor|LoadUseHazard_Fix:LoadUseHazard_FixUnit|Register_32bits:Register_operand2|Rf_Register_8bits:register_component|enARdFF_2:b13        ; enARdFF_2           ; work         ;
;             |enARdFF_2:b14|                      ; 0 (0)               ; 1 (1)                     ; 0           ; 0            ; 0       ; 0         ; 0    ; 0            ; |processor|LoadUseHazard_Fix:LoadUseHazard_FixUnit|Register_32bits:Register_operand2|Rf_Register_8bits:register_component|enARdFF_2:b14        ; enARdFF_2           ; work         ;
;             |enARdFF_2:b15|                      ; 0 (0)               ; 1 (1)                     ; 0           ; 0            ; 0       ; 0         ; 0    ; 0            ; |processor|LoadUseHazard_Fix:LoadUseHazard_FixUnit|Register_32bits:Register_operand2|Rf_Register_8bits:register_component|enARdFF_2:b15        ; enARdFF_2           ; work         ;
;             |enARdFF_2:b16|                      ; 0 (0)               ; 1 (1)                     ; 0           ; 0            ; 0       ; 0         ; 0    ; 0            ; |processor|LoadUseHazard_Fix:LoadUseHazard_FixUnit|Register_32bits:Register_operand2|Rf_Register_8bits:register_component|enARdFF_2:b16        ; enARdFF_2           ; work         ;
;             |enARdFF_2:b17|                      ; 0 (0)               ; 1 (1)                     ; 0           ; 0            ; 0       ; 0         ; 0    ; 0            ; |processor|LoadUseHazard_Fix:LoadUseHazard_FixUnit|Register_32bits:Register_operand2|Rf_Register_8bits:register_component|enARdFF_2:b17        ; enARdFF_2           ; work         ;
;             |enARdFF_2:b18|                      ; 0 (0)               ; 1 (1)                     ; 0           ; 0            ; 0       ; 0         ; 0    ; 0            ; |processor|LoadUseHazard_Fix:LoadUseHazard_FixUnit|Register_32bits:Register_operand2|Rf_Register_8bits:register_component|enARdFF_2:b18        ; enARdFF_2           ; work         ;
;             |enARdFF_2:b19|                      ; 0 (0)               ; 1 (1)                     ; 0           ; 0            ; 0       ; 0         ; 0    ; 0            ; |processor|LoadUseHazard_Fix:LoadUseHazard_FixUnit|Register_32bits:Register_operand2|Rf_Register_8bits:register_component|enARdFF_2:b19        ; enARdFF_2           ; work         ;
;             |enARdFF_2:b1|                       ; 0 (0)               ; 1 (1)                     ; 0           ; 0            ; 0       ; 0         ; 0    ; 0            ; |processor|LoadUseHazard_Fix:LoadUseHazard_FixUnit|Register_32bits:Register_operand2|Rf_Register_8bits:register_component|enARdFF_2:b1         ; enARdFF_2           ; work         ;
;             |enARdFF_2:b20|                      ; 0 (0)               ; 1 (1)                     ; 0           ; 0            ; 0       ; 0         ; 0    ; 0            ; |processor|LoadUseHazard_Fix:LoadUseHazard_FixUnit|Register_32bits:Register_operand2|Rf_Register_8bits:register_component|enARdFF_2:b20        ; enARdFF_2           ; work         ;
;             |enARdFF_2:b21|                      ; 0 (0)               ; 1 (1)                     ; 0           ; 0            ; 0       ; 0         ; 0    ; 0            ; |processor|LoadUseHazard_Fix:LoadUseHazard_FixUnit|Register_32bits:Register_operand2|Rf_Register_8bits:register_component|enARdFF_2:b21        ; enARdFF_2           ; work         ;
;             |enARdFF_2:b22|                      ; 0 (0)               ; 1 (1)                     ; 0           ; 0            ; 0       ; 0         ; 0    ; 0            ; |processor|LoadUseHazard_Fix:LoadUseHazard_FixUnit|Register_32bits:Register_operand2|Rf_Register_8bits:register_component|enARdFF_2:b22        ; enARdFF_2           ; work         ;
;             |enARdFF_2:b23|                      ; 0 (0)               ; 1 (1)                     ; 0           ; 0            ; 0       ; 0         ; 0    ; 0            ; |processor|LoadUseHazard_Fix:LoadUseHazard_FixUnit|Register_32bits:Register_operand2|Rf_Register_8bits:register_component|enARdFF_2:b23        ; enARdFF_2           ; work         ;
;             |enARdFF_2:b24|                      ; 0 (0)               ; 1 (1)                     ; 0           ; 0            ; 0       ; 0         ; 0    ; 0            ; |processor|LoadUseHazard_Fix:LoadUseHazard_FixUnit|Register_32bits:Register_operand2|Rf_Register_8bits:register_component|enARdFF_2:b24        ; enARdFF_2           ; work         ;
;             |enARdFF_2:b25|                      ; 0 (0)               ; 1 (1)                     ; 0           ; 0            ; 0       ; 0         ; 0    ; 0            ; |processor|LoadUseHazard_Fix:LoadUseHazard_FixUnit|Register_32bits:Register_operand2|Rf_Register_8bits:register_component|enARdFF_2:b25        ; enARdFF_2           ; work         ;
;             |enARdFF_2:b26|                      ; 0 (0)               ; 1 (1)                     ; 0           ; 0            ; 0       ; 0         ; 0    ; 0            ; |processor|LoadUseHazard_Fix:LoadUseHazard_FixUnit|Register_32bits:Register_operand2|Rf_Register_8bits:register_component|enARdFF_2:b26        ; enARdFF_2           ; work         ;
;             |enARdFF_2:b27|                      ; 0 (0)               ; 1 (1)                     ; 0           ; 0            ; 0       ; 0         ; 0    ; 0            ; |processor|LoadUseHazard_Fix:LoadUseHazard_FixUnit|Register_32bits:Register_operand2|Rf_Register_8bits:register_component|enARdFF_2:b27        ; enARdFF_2           ; work         ;
;             |enARdFF_2:b28|                      ; 0 (0)               ; 1 (1)                     ; 0           ; 0            ; 0       ; 0         ; 0    ; 0            ; |processor|LoadUseHazard_Fix:LoadUseHazard_FixUnit|Register_32bits:Register_operand2|Rf_Register_8bits:register_component|enARdFF_2:b28        ; enARdFF_2           ; work         ;
;             |enARdFF_2:b29|                      ; 0 (0)               ; 1 (1)                     ; 0           ; 0            ; 0       ; 0         ; 0    ; 0            ; |processor|LoadUseHazard_Fix:LoadUseHazard_FixUnit|Register_32bits:Register_operand2|Rf_Register_8bits:register_component|enARdFF_2:b29        ; enARdFF_2           ; work         ;
;             |enARdFF_2:b2|                       ; 0 (0)               ; 1 (1)                     ; 0           ; 0            ; 0       ; 0         ; 0    ; 0            ; |processor|LoadUseHazard_Fix:LoadUseHazard_FixUnit|Register_32bits:Register_operand2|Rf_Register_8bits:register_component|enARdFF_2:b2         ; enARdFF_2           ; work         ;
;             |enARdFF_2:b30|                      ; 0 (0)               ; 1 (1)                     ; 0           ; 0            ; 0       ; 0         ; 0    ; 0            ; |processor|LoadUseHazard_Fix:LoadUseHazard_FixUnit|Register_32bits:Register_operand2|Rf_Register_8bits:register_component|enARdFF_2:b30        ; enARdFF_2           ; work         ;
;             |enARdFF_2:b31|                      ; 0 (0)               ; 1 (1)                     ; 0           ; 0            ; 0       ; 0         ; 0    ; 0            ; |processor|LoadUseHazard_Fix:LoadUseHazard_FixUnit|Register_32bits:Register_operand2|Rf_Register_8bits:register_component|enARdFF_2:b31        ; enARdFF_2           ; work         ;
;             |enARdFF_2:b3|                       ; 0 (0)               ; 1 (1)                     ; 0           ; 0            ; 0       ; 0         ; 0    ; 0            ; |processor|LoadUseHazard_Fix:LoadUseHazard_FixUnit|Register_32bits:Register_operand2|Rf_Register_8bits:register_component|enARdFF_2:b3         ; enARdFF_2           ; work         ;
;             |enARdFF_2:b4|                       ; 0 (0)               ; 1 (1)                     ; 0           ; 0            ; 0       ; 0         ; 0    ; 0            ; |processor|LoadUseHazard_Fix:LoadUseHazard_FixUnit|Register_32bits:Register_operand2|Rf_Register_8bits:register_component|enARdFF_2:b4         ; enARdFF_2           ; work         ;
;             |enARdFF_2:b5|                       ; 0 (0)               ; 1 (1)                     ; 0           ; 0            ; 0       ; 0         ; 0    ; 0            ; |processor|LoadUseHazard_Fix:LoadUseHazard_FixUnit|Register_32bits:Register_operand2|Rf_Register_8bits:register_component|enARdFF_2:b5         ; enARdFF_2           ; work         ;
;             |enARdFF_2:b6|                       ; 0 (0)               ; 1 (1)                     ; 0           ; 0            ; 0       ; 0         ; 0    ; 0            ; |processor|LoadUseHazard_Fix:LoadUseHazard_FixUnit|Register_32bits:Register_operand2|Rf_Register_8bits:register_component|enARdFF_2:b6         ; enARdFF_2           ; work         ;
;             |enARdFF_2:b7|                       ; 0 (0)               ; 1 (1)                     ; 0           ; 0            ; 0       ; 0         ; 0    ; 0            ; |processor|LoadUseHazard_Fix:LoadUseHazard_FixUnit|Register_32bits:Register_operand2|Rf_Register_8bits:register_component|enARdFF_2:b7         ; enARdFF_2           ; work         ;
;             |enARdFF_2:b8|                       ; 0 (0)               ; 1 (1)                     ; 0           ; 0            ; 0       ; 0         ; 0    ; 0            ; |processor|LoadUseHazard_Fix:LoadUseHazard_FixUnit|Register_32bits:Register_operand2|Rf_Register_8bits:register_component|enARdFF_2:b8         ; enARdFF_2           ; work         ;
;             |enARdFF_2:b9|                       ; 0 (0)               ; 1 (1)                     ; 0           ; 0            ; 0       ; 0         ; 0    ; 0            ; |processor|LoadUseHazard_Fix:LoadUseHazard_FixUnit|Register_32bits:Register_operand2|Rf_Register_8bits:register_component|enARdFF_2:b9         ; enARdFF_2           ; work         ;
;       |eightBitComparator:instruction_not0|      ; 10 (0)              ; 0 (0)                     ; 0           ; 0            ; 0       ; 0         ; 0    ; 0            ; |processor|LoadUseHazard_Fix:LoadUseHazard_FixUnit|eightBitComparator:instruction_not0                                                         ; eightBitComparator  ; work         ;
;          |oneBitComparator:comp0|                ; 10 (10)             ; 0 (0)                     ; 0           ; 0            ; 0       ; 0         ; 0    ; 0            ; |processor|LoadUseHazard_Fix:LoadUseHazard_FixUnit|eightBitComparator:instruction_not0|oneBitComparator:comp0                                  ; oneBitComparator    ; work         ;
;       |eightBitComparator:same_instruction|      ; 46 (0)              ; 0 (0)                     ; 0           ; 0            ; 0       ; 0         ; 0    ; 0            ; |processor|LoadUseHazard_Fix:LoadUseHazard_FixUnit|eightBitComparator:same_instruction                                                         ; eightBitComparator  ; work         ;
;          |oneBitComparator:comp11|               ; 6 (6)               ; 0 (0)                     ; 0           ; 0            ; 0       ; 0         ; 0    ; 0            ; |processor|LoadUseHazard_Fix:LoadUseHazard_FixUnit|eightBitComparator:same_instruction|oneBitComparator:comp11                                 ; oneBitComparator    ; work         ;
;          |oneBitComparator:comp14|               ; 6 (6)               ; 0 (0)                     ; 0           ; 0            ; 0       ; 0         ; 0    ; 0            ; |processor|LoadUseHazard_Fix:LoadUseHazard_FixUnit|eightBitComparator:same_instruction|oneBitComparator:comp14                                 ; oneBitComparator    ; work         ;
;          |oneBitComparator:comp17|               ; 6 (6)               ; 0 (0)                     ; 0           ; 0            ; 0       ; 0         ; 0    ; 0            ; |processor|LoadUseHazard_Fix:LoadUseHazard_FixUnit|eightBitComparator:same_instruction|oneBitComparator:comp17                                 ; oneBitComparator    ; work         ;
;          |oneBitComparator:comp20|               ; 6 (6)               ; 0 (0)                     ; 0           ; 0            ; 0       ; 0         ; 0    ; 0            ; |processor|LoadUseHazard_Fix:LoadUseHazard_FixUnit|eightBitComparator:same_instruction|oneBitComparator:comp20                                 ; oneBitComparator    ; work         ;
;          |oneBitComparator:comp23|               ; 6 (6)               ; 0 (0)                     ; 0           ; 0            ; 0       ; 0         ; 0    ; 0            ; |processor|LoadUseHazard_Fix:LoadUseHazard_FixUnit|eightBitComparator:same_instruction|oneBitComparator:comp23                                 ; oneBitComparator    ; work         ;
;          |oneBitComparator:comp26|               ; 6 (6)               ; 0 (0)                     ; 0           ; 0            ; 0       ; 0         ; 0    ; 0            ; |processor|LoadUseHazard_Fix:LoadUseHazard_FixUnit|eightBitComparator:same_instruction|oneBitComparator:comp26                                 ; oneBitComparator    ; work         ;
;          |oneBitComparator:comp29|               ; 4 (4)               ; 0 (0)                     ; 0           ; 0            ; 0       ; 0         ; 0    ; 0            ; |processor|LoadUseHazard_Fix:LoadUseHazard_FixUnit|eightBitComparator:same_instruction|oneBitComparator:comp29                                 ; oneBitComparator    ; work         ;
;          |oneBitComparator:comp8|                ; 6 (6)               ; 0 (0)                     ; 0           ; 0            ; 0       ; 0         ; 0    ; 0            ; |processor|LoadUseHazard_Fix:LoadUseHazard_FixUnit|eightBitComparator:same_instruction|oneBitComparator:comp8                                  ; oneBitComparator    ; work         ;
;       |enARdFF_2:same_rs_ifid_idex|              ; 0 (0)               ; 1 (1)                     ; 0           ; 0            ; 0       ; 0         ; 0    ; 0            ; |processor|LoadUseHazard_Fix:LoadUseHazard_FixUnit|enARdFF_2:same_rs_ifid_idex                                                                 ; enARdFF_2           ; work         ;
;       |enARdFF_2:same_rt_ifid_idex|              ; 0 (0)               ; 1 (1)                     ; 0           ; 0            ; 0       ; 0         ; 0    ; 0            ; |processor|LoadUseHazard_Fix:LoadUseHazard_FixUnit|enARdFF_2:same_rt_ifid_idex                                                                 ; enARdFF_2           ; work         ;
;       |fiveBitComparator:rs_compare|             ; 2 (0)               ; 0 (0)                     ; 0           ; 0            ; 0       ; 0         ; 0    ; 0            ; |processor|LoadUseHazard_Fix:LoadUseHazard_FixUnit|fiveBitComparator:rs_compare                                                                ; fiveBitComparator   ; work         ;
;          |oneBitComparator:comp1|                ; 1 (1)               ; 0 (0)                     ; 0           ; 0            ; 0       ; 0         ; 0    ; 0            ; |processor|LoadUseHazard_Fix:LoadUseHazard_FixUnit|fiveBitComparator:rs_compare|oneBitComparator:comp1                                         ; oneBitComparator    ; work         ;
;          |oneBitComparator:comp2|                ; 1 (1)               ; 0 (0)                     ; 0           ; 0            ; 0       ; 0         ; 0    ; 0            ; |processor|LoadUseHazard_Fix:LoadUseHazard_FixUnit|fiveBitComparator:rs_compare|oneBitComparator:comp2                                         ; oneBitComparator    ; work         ;
;       |fiveBitComparator:rt_compare|             ; 2 (0)               ; 0 (0)                     ; 0           ; 0            ; 0       ; 0         ; 0    ; 0            ; |processor|LoadUseHazard_Fix:LoadUseHazard_FixUnit|fiveBitComparator:rt_compare                                                                ; fiveBitComparator   ; work         ;
;          |oneBitComparator:comp1|                ; 1 (1)               ; 0 (0)                     ; 0           ; 0            ; 0       ; 0         ; 0    ; 0            ; |processor|LoadUseHazard_Fix:LoadUseHazard_FixUnit|fiveBitComparator:rt_compare|oneBitComparator:comp1                                         ; oneBitComparator    ; work         ;
;          |oneBitComparator:comp2|                ; 1 (1)               ; 0 (0)                     ; 0           ; 0            ; 0       ; 0         ; 0    ; 0            ; |processor|LoadUseHazard_Fix:LoadUseHazard_FixUnit|fiveBitComparator:rt_compare|oneBitComparator:comp2                                         ; oneBitComparator    ; work         ;
;       |twobitcounter:twobitcnt|                  ; 8 (0)               ; 1 (0)                     ; 0           ; 0            ; 0       ; 0         ; 0    ; 0            ; |processor|LoadUseHazard_Fix:LoadUseHazard_FixUnit|twobitcounter:twobitcnt                                                                     ; twobitcounter       ; work         ;
;          |enARdFF_2:lsb|                         ; 8 (8)               ; 1 (1)                     ; 0           ; 0            ; 0       ; 0         ; 0    ; 0            ; |processor|LoadUseHazard_Fix:LoadUseHazard_FixUnit|twobitcounter:twobitcnt|enARdFF_2:lsb                                                       ; enARdFF_2           ; work         ;
;    |MEM_WB:MEMWB|                                ; 0 (0)               ; 103 (0)                   ; 0           ; 0            ; 0       ; 0         ; 0    ; 0            ; |processor|MEM_WB:MEMWB                                                                                                                        ; MEM_WB              ; work         ;
;       |Register_2bits:control_signal|            ; 0 (0)               ; 2 (0)                     ; 0           ; 0            ; 0       ; 0         ; 0    ; 0            ; |processor|MEM_WB:MEMWB|Register_2bits:control_signal                                                                                          ; Register_2bits      ; work         ;
;          |enARdFF_2:b0|                          ; 0 (0)               ; 1 (1)                     ; 0           ; 0            ; 0       ; 0         ; 0    ; 0            ; |processor|MEM_WB:MEMWB|Register_2bits:control_signal|enARdFF_2:b0                                                                             ; enARdFF_2           ; work         ;
;          |enARdFF_2:b1|                          ; 0 (0)               ; 1 (1)                     ; 0           ; 0            ; 0       ; 0         ; 0    ; 0            ; |processor|MEM_WB:MEMWB|Register_2bits:control_signal|enARdFF_2:b1                                                                             ; enARdFF_2           ; work         ;
;       |Register_32bits:instruction_val|          ; 0 (0)               ; 32 (0)                    ; 0           ; 0            ; 0       ; 0         ; 0    ; 0            ; |processor|MEM_WB:MEMWB|Register_32bits:instruction_val                                                                                        ; Register_32bits     ; work         ;
;          |Rf_Register_8bits:register_component|  ; 0 (0)               ; 32 (0)                    ; 0           ; 0            ; 0       ; 0         ; 0    ; 0            ; |processor|MEM_WB:MEMWB|Register_32bits:instruction_val|Rf_Register_8bits:register_component                                                   ; Rf_Register_8bits   ; work         ;
;             |enARdFF_2:b0|                       ; 0 (0)               ; 1 (1)                     ; 0           ; 0            ; 0       ; 0         ; 0    ; 0            ; |processor|MEM_WB:MEMWB|Register_32bits:instruction_val|Rf_Register_8bits:register_component|enARdFF_2:b0                                      ; enARdFF_2           ; work         ;
;             |enARdFF_2:b10|                      ; 0 (0)               ; 1 (1)                     ; 0           ; 0            ; 0       ; 0         ; 0    ; 0            ; |processor|MEM_WB:MEMWB|Register_32bits:instruction_val|Rf_Register_8bits:register_component|enARdFF_2:b10                                     ; enARdFF_2           ; work         ;
;             |enARdFF_2:b11|                      ; 0 (0)               ; 1 (1)                     ; 0           ; 0            ; 0       ; 0         ; 0    ; 0            ; |processor|MEM_WB:MEMWB|Register_32bits:instruction_val|Rf_Register_8bits:register_component|enARdFF_2:b11                                     ; enARdFF_2           ; work         ;
;             |enARdFF_2:b12|                      ; 0 (0)               ; 1 (1)                     ; 0           ; 0            ; 0       ; 0         ; 0    ; 0            ; |processor|MEM_WB:MEMWB|Register_32bits:instruction_val|Rf_Register_8bits:register_component|enARdFF_2:b12                                     ; enARdFF_2           ; work         ;
;             |enARdFF_2:b13|                      ; 0 (0)               ; 1 (1)                     ; 0           ; 0            ; 0       ; 0         ; 0    ; 0            ; |processor|MEM_WB:MEMWB|Register_32bits:instruction_val|Rf_Register_8bits:register_component|enARdFF_2:b13                                     ; enARdFF_2           ; work         ;
;             |enARdFF_2:b14|                      ; 0 (0)               ; 1 (1)                     ; 0           ; 0            ; 0       ; 0         ; 0    ; 0            ; |processor|MEM_WB:MEMWB|Register_32bits:instruction_val|Rf_Register_8bits:register_component|enARdFF_2:b14                                     ; enARdFF_2           ; work         ;
;             |enARdFF_2:b15|                      ; 0 (0)               ; 1 (1)                     ; 0           ; 0            ; 0       ; 0         ; 0    ; 0            ; |processor|MEM_WB:MEMWB|Register_32bits:instruction_val|Rf_Register_8bits:register_component|enARdFF_2:b15                                     ; enARdFF_2           ; work         ;
;             |enARdFF_2:b16|                      ; 0 (0)               ; 1 (1)                     ; 0           ; 0            ; 0       ; 0         ; 0    ; 0            ; |processor|MEM_WB:MEMWB|Register_32bits:instruction_val|Rf_Register_8bits:register_component|enARdFF_2:b16                                     ; enARdFF_2           ; work         ;
;             |enARdFF_2:b17|                      ; 0 (0)               ; 1 (1)                     ; 0           ; 0            ; 0       ; 0         ; 0    ; 0            ; |processor|MEM_WB:MEMWB|Register_32bits:instruction_val|Rf_Register_8bits:register_component|enARdFF_2:b17                                     ; enARdFF_2           ; work         ;
;             |enARdFF_2:b18|                      ; 0 (0)               ; 1 (1)                     ; 0           ; 0            ; 0       ; 0         ; 0    ; 0            ; |processor|MEM_WB:MEMWB|Register_32bits:instruction_val|Rf_Register_8bits:register_component|enARdFF_2:b18                                     ; enARdFF_2           ; work         ;
;             |enARdFF_2:b19|                      ; 0 (0)               ; 1 (1)                     ; 0           ; 0            ; 0       ; 0         ; 0    ; 0            ; |processor|MEM_WB:MEMWB|Register_32bits:instruction_val|Rf_Register_8bits:register_component|enARdFF_2:b19                                     ; enARdFF_2           ; work         ;
;             |enARdFF_2:b1|                       ; 0 (0)               ; 1 (1)                     ; 0           ; 0            ; 0       ; 0         ; 0    ; 0            ; |processor|MEM_WB:MEMWB|Register_32bits:instruction_val|Rf_Register_8bits:register_component|enARdFF_2:b1                                      ; enARdFF_2           ; work         ;
;             |enARdFF_2:b20|                      ; 0 (0)               ; 1 (1)                     ; 0           ; 0            ; 0       ; 0         ; 0    ; 0            ; |processor|MEM_WB:MEMWB|Register_32bits:instruction_val|Rf_Register_8bits:register_component|enARdFF_2:b20                                     ; enARdFF_2           ; work         ;
;             |enARdFF_2:b21|                      ; 0 (0)               ; 1 (1)                     ; 0           ; 0            ; 0       ; 0         ; 0    ; 0            ; |processor|MEM_WB:MEMWB|Register_32bits:instruction_val|Rf_Register_8bits:register_component|enARdFF_2:b21                                     ; enARdFF_2           ; work         ;
;             |enARdFF_2:b22|                      ; 0 (0)               ; 1 (1)                     ; 0           ; 0            ; 0       ; 0         ; 0    ; 0            ; |processor|MEM_WB:MEMWB|Register_32bits:instruction_val|Rf_Register_8bits:register_component|enARdFF_2:b22                                     ; enARdFF_2           ; work         ;
;             |enARdFF_2:b23|                      ; 0 (0)               ; 1 (1)                     ; 0           ; 0            ; 0       ; 0         ; 0    ; 0            ; |processor|MEM_WB:MEMWB|Register_32bits:instruction_val|Rf_Register_8bits:register_component|enARdFF_2:b23                                     ; enARdFF_2           ; work         ;
;             |enARdFF_2:b24|                      ; 0 (0)               ; 1 (1)                     ; 0           ; 0            ; 0       ; 0         ; 0    ; 0            ; |processor|MEM_WB:MEMWB|Register_32bits:instruction_val|Rf_Register_8bits:register_component|enARdFF_2:b24                                     ; enARdFF_2           ; work         ;
;             |enARdFF_2:b25|                      ; 0 (0)               ; 1 (1)                     ; 0           ; 0            ; 0       ; 0         ; 0    ; 0            ; |processor|MEM_WB:MEMWB|Register_32bits:instruction_val|Rf_Register_8bits:register_component|enARdFF_2:b25                                     ; enARdFF_2           ; work         ;
;             |enARdFF_2:b26|                      ; 0 (0)               ; 1 (1)                     ; 0           ; 0            ; 0       ; 0         ; 0    ; 0            ; |processor|MEM_WB:MEMWB|Register_32bits:instruction_val|Rf_Register_8bits:register_component|enARdFF_2:b26                                     ; enARdFF_2           ; work         ;
;             |enARdFF_2:b27|                      ; 0 (0)               ; 1 (1)                     ; 0           ; 0            ; 0       ; 0         ; 0    ; 0            ; |processor|MEM_WB:MEMWB|Register_32bits:instruction_val|Rf_Register_8bits:register_component|enARdFF_2:b27                                     ; enARdFF_2           ; work         ;
;             |enARdFF_2:b28|                      ; 0 (0)               ; 1 (1)                     ; 0           ; 0            ; 0       ; 0         ; 0    ; 0            ; |processor|MEM_WB:MEMWB|Register_32bits:instruction_val|Rf_Register_8bits:register_component|enARdFF_2:b28                                     ; enARdFF_2           ; work         ;
;             |enARdFF_2:b29|                      ; 0 (0)               ; 1 (1)                     ; 0           ; 0            ; 0       ; 0         ; 0    ; 0            ; |processor|MEM_WB:MEMWB|Register_32bits:instruction_val|Rf_Register_8bits:register_component|enARdFF_2:b29                                     ; enARdFF_2           ; work         ;
;             |enARdFF_2:b2|                       ; 0 (0)               ; 1 (1)                     ; 0           ; 0            ; 0       ; 0         ; 0    ; 0            ; |processor|MEM_WB:MEMWB|Register_32bits:instruction_val|Rf_Register_8bits:register_component|enARdFF_2:b2                                      ; enARdFF_2           ; work         ;
;             |enARdFF_2:b30|                      ; 0 (0)               ; 1 (1)                     ; 0           ; 0            ; 0       ; 0         ; 0    ; 0            ; |processor|MEM_WB:MEMWB|Register_32bits:instruction_val|Rf_Register_8bits:register_component|enARdFF_2:b30                                     ; enARdFF_2           ; work         ;
;             |enARdFF_2:b31|                      ; 0 (0)               ; 1 (1)                     ; 0           ; 0            ; 0       ; 0         ; 0    ; 0            ; |processor|MEM_WB:MEMWB|Register_32bits:instruction_val|Rf_Register_8bits:register_component|enARdFF_2:b31                                     ; enARdFF_2           ; work         ;
;             |enARdFF_2:b3|                       ; 0 (0)               ; 1 (1)                     ; 0           ; 0            ; 0       ; 0         ; 0    ; 0            ; |processor|MEM_WB:MEMWB|Register_32bits:instruction_val|Rf_Register_8bits:register_component|enARdFF_2:b3                                      ; enARdFF_2           ; work         ;
;             |enARdFF_2:b4|                       ; 0 (0)               ; 1 (1)                     ; 0           ; 0            ; 0       ; 0         ; 0    ; 0            ; |processor|MEM_WB:MEMWB|Register_32bits:instruction_val|Rf_Register_8bits:register_component|enARdFF_2:b4                                      ; enARdFF_2           ; work         ;
;             |enARdFF_2:b5|                       ; 0 (0)               ; 1 (1)                     ; 0           ; 0            ; 0       ; 0         ; 0    ; 0            ; |processor|MEM_WB:MEMWB|Register_32bits:instruction_val|Rf_Register_8bits:register_component|enARdFF_2:b5                                      ; enARdFF_2           ; work         ;
;             |enARdFF_2:b6|                       ; 0 (0)               ; 1 (1)                     ; 0           ; 0            ; 0       ; 0         ; 0    ; 0            ; |processor|MEM_WB:MEMWB|Register_32bits:instruction_val|Rf_Register_8bits:register_component|enARdFF_2:b6                                      ; enARdFF_2           ; work         ;
;             |enARdFF_2:b7|                       ; 0 (0)               ; 1 (1)                     ; 0           ; 0            ; 0       ; 0         ; 0    ; 0            ; |processor|MEM_WB:MEMWB|Register_32bits:instruction_val|Rf_Register_8bits:register_component|enARdFF_2:b7                                      ; enARdFF_2           ; work         ;
;             |enARdFF_2:b8|                       ; 0 (0)               ; 1 (1)                     ; 0           ; 0            ; 0       ; 0         ; 0    ; 0            ; |processor|MEM_WB:MEMWB|Register_32bits:instruction_val|Rf_Register_8bits:register_component|enARdFF_2:b8                                      ; enARdFF_2           ; work         ;
;             |enARdFF_2:b9|                       ; 0 (0)               ; 1 (1)                     ; 0           ; 0            ; 0       ; 0         ; 0    ; 0            ; |processor|MEM_WB:MEMWB|Register_32bits:instruction_val|Rf_Register_8bits:register_component|enARdFF_2:b9                                      ; enARdFF_2           ; work         ;
;       |Register_32bits:read_ram|                 ; 0 (0)               ; 32 (0)                    ; 0           ; 0            ; 0       ; 0         ; 0    ; 0            ; |processor|MEM_WB:MEMWB|Register_32bits:read_ram                                                                                               ; Register_32bits     ; work         ;
;          |Rf_Register_8bits:register_component|  ; 0 (0)               ; 32 (0)                    ; 0           ; 0            ; 0       ; 0         ; 0    ; 0            ; |processor|MEM_WB:MEMWB|Register_32bits:read_ram|Rf_Register_8bits:register_component                                                          ; Rf_Register_8bits   ; work         ;
;             |enARdFF_2:b0|                       ; 0 (0)               ; 1 (1)                     ; 0           ; 0            ; 0       ; 0         ; 0    ; 0            ; |processor|MEM_WB:MEMWB|Register_32bits:read_ram|Rf_Register_8bits:register_component|enARdFF_2:b0                                             ; enARdFF_2           ; work         ;
;             |enARdFF_2:b10|                      ; 0 (0)               ; 1 (1)                     ; 0           ; 0            ; 0       ; 0         ; 0    ; 0            ; |processor|MEM_WB:MEMWB|Register_32bits:read_ram|Rf_Register_8bits:register_component|enARdFF_2:b10                                            ; enARdFF_2           ; work         ;
;             |enARdFF_2:b11|                      ; 0 (0)               ; 1 (1)                     ; 0           ; 0            ; 0       ; 0         ; 0    ; 0            ; |processor|MEM_WB:MEMWB|Register_32bits:read_ram|Rf_Register_8bits:register_component|enARdFF_2:b11                                            ; enARdFF_2           ; work         ;
;             |enARdFF_2:b12|                      ; 0 (0)               ; 1 (1)                     ; 0           ; 0            ; 0       ; 0         ; 0    ; 0            ; |processor|MEM_WB:MEMWB|Register_32bits:read_ram|Rf_Register_8bits:register_component|enARdFF_2:b12                                            ; enARdFF_2           ; work         ;
;             |enARdFF_2:b13|                      ; 0 (0)               ; 1 (1)                     ; 0           ; 0            ; 0       ; 0         ; 0    ; 0            ; |processor|MEM_WB:MEMWB|Register_32bits:read_ram|Rf_Register_8bits:register_component|enARdFF_2:b13                                            ; enARdFF_2           ; work         ;
;             |enARdFF_2:b14|                      ; 0 (0)               ; 1 (1)                     ; 0           ; 0            ; 0       ; 0         ; 0    ; 0            ; |processor|MEM_WB:MEMWB|Register_32bits:read_ram|Rf_Register_8bits:register_component|enARdFF_2:b14                                            ; enARdFF_2           ; work         ;
;             |enARdFF_2:b15|                      ; 0 (0)               ; 1 (1)                     ; 0           ; 0            ; 0       ; 0         ; 0    ; 0            ; |processor|MEM_WB:MEMWB|Register_32bits:read_ram|Rf_Register_8bits:register_component|enARdFF_2:b15                                            ; enARdFF_2           ; work         ;
;             |enARdFF_2:b16|                      ; 0 (0)               ; 1 (1)                     ; 0           ; 0            ; 0       ; 0         ; 0    ; 0            ; |processor|MEM_WB:MEMWB|Register_32bits:read_ram|Rf_Register_8bits:register_component|enARdFF_2:b16                                            ; enARdFF_2           ; work         ;
;             |enARdFF_2:b17|                      ; 0 (0)               ; 1 (1)                     ; 0           ; 0            ; 0       ; 0         ; 0    ; 0            ; |processor|MEM_WB:MEMWB|Register_32bits:read_ram|Rf_Register_8bits:register_component|enARdFF_2:b17                                            ; enARdFF_2           ; work         ;
;             |enARdFF_2:b18|                      ; 0 (0)               ; 1 (1)                     ; 0           ; 0            ; 0       ; 0         ; 0    ; 0            ; |processor|MEM_WB:MEMWB|Register_32bits:read_ram|Rf_Register_8bits:register_component|enARdFF_2:b18                                            ; enARdFF_2           ; work         ;
;             |enARdFF_2:b19|                      ; 0 (0)               ; 1 (1)                     ; 0           ; 0            ; 0       ; 0         ; 0    ; 0            ; |processor|MEM_WB:MEMWB|Register_32bits:read_ram|Rf_Register_8bits:register_component|enARdFF_2:b19                                            ; enARdFF_2           ; work         ;
;             |enARdFF_2:b1|                       ; 0 (0)               ; 1 (1)                     ; 0           ; 0            ; 0       ; 0         ; 0    ; 0            ; |processor|MEM_WB:MEMWB|Register_32bits:read_ram|Rf_Register_8bits:register_component|enARdFF_2:b1                                             ; enARdFF_2           ; work         ;
;             |enARdFF_2:b20|                      ; 0 (0)               ; 1 (1)                     ; 0           ; 0            ; 0       ; 0         ; 0    ; 0            ; |processor|MEM_WB:MEMWB|Register_32bits:read_ram|Rf_Register_8bits:register_component|enARdFF_2:b20                                            ; enARdFF_2           ; work         ;
;             |enARdFF_2:b21|                      ; 0 (0)               ; 1 (1)                     ; 0           ; 0            ; 0       ; 0         ; 0    ; 0            ; |processor|MEM_WB:MEMWB|Register_32bits:read_ram|Rf_Register_8bits:register_component|enARdFF_2:b21                                            ; enARdFF_2           ; work         ;
;             |enARdFF_2:b22|                      ; 0 (0)               ; 1 (1)                     ; 0           ; 0            ; 0       ; 0         ; 0    ; 0            ; |processor|MEM_WB:MEMWB|Register_32bits:read_ram|Rf_Register_8bits:register_component|enARdFF_2:b22                                            ; enARdFF_2           ; work         ;
;             |enARdFF_2:b23|                      ; 0 (0)               ; 1 (1)                     ; 0           ; 0            ; 0       ; 0         ; 0    ; 0            ; |processor|MEM_WB:MEMWB|Register_32bits:read_ram|Rf_Register_8bits:register_component|enARdFF_2:b23                                            ; enARdFF_2           ; work         ;
;             |enARdFF_2:b24|                      ; 0 (0)               ; 1 (1)                     ; 0           ; 0            ; 0       ; 0         ; 0    ; 0            ; |processor|MEM_WB:MEMWB|Register_32bits:read_ram|Rf_Register_8bits:register_component|enARdFF_2:b24                                            ; enARdFF_2           ; work         ;
;             |enARdFF_2:b25|                      ; 0 (0)               ; 1 (1)                     ; 0           ; 0            ; 0       ; 0         ; 0    ; 0            ; |processor|MEM_WB:MEMWB|Register_32bits:read_ram|Rf_Register_8bits:register_component|enARdFF_2:b25                                            ; enARdFF_2           ; work         ;
;             |enARdFF_2:b26|                      ; 0 (0)               ; 1 (1)                     ; 0           ; 0            ; 0       ; 0         ; 0    ; 0            ; |processor|MEM_WB:MEMWB|Register_32bits:read_ram|Rf_Register_8bits:register_component|enARdFF_2:b26                                            ; enARdFF_2           ; work         ;
;             |enARdFF_2:b27|                      ; 0 (0)               ; 1 (1)                     ; 0           ; 0            ; 0       ; 0         ; 0    ; 0            ; |processor|MEM_WB:MEMWB|Register_32bits:read_ram|Rf_Register_8bits:register_component|enARdFF_2:b27                                            ; enARdFF_2           ; work         ;
;             |enARdFF_2:b28|                      ; 0 (0)               ; 1 (1)                     ; 0           ; 0            ; 0       ; 0         ; 0    ; 0            ; |processor|MEM_WB:MEMWB|Register_32bits:read_ram|Rf_Register_8bits:register_component|enARdFF_2:b28                                            ; enARdFF_2           ; work         ;
;             |enARdFF_2:b29|                      ; 0 (0)               ; 1 (1)                     ; 0           ; 0            ; 0       ; 0         ; 0    ; 0            ; |processor|MEM_WB:MEMWB|Register_32bits:read_ram|Rf_Register_8bits:register_component|enARdFF_2:b29                                            ; enARdFF_2           ; work         ;
;             |enARdFF_2:b2|                       ; 0 (0)               ; 1 (1)                     ; 0           ; 0            ; 0       ; 0         ; 0    ; 0            ; |processor|MEM_WB:MEMWB|Register_32bits:read_ram|Rf_Register_8bits:register_component|enARdFF_2:b2                                             ; enARdFF_2           ; work         ;
;             |enARdFF_2:b30|                      ; 0 (0)               ; 1 (1)                     ; 0           ; 0            ; 0       ; 0         ; 0    ; 0            ; |processor|MEM_WB:MEMWB|Register_32bits:read_ram|Rf_Register_8bits:register_component|enARdFF_2:b30                                            ; enARdFF_2           ; work         ;
;             |enARdFF_2:b31|                      ; 0 (0)               ; 1 (1)                     ; 0           ; 0            ; 0       ; 0         ; 0    ; 0            ; |processor|MEM_WB:MEMWB|Register_32bits:read_ram|Rf_Register_8bits:register_component|enARdFF_2:b31                                            ; enARdFF_2           ; work         ;
;             |enARdFF_2:b3|                       ; 0 (0)               ; 1 (1)                     ; 0           ; 0            ; 0       ; 0         ; 0    ; 0            ; |processor|MEM_WB:MEMWB|Register_32bits:read_ram|Rf_Register_8bits:register_component|enARdFF_2:b3                                             ; enARdFF_2           ; work         ;
;             |enARdFF_2:b4|                       ; 0 (0)               ; 1 (1)                     ; 0           ; 0            ; 0       ; 0         ; 0    ; 0            ; |processor|MEM_WB:MEMWB|Register_32bits:read_ram|Rf_Register_8bits:register_component|enARdFF_2:b4                                             ; enARdFF_2           ; work         ;
;             |enARdFF_2:b5|                       ; 0 (0)               ; 1 (1)                     ; 0           ; 0            ; 0       ; 0         ; 0    ; 0            ; |processor|MEM_WB:MEMWB|Register_32bits:read_ram|Rf_Register_8bits:register_component|enARdFF_2:b5                                             ; enARdFF_2           ; work         ;
;             |enARdFF_2:b6|                       ; 0 (0)               ; 1 (1)                     ; 0           ; 0            ; 0       ; 0         ; 0    ; 0            ; |processor|MEM_WB:MEMWB|Register_32bits:read_ram|Rf_Register_8bits:register_component|enARdFF_2:b6                                             ; enARdFF_2           ; work         ;
;             |enARdFF_2:b7|                       ; 0 (0)               ; 1 (1)                     ; 0           ; 0            ; 0       ; 0         ; 0    ; 0            ; |processor|MEM_WB:MEMWB|Register_32bits:read_ram|Rf_Register_8bits:register_component|enARdFF_2:b7                                             ; enARdFF_2           ; work         ;
;             |enARdFF_2:b8|                       ; 0 (0)               ; 1 (1)                     ; 0           ; 0            ; 0       ; 0         ; 0    ; 0            ; |processor|MEM_WB:MEMWB|Register_32bits:read_ram|Rf_Register_8bits:register_component|enARdFF_2:b8                                             ; enARdFF_2           ; work         ;
;             |enARdFF_2:b9|                       ; 0 (0)               ; 1 (1)                     ; 0           ; 0            ; 0       ; 0         ; 0    ; 0            ; |processor|MEM_WB:MEMWB|Register_32bits:read_ram|Rf_Register_8bits:register_component|enARdFF_2:b9                                             ; enARdFF_2           ; work         ;
;       |Register_32bits:write_data|               ; 0 (0)               ; 32 (0)                    ; 0           ; 0            ; 0       ; 0         ; 0    ; 0            ; |processor|MEM_WB:MEMWB|Register_32bits:write_data                                                                                             ; Register_32bits     ; work         ;
;          |Rf_Register_8bits:register_component|  ; 0 (0)               ; 32 (0)                    ; 0           ; 0            ; 0       ; 0         ; 0    ; 0            ; |processor|MEM_WB:MEMWB|Register_32bits:write_data|Rf_Register_8bits:register_component                                                        ; Rf_Register_8bits   ; work         ;
;             |enARdFF_2:b0|                       ; 0 (0)               ; 1 (1)                     ; 0           ; 0            ; 0       ; 0         ; 0    ; 0            ; |processor|MEM_WB:MEMWB|Register_32bits:write_data|Rf_Register_8bits:register_component|enARdFF_2:b0                                           ; enARdFF_2           ; work         ;
;             |enARdFF_2:b10|                      ; 0 (0)               ; 1 (1)                     ; 0           ; 0            ; 0       ; 0         ; 0    ; 0            ; |processor|MEM_WB:MEMWB|Register_32bits:write_data|Rf_Register_8bits:register_component|enARdFF_2:b10                                          ; enARdFF_2           ; work         ;
;             |enARdFF_2:b11|                      ; 0 (0)               ; 1 (1)                     ; 0           ; 0            ; 0       ; 0         ; 0    ; 0            ; |processor|MEM_WB:MEMWB|Register_32bits:write_data|Rf_Register_8bits:register_component|enARdFF_2:b11                                          ; enARdFF_2           ; work         ;
;             |enARdFF_2:b12|                      ; 0 (0)               ; 1 (1)                     ; 0           ; 0            ; 0       ; 0         ; 0    ; 0            ; |processor|MEM_WB:MEMWB|Register_32bits:write_data|Rf_Register_8bits:register_component|enARdFF_2:b12                                          ; enARdFF_2           ; work         ;
;             |enARdFF_2:b13|                      ; 0 (0)               ; 1 (1)                     ; 0           ; 0            ; 0       ; 0         ; 0    ; 0            ; |processor|MEM_WB:MEMWB|Register_32bits:write_data|Rf_Register_8bits:register_component|enARdFF_2:b13                                          ; enARdFF_2           ; work         ;
;             |enARdFF_2:b14|                      ; 0 (0)               ; 1 (1)                     ; 0           ; 0            ; 0       ; 0         ; 0    ; 0            ; |processor|MEM_WB:MEMWB|Register_32bits:write_data|Rf_Register_8bits:register_component|enARdFF_2:b14                                          ; enARdFF_2           ; work         ;
;             |enARdFF_2:b15|                      ; 0 (0)               ; 1 (1)                     ; 0           ; 0            ; 0       ; 0         ; 0    ; 0            ; |processor|MEM_WB:MEMWB|Register_32bits:write_data|Rf_Register_8bits:register_component|enARdFF_2:b15                                          ; enARdFF_2           ; work         ;
;             |enARdFF_2:b16|                      ; 0 (0)               ; 1 (1)                     ; 0           ; 0            ; 0       ; 0         ; 0    ; 0            ; |processor|MEM_WB:MEMWB|Register_32bits:write_data|Rf_Register_8bits:register_component|enARdFF_2:b16                                          ; enARdFF_2           ; work         ;
;             |enARdFF_2:b17|                      ; 0 (0)               ; 1 (1)                     ; 0           ; 0            ; 0       ; 0         ; 0    ; 0            ; |processor|MEM_WB:MEMWB|Register_32bits:write_data|Rf_Register_8bits:register_component|enARdFF_2:b17                                          ; enARdFF_2           ; work         ;
;             |enARdFF_2:b18|                      ; 0 (0)               ; 1 (1)                     ; 0           ; 0            ; 0       ; 0         ; 0    ; 0            ; |processor|MEM_WB:MEMWB|Register_32bits:write_data|Rf_Register_8bits:register_component|enARdFF_2:b18                                          ; enARdFF_2           ; work         ;
;             |enARdFF_2:b19|                      ; 0 (0)               ; 1 (1)                     ; 0           ; 0            ; 0       ; 0         ; 0    ; 0            ; |processor|MEM_WB:MEMWB|Register_32bits:write_data|Rf_Register_8bits:register_component|enARdFF_2:b19                                          ; enARdFF_2           ; work         ;
;             |enARdFF_2:b1|                       ; 0 (0)               ; 1 (1)                     ; 0           ; 0            ; 0       ; 0         ; 0    ; 0            ; |processor|MEM_WB:MEMWB|Register_32bits:write_data|Rf_Register_8bits:register_component|enARdFF_2:b1                                           ; enARdFF_2           ; work         ;
;             |enARdFF_2:b20|                      ; 0 (0)               ; 1 (1)                     ; 0           ; 0            ; 0       ; 0         ; 0    ; 0            ; |processor|MEM_WB:MEMWB|Register_32bits:write_data|Rf_Register_8bits:register_component|enARdFF_2:b20                                          ; enARdFF_2           ; work         ;
;             |enARdFF_2:b21|                      ; 0 (0)               ; 1 (1)                     ; 0           ; 0            ; 0       ; 0         ; 0    ; 0            ; |processor|MEM_WB:MEMWB|Register_32bits:write_data|Rf_Register_8bits:register_component|enARdFF_2:b21                                          ; enARdFF_2           ; work         ;
;             |enARdFF_2:b22|                      ; 0 (0)               ; 1 (1)                     ; 0           ; 0            ; 0       ; 0         ; 0    ; 0            ; |processor|MEM_WB:MEMWB|Register_32bits:write_data|Rf_Register_8bits:register_component|enARdFF_2:b22                                          ; enARdFF_2           ; work         ;
;             |enARdFF_2:b23|                      ; 0 (0)               ; 1 (1)                     ; 0           ; 0            ; 0       ; 0         ; 0    ; 0            ; |processor|MEM_WB:MEMWB|Register_32bits:write_data|Rf_Register_8bits:register_component|enARdFF_2:b23                                          ; enARdFF_2           ; work         ;
;             |enARdFF_2:b24|                      ; 0 (0)               ; 1 (1)                     ; 0           ; 0            ; 0       ; 0         ; 0    ; 0            ; |processor|MEM_WB:MEMWB|Register_32bits:write_data|Rf_Register_8bits:register_component|enARdFF_2:b24                                          ; enARdFF_2           ; work         ;
;             |enARdFF_2:b25|                      ; 0 (0)               ; 1 (1)                     ; 0           ; 0            ; 0       ; 0         ; 0    ; 0            ; |processor|MEM_WB:MEMWB|Register_32bits:write_data|Rf_Register_8bits:register_component|enARdFF_2:b25                                          ; enARdFF_2           ; work         ;
;             |enARdFF_2:b26|                      ; 0 (0)               ; 1 (1)                     ; 0           ; 0            ; 0       ; 0         ; 0    ; 0            ; |processor|MEM_WB:MEMWB|Register_32bits:write_data|Rf_Register_8bits:register_component|enARdFF_2:b26                                          ; enARdFF_2           ; work         ;
;             |enARdFF_2:b27|                      ; 0 (0)               ; 1 (1)                     ; 0           ; 0            ; 0       ; 0         ; 0    ; 0            ; |processor|MEM_WB:MEMWB|Register_32bits:write_data|Rf_Register_8bits:register_component|enARdFF_2:b27                                          ; enARdFF_2           ; work         ;
;             |enARdFF_2:b28|                      ; 0 (0)               ; 1 (1)                     ; 0           ; 0            ; 0       ; 0         ; 0    ; 0            ; |processor|MEM_WB:MEMWB|Register_32bits:write_data|Rf_Register_8bits:register_component|enARdFF_2:b28                                          ; enARdFF_2           ; work         ;
;             |enARdFF_2:b29|                      ; 0 (0)               ; 1 (1)                     ; 0           ; 0            ; 0       ; 0         ; 0    ; 0            ; |processor|MEM_WB:MEMWB|Register_32bits:write_data|Rf_Register_8bits:register_component|enARdFF_2:b29                                          ; enARdFF_2           ; work         ;
;             |enARdFF_2:b2|                       ; 0 (0)               ; 1 (1)                     ; 0           ; 0            ; 0       ; 0         ; 0    ; 0            ; |processor|MEM_WB:MEMWB|Register_32bits:write_data|Rf_Register_8bits:register_component|enARdFF_2:b2                                           ; enARdFF_2           ; work         ;
;             |enARdFF_2:b30|                      ; 0 (0)               ; 1 (1)                     ; 0           ; 0            ; 0       ; 0         ; 0    ; 0            ; |processor|MEM_WB:MEMWB|Register_32bits:write_data|Rf_Register_8bits:register_component|enARdFF_2:b30                                          ; enARdFF_2           ; work         ;
;             |enARdFF_2:b31|                      ; 0 (0)               ; 1 (1)                     ; 0           ; 0            ; 0       ; 0         ; 0    ; 0            ; |processor|MEM_WB:MEMWB|Register_32bits:write_data|Rf_Register_8bits:register_component|enARdFF_2:b31                                          ; enARdFF_2           ; work         ;
;             |enARdFF_2:b3|                       ; 0 (0)               ; 1 (1)                     ; 0           ; 0            ; 0       ; 0         ; 0    ; 0            ; |processor|MEM_WB:MEMWB|Register_32bits:write_data|Rf_Register_8bits:register_component|enARdFF_2:b3                                           ; enARdFF_2           ; work         ;
;             |enARdFF_2:b4|                       ; 0 (0)               ; 1 (1)                     ; 0           ; 0            ; 0       ; 0         ; 0    ; 0            ; |processor|MEM_WB:MEMWB|Register_32bits:write_data|Rf_Register_8bits:register_component|enARdFF_2:b4                                           ; enARdFF_2           ; work         ;
;             |enARdFF_2:b5|                       ; 0 (0)               ; 1 (1)                     ; 0           ; 0            ; 0       ; 0         ; 0    ; 0            ; |processor|MEM_WB:MEMWB|Register_32bits:write_data|Rf_Register_8bits:register_component|enARdFF_2:b5                                           ; enARdFF_2           ; work         ;
;             |enARdFF_2:b6|                       ; 0 (0)               ; 1 (1)                     ; 0           ; 0            ; 0       ; 0         ; 0    ; 0            ; |processor|MEM_WB:MEMWB|Register_32bits:write_data|Rf_Register_8bits:register_component|enARdFF_2:b6                                           ; enARdFF_2           ; work         ;
;             |enARdFF_2:b7|                       ; 0 (0)               ; 1 (1)                     ; 0           ; 0            ; 0       ; 0         ; 0    ; 0            ; |processor|MEM_WB:MEMWB|Register_32bits:write_data|Rf_Register_8bits:register_component|enARdFF_2:b7                                           ; enARdFF_2           ; work         ;
;             |enARdFF_2:b8|                       ; 0 (0)               ; 1 (1)                     ; 0           ; 0            ; 0       ; 0         ; 0    ; 0            ; |processor|MEM_WB:MEMWB|Register_32bits:write_data|Rf_Register_8bits:register_component|enARdFF_2:b8                                           ; enARdFF_2           ; work         ;
;             |enARdFF_2:b9|                       ; 0 (0)               ; 1 (1)                     ; 0           ; 0            ; 0       ; 0         ; 0    ; 0            ; |processor|MEM_WB:MEMWB|Register_32bits:write_data|Rf_Register_8bits:register_component|enARdFF_2:b9                                           ; enARdFF_2           ; work         ;
;       |Register_5bits:rd|                        ; 0 (0)               ; 5 (0)                     ; 0           ; 0            ; 0       ; 0         ; 0    ; 0            ; |processor|MEM_WB:MEMWB|Register_5bits:rd                                                                                                      ; Register_5bits      ; work         ;
;          |enARdFF_2:b0|                          ; 0 (0)               ; 1 (1)                     ; 0           ; 0            ; 0       ; 0         ; 0    ; 0            ; |processor|MEM_WB:MEMWB|Register_5bits:rd|enARdFF_2:b0                                                                                         ; enARdFF_2           ; work         ;
;          |enARdFF_2:b1|                          ; 0 (0)               ; 1 (1)                     ; 0           ; 0            ; 0       ; 0         ; 0    ; 0            ; |processor|MEM_WB:MEMWB|Register_5bits:rd|enARdFF_2:b1                                                                                         ; enARdFF_2           ; work         ;
;          |enARdFF_2:b2|                          ; 0 (0)               ; 1 (1)                     ; 0           ; 0            ; 0       ; 0         ; 0    ; 0            ; |processor|MEM_WB:MEMWB|Register_5bits:rd|enARdFF_2:b2                                                                                         ; enARdFF_2           ; work         ;
;          |enARdFF_2:b3|                          ; 0 (0)               ; 1 (1)                     ; 0           ; 0            ; 0       ; 0         ; 0    ; 0            ; |processor|MEM_WB:MEMWB|Register_5bits:rd|enARdFF_2:b3                                                                                         ; enARdFF_2           ; work         ;
;          |enARdFF_2:b4|                          ; 0 (0)               ; 1 (1)                     ; 0           ; 0            ; 0       ; 0         ; 0    ; 0            ; |processor|MEM_WB:MEMWB|Register_5bits:rd|enARdFF_2:b4                                                                                         ; enARdFF_2           ; work         ;
;    |PC:pc_ref|                                   ; 26 (0)              ; 31 (0)                    ; 0           ; 0            ; 0       ; 0         ; 0    ; 0            ; |processor|PC:pc_ref                                                                                                                           ; PC                  ; work         ;
;       |enARdFF_2:b0|                             ; 0 (0)               ; 1 (1)                     ; 0           ; 0            ; 0       ; 0         ; 0    ; 0            ; |processor|PC:pc_ref|enARdFF_2:b0                                                                                                              ; enARdFF_2           ; work         ;
;       |enARdFF_2:b10|                            ; 1 (1)               ; 1 (1)                     ; 0           ; 0            ; 0       ; 0         ; 0    ; 0            ; |processor|PC:pc_ref|enARdFF_2:b10                                                                                                             ; enARdFF_2           ; work         ;
;       |enARdFF_2:b11|                            ; 1 (1)               ; 1 (1)                     ; 0           ; 0            ; 0       ; 0         ; 0    ; 0            ; |processor|PC:pc_ref|enARdFF_2:b11                                                                                                             ; enARdFF_2           ; work         ;
;       |enARdFF_2:b12|                            ; 1 (1)               ; 1 (1)                     ; 0           ; 0            ; 0       ; 0         ; 0    ; 0            ; |processor|PC:pc_ref|enARdFF_2:b12                                                                                                             ; enARdFF_2           ; work         ;
;       |enARdFF_2:b13|                            ; 1 (1)               ; 1 (1)                     ; 0           ; 0            ; 0       ; 0         ; 0    ; 0            ; |processor|PC:pc_ref|enARdFF_2:b13                                                                                                             ; enARdFF_2           ; work         ;
;       |enARdFF_2:b14|                            ; 1 (1)               ; 1 (1)                     ; 0           ; 0            ; 0       ; 0         ; 0    ; 0            ; |processor|PC:pc_ref|enARdFF_2:b14                                                                                                             ; enARdFF_2           ; work         ;
;       |enARdFF_2:b15|                            ; 1 (1)               ; 1 (1)                     ; 0           ; 0            ; 0       ; 0         ; 0    ; 0            ; |processor|PC:pc_ref|enARdFF_2:b15                                                                                                             ; enARdFF_2           ; work         ;
;       |enARdFF_2:b16|                            ; 1 (1)               ; 1 (1)                     ; 0           ; 0            ; 0       ; 0         ; 0    ; 0            ; |processor|PC:pc_ref|enARdFF_2:b16                                                                                                             ; enARdFF_2           ; work         ;
;       |enARdFF_2:b17|                            ; 1 (1)               ; 1 (1)                     ; 0           ; 0            ; 0       ; 0         ; 0    ; 0            ; |processor|PC:pc_ref|enARdFF_2:b17                                                                                                             ; enARdFF_2           ; work         ;
;       |enARdFF_2:b18|                            ; 1 (1)               ; 1 (1)                     ; 0           ; 0            ; 0       ; 0         ; 0    ; 0            ; |processor|PC:pc_ref|enARdFF_2:b18                                                                                                             ; enARdFF_2           ; work         ;
;       |enARdFF_2:b19|                            ; 1 (1)               ; 1 (1)                     ; 0           ; 0            ; 0       ; 0         ; 0    ; 0            ; |processor|PC:pc_ref|enARdFF_2:b19                                                                                                             ; enARdFF_2           ; work         ;
;       |enARdFF_2:b20|                            ; 1 (1)               ; 1 (1)                     ; 0           ; 0            ; 0       ; 0         ; 0    ; 0            ; |processor|PC:pc_ref|enARdFF_2:b20                                                                                                             ; enARdFF_2           ; work         ;
;       |enARdFF_2:b21|                            ; 1 (1)               ; 1 (1)                     ; 0           ; 0            ; 0       ; 0         ; 0    ; 0            ; |processor|PC:pc_ref|enARdFF_2:b21                                                                                                             ; enARdFF_2           ; work         ;
;       |enARdFF_2:b22|                            ; 1 (1)               ; 1 (1)                     ; 0           ; 0            ; 0       ; 0         ; 0    ; 0            ; |processor|PC:pc_ref|enARdFF_2:b22                                                                                                             ; enARdFF_2           ; work         ;
;       |enARdFF_2:b23|                            ; 1 (1)               ; 1 (1)                     ; 0           ; 0            ; 0       ; 0         ; 0    ; 0            ; |processor|PC:pc_ref|enARdFF_2:b23                                                                                                             ; enARdFF_2           ; work         ;
;       |enARdFF_2:b24|                            ; 1 (1)               ; 1 (1)                     ; 0           ; 0            ; 0       ; 0         ; 0    ; 0            ; |processor|PC:pc_ref|enARdFF_2:b24                                                                                                             ; enARdFF_2           ; work         ;
;       |enARdFF_2:b25|                            ; 1 (1)               ; 1 (1)                     ; 0           ; 0            ; 0       ; 0         ; 0    ; 0            ; |processor|PC:pc_ref|enARdFF_2:b25                                                                                                             ; enARdFF_2           ; work         ;
;       |enARdFF_2:b26|                            ; 1 (1)               ; 1 (1)                     ; 0           ; 0            ; 0       ; 0         ; 0    ; 0            ; |processor|PC:pc_ref|enARdFF_2:b26                                                                                                             ; enARdFF_2           ; work         ;
;       |enARdFF_2:b27|                            ; 1 (1)               ; 1 (1)                     ; 0           ; 0            ; 0       ; 0         ; 0    ; 0            ; |processor|PC:pc_ref|enARdFF_2:b27                                                                                                             ; enARdFF_2           ; work         ;
;       |enARdFF_2:b28|                            ; 0 (0)               ; 1 (1)                     ; 0           ; 0            ; 0       ; 0         ; 0    ; 0            ; |processor|PC:pc_ref|enARdFF_2:b28                                                                                                             ; enARdFF_2           ; work         ;
;       |enARdFF_2:b29|                            ; 0 (0)               ; 1 (1)                     ; 0           ; 0            ; 0       ; 0         ; 0    ; 0            ; |processor|PC:pc_ref|enARdFF_2:b29                                                                                                             ; enARdFF_2           ; work         ;
;       |enARdFF_2:b2|                             ; 1 (1)               ; 1 (1)                     ; 0           ; 0            ; 0       ; 0         ; 0    ; 0            ; |processor|PC:pc_ref|enARdFF_2:b2                                                                                                              ; enARdFF_2           ; work         ;
;       |enARdFF_2:b30|                            ; 0 (0)               ; 1 (1)                     ; 0           ; 0            ; 0       ; 0         ; 0    ; 0            ; |processor|PC:pc_ref|enARdFF_2:b30                                                                                                             ; enARdFF_2           ; work         ;
;       |enARdFF_2:b31|                            ; 0 (0)               ; 1 (1)                     ; 0           ; 0            ; 0       ; 0         ; 0    ; 0            ; |processor|PC:pc_ref|enARdFF_2:b31                                                                                                             ; enARdFF_2           ; work         ;
;       |enARdFF_2:b3|                             ; 1 (1)               ; 1 (1)                     ; 0           ; 0            ; 0       ; 0         ; 0    ; 0            ; |processor|PC:pc_ref|enARdFF_2:b3                                                                                                              ; enARdFF_2           ; work         ;
;       |enARdFF_2:b4|                             ; 1 (1)               ; 1 (1)                     ; 0           ; 0            ; 0       ; 0         ; 0    ; 0            ; |processor|PC:pc_ref|enARdFF_2:b4                                                                                                              ; enARdFF_2           ; work         ;
;       |enARdFF_2:b5|                             ; 1 (1)               ; 1 (1)                     ; 0           ; 0            ; 0       ; 0         ; 0    ; 0            ; |processor|PC:pc_ref|enARdFF_2:b5                                                                                                              ; enARdFF_2           ; work         ;
;       |enARdFF_2:b6|                             ; 1 (1)               ; 1 (1)                     ; 0           ; 0            ; 0       ; 0         ; 0    ; 0            ; |processor|PC:pc_ref|enARdFF_2:b6                                                                                                              ; enARdFF_2           ; work         ;
;       |enARdFF_2:b7|                             ; 1 (1)               ; 1 (1)                     ; 0           ; 0            ; 0       ; 0         ; 0    ; 0            ; |processor|PC:pc_ref|enARdFF_2:b7                                                                                                              ; enARdFF_2           ; work         ;
;       |enARdFF_2:b8|                             ; 1 (1)               ; 1 (1)                     ; 0           ; 0            ; 0       ; 0         ; 0    ; 0            ; |processor|PC:pc_ref|enARdFF_2:b8                                                                                                              ; enARdFF_2           ; work         ;
;       |enARdFF_2:b9|                             ; 1 (1)               ; 1 (1)                     ; 0           ; 0            ; 0       ; 0         ; 0    ; 0            ; |processor|PC:pc_ref|enARdFF_2:b9                                                                                                              ; enARdFF_2           ; work         ;
;    |PC:pc_temp|                                  ; 0 (0)               ; 31 (0)                    ; 0           ; 0            ; 0       ; 0         ; 0    ; 0            ; |processor|PC:pc_temp                                                                                                                          ; PC                  ; work         ;
;       |enARdFF_2:b0|                             ; 0 (0)               ; 1 (1)                     ; 0           ; 0            ; 0       ; 0         ; 0    ; 0            ; |processor|PC:pc_temp|enARdFF_2:b0                                                                                                             ; enARdFF_2           ; work         ;
;       |enARdFF_2:b10|                            ; 0 (0)               ; 1 (1)                     ; 0           ; 0            ; 0       ; 0         ; 0    ; 0            ; |processor|PC:pc_temp|enARdFF_2:b10                                                                                                            ; enARdFF_2           ; work         ;
;       |enARdFF_2:b11|                            ; 0 (0)               ; 1 (1)                     ; 0           ; 0            ; 0       ; 0         ; 0    ; 0            ; |processor|PC:pc_temp|enARdFF_2:b11                                                                                                            ; enARdFF_2           ; work         ;
;       |enARdFF_2:b12|                            ; 0 (0)               ; 1 (1)                     ; 0           ; 0            ; 0       ; 0         ; 0    ; 0            ; |processor|PC:pc_temp|enARdFF_2:b12                                                                                                            ; enARdFF_2           ; work         ;
;       |enARdFF_2:b13|                            ; 0 (0)               ; 1 (1)                     ; 0           ; 0            ; 0       ; 0         ; 0    ; 0            ; |processor|PC:pc_temp|enARdFF_2:b13                                                                                                            ; enARdFF_2           ; work         ;
;       |enARdFF_2:b14|                            ; 0 (0)               ; 1 (1)                     ; 0           ; 0            ; 0       ; 0         ; 0    ; 0            ; |processor|PC:pc_temp|enARdFF_2:b14                                                                                                            ; enARdFF_2           ; work         ;
;       |enARdFF_2:b15|                            ; 0 (0)               ; 1 (1)                     ; 0           ; 0            ; 0       ; 0         ; 0    ; 0            ; |processor|PC:pc_temp|enARdFF_2:b15                                                                                                            ; enARdFF_2           ; work         ;
;       |enARdFF_2:b16|                            ; 0 (0)               ; 1 (1)                     ; 0           ; 0            ; 0       ; 0         ; 0    ; 0            ; |processor|PC:pc_temp|enARdFF_2:b16                                                                                                            ; enARdFF_2           ; work         ;
;       |enARdFF_2:b17|                            ; 0 (0)               ; 1 (1)                     ; 0           ; 0            ; 0       ; 0         ; 0    ; 0            ; |processor|PC:pc_temp|enARdFF_2:b17                                                                                                            ; enARdFF_2           ; work         ;
;       |enARdFF_2:b18|                            ; 0 (0)               ; 1 (1)                     ; 0           ; 0            ; 0       ; 0         ; 0    ; 0            ; |processor|PC:pc_temp|enARdFF_2:b18                                                                                                            ; enARdFF_2           ; work         ;
;       |enARdFF_2:b19|                            ; 0 (0)               ; 1 (1)                     ; 0           ; 0            ; 0       ; 0         ; 0    ; 0            ; |processor|PC:pc_temp|enARdFF_2:b19                                                                                                            ; enARdFF_2           ; work         ;
;       |enARdFF_2:b20|                            ; 0 (0)               ; 1 (1)                     ; 0           ; 0            ; 0       ; 0         ; 0    ; 0            ; |processor|PC:pc_temp|enARdFF_2:b20                                                                                                            ; enARdFF_2           ; work         ;
;       |enARdFF_2:b21|                            ; 0 (0)               ; 1 (1)                     ; 0           ; 0            ; 0       ; 0         ; 0    ; 0            ; |processor|PC:pc_temp|enARdFF_2:b21                                                                                                            ; enARdFF_2           ; work         ;
;       |enARdFF_2:b22|                            ; 0 (0)               ; 1 (1)                     ; 0           ; 0            ; 0       ; 0         ; 0    ; 0            ; |processor|PC:pc_temp|enARdFF_2:b22                                                                                                            ; enARdFF_2           ; work         ;
;       |enARdFF_2:b23|                            ; 0 (0)               ; 1 (1)                     ; 0           ; 0            ; 0       ; 0         ; 0    ; 0            ; |processor|PC:pc_temp|enARdFF_2:b23                                                                                                            ; enARdFF_2           ; work         ;
;       |enARdFF_2:b24|                            ; 0 (0)               ; 1 (1)                     ; 0           ; 0            ; 0       ; 0         ; 0    ; 0            ; |processor|PC:pc_temp|enARdFF_2:b24                                                                                                            ; enARdFF_2           ; work         ;
;       |enARdFF_2:b25|                            ; 0 (0)               ; 1 (1)                     ; 0           ; 0            ; 0       ; 0         ; 0    ; 0            ; |processor|PC:pc_temp|enARdFF_2:b25                                                                                                            ; enARdFF_2           ; work         ;
;       |enARdFF_2:b26|                            ; 0 (0)               ; 1 (1)                     ; 0           ; 0            ; 0       ; 0         ; 0    ; 0            ; |processor|PC:pc_temp|enARdFF_2:b26                                                                                                            ; enARdFF_2           ; work         ;
;       |enARdFF_2:b27|                            ; 0 (0)               ; 1 (1)                     ; 0           ; 0            ; 0       ; 0         ; 0    ; 0            ; |processor|PC:pc_temp|enARdFF_2:b27                                                                                                            ; enARdFF_2           ; work         ;
;       |enARdFF_2:b28|                            ; 0 (0)               ; 1 (1)                     ; 0           ; 0            ; 0       ; 0         ; 0    ; 0            ; |processor|PC:pc_temp|enARdFF_2:b28                                                                                                            ; enARdFF_2           ; work         ;
;       |enARdFF_2:b29|                            ; 0 (0)               ; 1 (1)                     ; 0           ; 0            ; 0       ; 0         ; 0    ; 0            ; |processor|PC:pc_temp|enARdFF_2:b29                                                                                                            ; enARdFF_2           ; work         ;
;       |enARdFF_2:b2|                             ; 0 (0)               ; 1 (1)                     ; 0           ; 0            ; 0       ; 0         ; 0    ; 0            ; |processor|PC:pc_temp|enARdFF_2:b2                                                                                                             ; enARdFF_2           ; work         ;
;       |enARdFF_2:b30|                            ; 0 (0)               ; 1 (1)                     ; 0           ; 0            ; 0       ; 0         ; 0    ; 0            ; |processor|PC:pc_temp|enARdFF_2:b30                                                                                                            ; enARdFF_2           ; work         ;
;       |enARdFF_2:b31|                            ; 0 (0)               ; 1 (1)                     ; 0           ; 0            ; 0       ; 0         ; 0    ; 0            ; |processor|PC:pc_temp|enARdFF_2:b31                                                                                                            ; enARdFF_2           ; work         ;
;       |enARdFF_2:b3|                             ; 0 (0)               ; 1 (1)                     ; 0           ; 0            ; 0       ; 0         ; 0    ; 0            ; |processor|PC:pc_temp|enARdFF_2:b3                                                                                                             ; enARdFF_2           ; work         ;
;       |enARdFF_2:b4|                             ; 0 (0)               ; 1 (1)                     ; 0           ; 0            ; 0       ; 0         ; 0    ; 0            ; |processor|PC:pc_temp|enARdFF_2:b4                                                                                                             ; enARdFF_2           ; work         ;
;       |enARdFF_2:b5|                             ; 0 (0)               ; 1 (1)                     ; 0           ; 0            ; 0       ; 0         ; 0    ; 0            ; |processor|PC:pc_temp|enARdFF_2:b5                                                                                                             ; enARdFF_2           ; work         ;
;       |enARdFF_2:b6|                             ; 0 (0)               ; 1 (1)                     ; 0           ; 0            ; 0       ; 0         ; 0    ; 0            ; |processor|PC:pc_temp|enARdFF_2:b6                                                                                                             ; enARdFF_2           ; work         ;
;       |enARdFF_2:b7|                             ; 0 (0)               ; 1 (1)                     ; 0           ; 0            ; 0       ; 0         ; 0    ; 0            ; |processor|PC:pc_temp|enARdFF_2:b7                                                                                                             ; enARdFF_2           ; work         ;
;       |enARdFF_2:b8|                             ; 0 (0)               ; 1 (1)                     ; 0           ; 0            ; 0       ; 0         ; 0    ; 0            ; |processor|PC:pc_temp|enARdFF_2:b8                                                                                                             ; enARdFF_2           ; work         ;
;       |enARdFF_2:b9|                             ; 0 (0)               ; 1 (1)                     ; 0           ; 0            ; 0       ; 0         ; 0    ; 0            ; |processor|PC:pc_temp|enARdFF_2:b9                                                                                                             ; enARdFF_2           ; work         ;
;    |RAM_async:ram|                               ; 148 (145)           ; 160 (0)                   ; 0           ; 0            ; 0       ; 0         ; 0    ; 0            ; |processor|RAM_async:ram                                                                                                                       ; RAM_async           ; work         ;
;       |Rf_Register_8bits:register0|              ; 0 (0)               ; 32 (0)                    ; 0           ; 0            ; 0       ; 0         ; 0    ; 0            ; |processor|RAM_async:ram|Rf_Register_8bits:register0                                                                                           ; Rf_Register_8bits   ; work         ;
;          |enARdFF_2:b0|                          ; 0 (0)               ; 1 (1)                     ; 0           ; 0            ; 0       ; 0         ; 0    ; 0            ; |processor|RAM_async:ram|Rf_Register_8bits:register0|enARdFF_2:b0                                                                              ; enARdFF_2           ; work         ;
;          |enARdFF_2:b10|                         ; 0 (0)               ; 1 (1)                     ; 0           ; 0            ; 0       ; 0         ; 0    ; 0            ; |processor|RAM_async:ram|Rf_Register_8bits:register0|enARdFF_2:b10                                                                             ; enARdFF_2           ; work         ;
;          |enARdFF_2:b11|                         ; 0 (0)               ; 1 (1)                     ; 0           ; 0            ; 0       ; 0         ; 0    ; 0            ; |processor|RAM_async:ram|Rf_Register_8bits:register0|enARdFF_2:b11                                                                             ; enARdFF_2           ; work         ;
;          |enARdFF_2:b12|                         ; 0 (0)               ; 1 (1)                     ; 0           ; 0            ; 0       ; 0         ; 0    ; 0            ; |processor|RAM_async:ram|Rf_Register_8bits:register0|enARdFF_2:b12                                                                             ; enARdFF_2           ; work         ;
;          |enARdFF_2:b13|                         ; 0 (0)               ; 1 (1)                     ; 0           ; 0            ; 0       ; 0         ; 0    ; 0            ; |processor|RAM_async:ram|Rf_Register_8bits:register0|enARdFF_2:b13                                                                             ; enARdFF_2           ; work         ;
;          |enARdFF_2:b14|                         ; 0 (0)               ; 1 (1)                     ; 0           ; 0            ; 0       ; 0         ; 0    ; 0            ; |processor|RAM_async:ram|Rf_Register_8bits:register0|enARdFF_2:b14                                                                             ; enARdFF_2           ; work         ;
;          |enARdFF_2:b15|                         ; 0 (0)               ; 1 (1)                     ; 0           ; 0            ; 0       ; 0         ; 0    ; 0            ; |processor|RAM_async:ram|Rf_Register_8bits:register0|enARdFF_2:b15                                                                             ; enARdFF_2           ; work         ;
;          |enARdFF_2:b16|                         ; 0 (0)               ; 1 (1)                     ; 0           ; 0            ; 0       ; 0         ; 0    ; 0            ; |processor|RAM_async:ram|Rf_Register_8bits:register0|enARdFF_2:b16                                                                             ; enARdFF_2           ; work         ;
;          |enARdFF_2:b17|                         ; 0 (0)               ; 1 (1)                     ; 0           ; 0            ; 0       ; 0         ; 0    ; 0            ; |processor|RAM_async:ram|Rf_Register_8bits:register0|enARdFF_2:b17                                                                             ; enARdFF_2           ; work         ;
;          |enARdFF_2:b18|                         ; 0 (0)               ; 1 (1)                     ; 0           ; 0            ; 0       ; 0         ; 0    ; 0            ; |processor|RAM_async:ram|Rf_Register_8bits:register0|enARdFF_2:b18                                                                             ; enARdFF_2           ; work         ;
;          |enARdFF_2:b19|                         ; 0 (0)               ; 1 (1)                     ; 0           ; 0            ; 0       ; 0         ; 0    ; 0            ; |processor|RAM_async:ram|Rf_Register_8bits:register0|enARdFF_2:b19                                                                             ; enARdFF_2           ; work         ;
;          |enARdFF_2:b1|                          ; 0 (0)               ; 1 (1)                     ; 0           ; 0            ; 0       ; 0         ; 0    ; 0            ; |processor|RAM_async:ram|Rf_Register_8bits:register0|enARdFF_2:b1                                                                              ; enARdFF_2           ; work         ;
;          |enARdFF_2:b20|                         ; 0 (0)               ; 1 (1)                     ; 0           ; 0            ; 0       ; 0         ; 0    ; 0            ; |processor|RAM_async:ram|Rf_Register_8bits:register0|enARdFF_2:b20                                                                             ; enARdFF_2           ; work         ;
;          |enARdFF_2:b21|                         ; 0 (0)               ; 1 (1)                     ; 0           ; 0            ; 0       ; 0         ; 0    ; 0            ; |processor|RAM_async:ram|Rf_Register_8bits:register0|enARdFF_2:b21                                                                             ; enARdFF_2           ; work         ;
;          |enARdFF_2:b22|                         ; 0 (0)               ; 1 (1)                     ; 0           ; 0            ; 0       ; 0         ; 0    ; 0            ; |processor|RAM_async:ram|Rf_Register_8bits:register0|enARdFF_2:b22                                                                             ; enARdFF_2           ; work         ;
;          |enARdFF_2:b23|                         ; 0 (0)               ; 1 (1)                     ; 0           ; 0            ; 0       ; 0         ; 0    ; 0            ; |processor|RAM_async:ram|Rf_Register_8bits:register0|enARdFF_2:b23                                                                             ; enARdFF_2           ; work         ;
;          |enARdFF_2:b24|                         ; 0 (0)               ; 1 (1)                     ; 0           ; 0            ; 0       ; 0         ; 0    ; 0            ; |processor|RAM_async:ram|Rf_Register_8bits:register0|enARdFF_2:b24                                                                             ; enARdFF_2           ; work         ;
;          |enARdFF_2:b25|                         ; 0 (0)               ; 1 (1)                     ; 0           ; 0            ; 0       ; 0         ; 0    ; 0            ; |processor|RAM_async:ram|Rf_Register_8bits:register0|enARdFF_2:b25                                                                             ; enARdFF_2           ; work         ;
;          |enARdFF_2:b26|                         ; 0 (0)               ; 1 (1)                     ; 0           ; 0            ; 0       ; 0         ; 0    ; 0            ; |processor|RAM_async:ram|Rf_Register_8bits:register0|enARdFF_2:b26                                                                             ; enARdFF_2           ; work         ;
;          |enARdFF_2:b27|                         ; 0 (0)               ; 1 (1)                     ; 0           ; 0            ; 0       ; 0         ; 0    ; 0            ; |processor|RAM_async:ram|Rf_Register_8bits:register0|enARdFF_2:b27                                                                             ; enARdFF_2           ; work         ;
;          |enARdFF_2:b28|                         ; 0 (0)               ; 1 (1)                     ; 0           ; 0            ; 0       ; 0         ; 0    ; 0            ; |processor|RAM_async:ram|Rf_Register_8bits:register0|enARdFF_2:b28                                                                             ; enARdFF_2           ; work         ;
;          |enARdFF_2:b29|                         ; 0 (0)               ; 1 (1)                     ; 0           ; 0            ; 0       ; 0         ; 0    ; 0            ; |processor|RAM_async:ram|Rf_Register_8bits:register0|enARdFF_2:b29                                                                             ; enARdFF_2           ; work         ;
;          |enARdFF_2:b2|                          ; 0 (0)               ; 1 (1)                     ; 0           ; 0            ; 0       ; 0         ; 0    ; 0            ; |processor|RAM_async:ram|Rf_Register_8bits:register0|enARdFF_2:b2                                                                              ; enARdFF_2           ; work         ;
;          |enARdFF_2:b30|                         ; 0 (0)               ; 1 (1)                     ; 0           ; 0            ; 0       ; 0         ; 0    ; 0            ; |processor|RAM_async:ram|Rf_Register_8bits:register0|enARdFF_2:b30                                                                             ; enARdFF_2           ; work         ;
;          |enARdFF_2:b31|                         ; 0 (0)               ; 1 (1)                     ; 0           ; 0            ; 0       ; 0         ; 0    ; 0            ; |processor|RAM_async:ram|Rf_Register_8bits:register0|enARdFF_2:b31                                                                             ; enARdFF_2           ; work         ;
;          |enARdFF_2:b3|                          ; 0 (0)               ; 1 (1)                     ; 0           ; 0            ; 0       ; 0         ; 0    ; 0            ; |processor|RAM_async:ram|Rf_Register_8bits:register0|enARdFF_2:b3                                                                              ; enARdFF_2           ; work         ;
;          |enARdFF_2:b4|                          ; 0 (0)               ; 1 (1)                     ; 0           ; 0            ; 0       ; 0         ; 0    ; 0            ; |processor|RAM_async:ram|Rf_Register_8bits:register0|enARdFF_2:b4                                                                              ; enARdFF_2           ; work         ;
;          |enARdFF_2:b5|                          ; 0 (0)               ; 1 (1)                     ; 0           ; 0            ; 0       ; 0         ; 0    ; 0            ; |processor|RAM_async:ram|Rf_Register_8bits:register0|enARdFF_2:b5                                                                              ; enARdFF_2           ; work         ;
;          |enARdFF_2:b6|                          ; 0 (0)               ; 1 (1)                     ; 0           ; 0            ; 0       ; 0         ; 0    ; 0            ; |processor|RAM_async:ram|Rf_Register_8bits:register0|enARdFF_2:b6                                                                              ; enARdFF_2           ; work         ;
;          |enARdFF_2:b7|                          ; 0 (0)               ; 1 (1)                     ; 0           ; 0            ; 0       ; 0         ; 0    ; 0            ; |processor|RAM_async:ram|Rf_Register_8bits:register0|enARdFF_2:b7                                                                              ; enARdFF_2           ; work         ;
;          |enARdFF_2:b8|                          ; 0 (0)               ; 1 (1)                     ; 0           ; 0            ; 0       ; 0         ; 0    ; 0            ; |processor|RAM_async:ram|Rf_Register_8bits:register0|enARdFF_2:b8                                                                              ; enARdFF_2           ; work         ;
;          |enARdFF_2:b9|                          ; 0 (0)               ; 1 (1)                     ; 0           ; 0            ; 0       ; 0         ; 0    ; 0            ; |processor|RAM_async:ram|Rf_Register_8bits:register0|enARdFF_2:b9                                                                              ; enARdFF_2           ; work         ;
;       |Rf_Register_8bits:register1|              ; 0 (0)               ; 32 (0)                    ; 0           ; 0            ; 0       ; 0         ; 0    ; 0            ; |processor|RAM_async:ram|Rf_Register_8bits:register1                                                                                           ; Rf_Register_8bits   ; work         ;
;          |enARdFF_2:b0|                          ; 0 (0)               ; 1 (1)                     ; 0           ; 0            ; 0       ; 0         ; 0    ; 0            ; |processor|RAM_async:ram|Rf_Register_8bits:register1|enARdFF_2:b0                                                                              ; enARdFF_2           ; work         ;
;          |enARdFF_2:b10|                         ; 0 (0)               ; 1 (1)                     ; 0           ; 0            ; 0       ; 0         ; 0    ; 0            ; |processor|RAM_async:ram|Rf_Register_8bits:register1|enARdFF_2:b10                                                                             ; enARdFF_2           ; work         ;
;          |enARdFF_2:b11|                         ; 0 (0)               ; 1 (1)                     ; 0           ; 0            ; 0       ; 0         ; 0    ; 0            ; |processor|RAM_async:ram|Rf_Register_8bits:register1|enARdFF_2:b11                                                                             ; enARdFF_2           ; work         ;
;          |enARdFF_2:b12|                         ; 0 (0)               ; 1 (1)                     ; 0           ; 0            ; 0       ; 0         ; 0    ; 0            ; |processor|RAM_async:ram|Rf_Register_8bits:register1|enARdFF_2:b12                                                                             ; enARdFF_2           ; work         ;
;          |enARdFF_2:b13|                         ; 0 (0)               ; 1 (1)                     ; 0           ; 0            ; 0       ; 0         ; 0    ; 0            ; |processor|RAM_async:ram|Rf_Register_8bits:register1|enARdFF_2:b13                                                                             ; enARdFF_2           ; work         ;
;          |enARdFF_2:b14|                         ; 0 (0)               ; 1 (1)                     ; 0           ; 0            ; 0       ; 0         ; 0    ; 0            ; |processor|RAM_async:ram|Rf_Register_8bits:register1|enARdFF_2:b14                                                                             ; enARdFF_2           ; work         ;
;          |enARdFF_2:b15|                         ; 0 (0)               ; 1 (1)                     ; 0           ; 0            ; 0       ; 0         ; 0    ; 0            ; |processor|RAM_async:ram|Rf_Register_8bits:register1|enARdFF_2:b15                                                                             ; enARdFF_2           ; work         ;
;          |enARdFF_2:b16|                         ; 0 (0)               ; 1 (1)                     ; 0           ; 0            ; 0       ; 0         ; 0    ; 0            ; |processor|RAM_async:ram|Rf_Register_8bits:register1|enARdFF_2:b16                                                                             ; enARdFF_2           ; work         ;
;          |enARdFF_2:b17|                         ; 0 (0)               ; 1 (1)                     ; 0           ; 0            ; 0       ; 0         ; 0    ; 0            ; |processor|RAM_async:ram|Rf_Register_8bits:register1|enARdFF_2:b17                                                                             ; enARdFF_2           ; work         ;
;          |enARdFF_2:b18|                         ; 0 (0)               ; 1 (1)                     ; 0           ; 0            ; 0       ; 0         ; 0    ; 0            ; |processor|RAM_async:ram|Rf_Register_8bits:register1|enARdFF_2:b18                                                                             ; enARdFF_2           ; work         ;
;          |enARdFF_2:b19|                         ; 0 (0)               ; 1 (1)                     ; 0           ; 0            ; 0       ; 0         ; 0    ; 0            ; |processor|RAM_async:ram|Rf_Register_8bits:register1|enARdFF_2:b19                                                                             ; enARdFF_2           ; work         ;
;          |enARdFF_2:b1|                          ; 0 (0)               ; 1 (1)                     ; 0           ; 0            ; 0       ; 0         ; 0    ; 0            ; |processor|RAM_async:ram|Rf_Register_8bits:register1|enARdFF_2:b1                                                                              ; enARdFF_2           ; work         ;
;          |enARdFF_2:b20|                         ; 0 (0)               ; 1 (1)                     ; 0           ; 0            ; 0       ; 0         ; 0    ; 0            ; |processor|RAM_async:ram|Rf_Register_8bits:register1|enARdFF_2:b20                                                                             ; enARdFF_2           ; work         ;
;          |enARdFF_2:b21|                         ; 0 (0)               ; 1 (1)                     ; 0           ; 0            ; 0       ; 0         ; 0    ; 0            ; |processor|RAM_async:ram|Rf_Register_8bits:register1|enARdFF_2:b21                                                                             ; enARdFF_2           ; work         ;
;          |enARdFF_2:b22|                         ; 0 (0)               ; 1 (1)                     ; 0           ; 0            ; 0       ; 0         ; 0    ; 0            ; |processor|RAM_async:ram|Rf_Register_8bits:register1|enARdFF_2:b22                                                                             ; enARdFF_2           ; work         ;
;          |enARdFF_2:b23|                         ; 0 (0)               ; 1 (1)                     ; 0           ; 0            ; 0       ; 0         ; 0    ; 0            ; |processor|RAM_async:ram|Rf_Register_8bits:register1|enARdFF_2:b23                                                                             ; enARdFF_2           ; work         ;
;          |enARdFF_2:b24|                         ; 0 (0)               ; 1 (1)                     ; 0           ; 0            ; 0       ; 0         ; 0    ; 0            ; |processor|RAM_async:ram|Rf_Register_8bits:register1|enARdFF_2:b24                                                                             ; enARdFF_2           ; work         ;
;          |enARdFF_2:b25|                         ; 0 (0)               ; 1 (1)                     ; 0           ; 0            ; 0       ; 0         ; 0    ; 0            ; |processor|RAM_async:ram|Rf_Register_8bits:register1|enARdFF_2:b25                                                                             ; enARdFF_2           ; work         ;
;          |enARdFF_2:b26|                         ; 0 (0)               ; 1 (1)                     ; 0           ; 0            ; 0       ; 0         ; 0    ; 0            ; |processor|RAM_async:ram|Rf_Register_8bits:register1|enARdFF_2:b26                                                                             ; enARdFF_2           ; work         ;
;          |enARdFF_2:b27|                         ; 0 (0)               ; 1 (1)                     ; 0           ; 0            ; 0       ; 0         ; 0    ; 0            ; |processor|RAM_async:ram|Rf_Register_8bits:register1|enARdFF_2:b27                                                                             ; enARdFF_2           ; work         ;
;          |enARdFF_2:b28|                         ; 0 (0)               ; 1 (1)                     ; 0           ; 0            ; 0       ; 0         ; 0    ; 0            ; |processor|RAM_async:ram|Rf_Register_8bits:register1|enARdFF_2:b28                                                                             ; enARdFF_2           ; work         ;
;          |enARdFF_2:b29|                         ; 0 (0)               ; 1 (1)                     ; 0           ; 0            ; 0       ; 0         ; 0    ; 0            ; |processor|RAM_async:ram|Rf_Register_8bits:register1|enARdFF_2:b29                                                                             ; enARdFF_2           ; work         ;
;          |enARdFF_2:b2|                          ; 0 (0)               ; 1 (1)                     ; 0           ; 0            ; 0       ; 0         ; 0    ; 0            ; |processor|RAM_async:ram|Rf_Register_8bits:register1|enARdFF_2:b2                                                                              ; enARdFF_2           ; work         ;
;          |enARdFF_2:b30|                         ; 0 (0)               ; 1 (1)                     ; 0           ; 0            ; 0       ; 0         ; 0    ; 0            ; |processor|RAM_async:ram|Rf_Register_8bits:register1|enARdFF_2:b30                                                                             ; enARdFF_2           ; work         ;
;          |enARdFF_2:b31|                         ; 0 (0)               ; 1 (1)                     ; 0           ; 0            ; 0       ; 0         ; 0    ; 0            ; |processor|RAM_async:ram|Rf_Register_8bits:register1|enARdFF_2:b31                                                                             ; enARdFF_2           ; work         ;
;          |enARdFF_2:b3|                          ; 0 (0)               ; 1 (1)                     ; 0           ; 0            ; 0       ; 0         ; 0    ; 0            ; |processor|RAM_async:ram|Rf_Register_8bits:register1|enARdFF_2:b3                                                                              ; enARdFF_2           ; work         ;
;          |enARdFF_2:b4|                          ; 0 (0)               ; 1 (1)                     ; 0           ; 0            ; 0       ; 0         ; 0    ; 0            ; |processor|RAM_async:ram|Rf_Register_8bits:register1|enARdFF_2:b4                                                                              ; enARdFF_2           ; work         ;
;          |enARdFF_2:b5|                          ; 0 (0)               ; 1 (1)                     ; 0           ; 0            ; 0       ; 0         ; 0    ; 0            ; |processor|RAM_async:ram|Rf_Register_8bits:register1|enARdFF_2:b5                                                                              ; enARdFF_2           ; work         ;
;          |enARdFF_2:b6|                          ; 0 (0)               ; 1 (1)                     ; 0           ; 0            ; 0       ; 0         ; 0    ; 0            ; |processor|RAM_async:ram|Rf_Register_8bits:register1|enARdFF_2:b6                                                                              ; enARdFF_2           ; work         ;
;          |enARdFF_2:b7|                          ; 0 (0)               ; 1 (1)                     ; 0           ; 0            ; 0       ; 0         ; 0    ; 0            ; |processor|RAM_async:ram|Rf_Register_8bits:register1|enARdFF_2:b7                                                                              ; enARdFF_2           ; work         ;
;          |enARdFF_2:b8|                          ; 0 (0)               ; 1 (1)                     ; 0           ; 0            ; 0       ; 0         ; 0    ; 0            ; |processor|RAM_async:ram|Rf_Register_8bits:register1|enARdFF_2:b8                                                                              ; enARdFF_2           ; work         ;
;          |enARdFF_2:b9|                          ; 0 (0)               ; 1 (1)                     ; 0           ; 0            ; 0       ; 0         ; 0    ; 0            ; |processor|RAM_async:ram|Rf_Register_8bits:register1|enARdFF_2:b9                                                                              ; enARdFF_2           ; work         ;
;       |Rf_Register_8bits:register2|              ; 0 (0)               ; 32 (0)                    ; 0           ; 0            ; 0       ; 0         ; 0    ; 0            ; |processor|RAM_async:ram|Rf_Register_8bits:register2                                                                                           ; Rf_Register_8bits   ; work         ;
;          |enARdFF_2:b0|                          ; 0 (0)               ; 1 (1)                     ; 0           ; 0            ; 0       ; 0         ; 0    ; 0            ; |processor|RAM_async:ram|Rf_Register_8bits:register2|enARdFF_2:b0                                                                              ; enARdFF_2           ; work         ;
;          |enARdFF_2:b10|                         ; 0 (0)               ; 1 (1)                     ; 0           ; 0            ; 0       ; 0         ; 0    ; 0            ; |processor|RAM_async:ram|Rf_Register_8bits:register2|enARdFF_2:b10                                                                             ; enARdFF_2           ; work         ;
;          |enARdFF_2:b11|                         ; 0 (0)               ; 1 (1)                     ; 0           ; 0            ; 0       ; 0         ; 0    ; 0            ; |processor|RAM_async:ram|Rf_Register_8bits:register2|enARdFF_2:b11                                                                             ; enARdFF_2           ; work         ;
;          |enARdFF_2:b12|                         ; 0 (0)               ; 1 (1)                     ; 0           ; 0            ; 0       ; 0         ; 0    ; 0            ; |processor|RAM_async:ram|Rf_Register_8bits:register2|enARdFF_2:b12                                                                             ; enARdFF_2           ; work         ;
;          |enARdFF_2:b13|                         ; 0 (0)               ; 1 (1)                     ; 0           ; 0            ; 0       ; 0         ; 0    ; 0            ; |processor|RAM_async:ram|Rf_Register_8bits:register2|enARdFF_2:b13                                                                             ; enARdFF_2           ; work         ;
;          |enARdFF_2:b14|                         ; 0 (0)               ; 1 (1)                     ; 0           ; 0            ; 0       ; 0         ; 0    ; 0            ; |processor|RAM_async:ram|Rf_Register_8bits:register2|enARdFF_2:b14                                                                             ; enARdFF_2           ; work         ;
;          |enARdFF_2:b15|                         ; 0 (0)               ; 1 (1)                     ; 0           ; 0            ; 0       ; 0         ; 0    ; 0            ; |processor|RAM_async:ram|Rf_Register_8bits:register2|enARdFF_2:b15                                                                             ; enARdFF_2           ; work         ;
;          |enARdFF_2:b16|                         ; 0 (0)               ; 1 (1)                     ; 0           ; 0            ; 0       ; 0         ; 0    ; 0            ; |processor|RAM_async:ram|Rf_Register_8bits:register2|enARdFF_2:b16                                                                             ; enARdFF_2           ; work         ;
;          |enARdFF_2:b17|                         ; 0 (0)               ; 1 (1)                     ; 0           ; 0            ; 0       ; 0         ; 0    ; 0            ; |processor|RAM_async:ram|Rf_Register_8bits:register2|enARdFF_2:b17                                                                             ; enARdFF_2           ; work         ;
;          |enARdFF_2:b18|                         ; 0 (0)               ; 1 (1)                     ; 0           ; 0            ; 0       ; 0         ; 0    ; 0            ; |processor|RAM_async:ram|Rf_Register_8bits:register2|enARdFF_2:b18                                                                             ; enARdFF_2           ; work         ;
;          |enARdFF_2:b19|                         ; 0 (0)               ; 1 (1)                     ; 0           ; 0            ; 0       ; 0         ; 0    ; 0            ; |processor|RAM_async:ram|Rf_Register_8bits:register2|enARdFF_2:b19                                                                             ; enARdFF_2           ; work         ;
;          |enARdFF_2:b1|                          ; 0 (0)               ; 1 (1)                     ; 0           ; 0            ; 0       ; 0         ; 0    ; 0            ; |processor|RAM_async:ram|Rf_Register_8bits:register2|enARdFF_2:b1                                                                              ; enARdFF_2           ; work         ;
;          |enARdFF_2:b20|                         ; 0 (0)               ; 1 (1)                     ; 0           ; 0            ; 0       ; 0         ; 0    ; 0            ; |processor|RAM_async:ram|Rf_Register_8bits:register2|enARdFF_2:b20                                                                             ; enARdFF_2           ; work         ;
;          |enARdFF_2:b21|                         ; 0 (0)               ; 1 (1)                     ; 0           ; 0            ; 0       ; 0         ; 0    ; 0            ; |processor|RAM_async:ram|Rf_Register_8bits:register2|enARdFF_2:b21                                                                             ; enARdFF_2           ; work         ;
;          |enARdFF_2:b22|                         ; 0 (0)               ; 1 (1)                     ; 0           ; 0            ; 0       ; 0         ; 0    ; 0            ; |processor|RAM_async:ram|Rf_Register_8bits:register2|enARdFF_2:b22                                                                             ; enARdFF_2           ; work         ;
;          |enARdFF_2:b23|                         ; 0 (0)               ; 1 (1)                     ; 0           ; 0            ; 0       ; 0         ; 0    ; 0            ; |processor|RAM_async:ram|Rf_Register_8bits:register2|enARdFF_2:b23                                                                             ; enARdFF_2           ; work         ;
;          |enARdFF_2:b24|                         ; 0 (0)               ; 1 (1)                     ; 0           ; 0            ; 0       ; 0         ; 0    ; 0            ; |processor|RAM_async:ram|Rf_Register_8bits:register2|enARdFF_2:b24                                                                             ; enARdFF_2           ; work         ;
;          |enARdFF_2:b25|                         ; 0 (0)               ; 1 (1)                     ; 0           ; 0            ; 0       ; 0         ; 0    ; 0            ; |processor|RAM_async:ram|Rf_Register_8bits:register2|enARdFF_2:b25                                                                             ; enARdFF_2           ; work         ;
;          |enARdFF_2:b26|                         ; 0 (0)               ; 1 (1)                     ; 0           ; 0            ; 0       ; 0         ; 0    ; 0            ; |processor|RAM_async:ram|Rf_Register_8bits:register2|enARdFF_2:b26                                                                             ; enARdFF_2           ; work         ;
;          |enARdFF_2:b27|                         ; 0 (0)               ; 1 (1)                     ; 0           ; 0            ; 0       ; 0         ; 0    ; 0            ; |processor|RAM_async:ram|Rf_Register_8bits:register2|enARdFF_2:b27                                                                             ; enARdFF_2           ; work         ;
;          |enARdFF_2:b28|                         ; 0 (0)               ; 1 (1)                     ; 0           ; 0            ; 0       ; 0         ; 0    ; 0            ; |processor|RAM_async:ram|Rf_Register_8bits:register2|enARdFF_2:b28                                                                             ; enARdFF_2           ; work         ;
;          |enARdFF_2:b29|                         ; 0 (0)               ; 1 (1)                     ; 0           ; 0            ; 0       ; 0         ; 0    ; 0            ; |processor|RAM_async:ram|Rf_Register_8bits:register2|enARdFF_2:b29                                                                             ; enARdFF_2           ; work         ;
;          |enARdFF_2:b2|                          ; 0 (0)               ; 1 (1)                     ; 0           ; 0            ; 0       ; 0         ; 0    ; 0            ; |processor|RAM_async:ram|Rf_Register_8bits:register2|enARdFF_2:b2                                                                              ; enARdFF_2           ; work         ;
;          |enARdFF_2:b30|                         ; 0 (0)               ; 1 (1)                     ; 0           ; 0            ; 0       ; 0         ; 0    ; 0            ; |processor|RAM_async:ram|Rf_Register_8bits:register2|enARdFF_2:b30                                                                             ; enARdFF_2           ; work         ;
;          |enARdFF_2:b31|                         ; 0 (0)               ; 1 (1)                     ; 0           ; 0            ; 0       ; 0         ; 0    ; 0            ; |processor|RAM_async:ram|Rf_Register_8bits:register2|enARdFF_2:b31                                                                             ; enARdFF_2           ; work         ;
;          |enARdFF_2:b3|                          ; 0 (0)               ; 1 (1)                     ; 0           ; 0            ; 0       ; 0         ; 0    ; 0            ; |processor|RAM_async:ram|Rf_Register_8bits:register2|enARdFF_2:b3                                                                              ; enARdFF_2           ; work         ;
;          |enARdFF_2:b4|                          ; 0 (0)               ; 1 (1)                     ; 0           ; 0            ; 0       ; 0         ; 0    ; 0            ; |processor|RAM_async:ram|Rf_Register_8bits:register2|enARdFF_2:b4                                                                              ; enARdFF_2           ; work         ;
;          |enARdFF_2:b5|                          ; 0 (0)               ; 1 (1)                     ; 0           ; 0            ; 0       ; 0         ; 0    ; 0            ; |processor|RAM_async:ram|Rf_Register_8bits:register2|enARdFF_2:b5                                                                              ; enARdFF_2           ; work         ;
;          |enARdFF_2:b6|                          ; 0 (0)               ; 1 (1)                     ; 0           ; 0            ; 0       ; 0         ; 0    ; 0            ; |processor|RAM_async:ram|Rf_Register_8bits:register2|enARdFF_2:b6                                                                              ; enARdFF_2           ; work         ;
;          |enARdFF_2:b7|                          ; 0 (0)               ; 1 (1)                     ; 0           ; 0            ; 0       ; 0         ; 0    ; 0            ; |processor|RAM_async:ram|Rf_Register_8bits:register2|enARdFF_2:b7                                                                              ; enARdFF_2           ; work         ;
;          |enARdFF_2:b8|                          ; 0 (0)               ; 1 (1)                     ; 0           ; 0            ; 0       ; 0         ; 0    ; 0            ; |processor|RAM_async:ram|Rf_Register_8bits:register2|enARdFF_2:b8                                                                              ; enARdFF_2           ; work         ;
;          |enARdFF_2:b9|                          ; 0 (0)               ; 1 (1)                     ; 0           ; 0            ; 0       ; 0         ; 0    ; 0            ; |processor|RAM_async:ram|Rf_Register_8bits:register2|enARdFF_2:b9                                                                              ; enARdFF_2           ; work         ;
;       |Rf_Register_8bits:register3|              ; 0 (0)               ; 32 (0)                    ; 0           ; 0            ; 0       ; 0         ; 0    ; 0            ; |processor|RAM_async:ram|Rf_Register_8bits:register3                                                                                           ; Rf_Register_8bits   ; work         ;
;          |enARdFF_2:b0|                          ; 0 (0)               ; 1 (1)                     ; 0           ; 0            ; 0       ; 0         ; 0    ; 0            ; |processor|RAM_async:ram|Rf_Register_8bits:register3|enARdFF_2:b0                                                                              ; enARdFF_2           ; work         ;
;          |enARdFF_2:b10|                         ; 0 (0)               ; 1 (1)                     ; 0           ; 0            ; 0       ; 0         ; 0    ; 0            ; |processor|RAM_async:ram|Rf_Register_8bits:register3|enARdFF_2:b10                                                                             ; enARdFF_2           ; work         ;
;          |enARdFF_2:b11|                         ; 0 (0)               ; 1 (1)                     ; 0           ; 0            ; 0       ; 0         ; 0    ; 0            ; |processor|RAM_async:ram|Rf_Register_8bits:register3|enARdFF_2:b11                                                                             ; enARdFF_2           ; work         ;
;          |enARdFF_2:b12|                         ; 0 (0)               ; 1 (1)                     ; 0           ; 0            ; 0       ; 0         ; 0    ; 0            ; |processor|RAM_async:ram|Rf_Register_8bits:register3|enARdFF_2:b12                                                                             ; enARdFF_2           ; work         ;
;          |enARdFF_2:b13|                         ; 0 (0)               ; 1 (1)                     ; 0           ; 0            ; 0       ; 0         ; 0    ; 0            ; |processor|RAM_async:ram|Rf_Register_8bits:register3|enARdFF_2:b13                                                                             ; enARdFF_2           ; work         ;
;          |enARdFF_2:b14|                         ; 0 (0)               ; 1 (1)                     ; 0           ; 0            ; 0       ; 0         ; 0    ; 0            ; |processor|RAM_async:ram|Rf_Register_8bits:register3|enARdFF_2:b14                                                                             ; enARdFF_2           ; work         ;
;          |enARdFF_2:b15|                         ; 0 (0)               ; 1 (1)                     ; 0           ; 0            ; 0       ; 0         ; 0    ; 0            ; |processor|RAM_async:ram|Rf_Register_8bits:register3|enARdFF_2:b15                                                                             ; enARdFF_2           ; work         ;
;          |enARdFF_2:b16|                         ; 0 (0)               ; 1 (1)                     ; 0           ; 0            ; 0       ; 0         ; 0    ; 0            ; |processor|RAM_async:ram|Rf_Register_8bits:register3|enARdFF_2:b16                                                                             ; enARdFF_2           ; work         ;
;          |enARdFF_2:b17|                         ; 0 (0)               ; 1 (1)                     ; 0           ; 0            ; 0       ; 0         ; 0    ; 0            ; |processor|RAM_async:ram|Rf_Register_8bits:register3|enARdFF_2:b17                                                                             ; enARdFF_2           ; work         ;
;          |enARdFF_2:b18|                         ; 0 (0)               ; 1 (1)                     ; 0           ; 0            ; 0       ; 0         ; 0    ; 0            ; |processor|RAM_async:ram|Rf_Register_8bits:register3|enARdFF_2:b18                                                                             ; enARdFF_2           ; work         ;
;          |enARdFF_2:b19|                         ; 0 (0)               ; 1 (1)                     ; 0           ; 0            ; 0       ; 0         ; 0    ; 0            ; |processor|RAM_async:ram|Rf_Register_8bits:register3|enARdFF_2:b19                                                                             ; enARdFF_2           ; work         ;
;          |enARdFF_2:b1|                          ; 0 (0)               ; 1 (1)                     ; 0           ; 0            ; 0       ; 0         ; 0    ; 0            ; |processor|RAM_async:ram|Rf_Register_8bits:register3|enARdFF_2:b1                                                                              ; enARdFF_2           ; work         ;
;          |enARdFF_2:b20|                         ; 0 (0)               ; 1 (1)                     ; 0           ; 0            ; 0       ; 0         ; 0    ; 0            ; |processor|RAM_async:ram|Rf_Register_8bits:register3|enARdFF_2:b20                                                                             ; enARdFF_2           ; work         ;
;          |enARdFF_2:b21|                         ; 0 (0)               ; 1 (1)                     ; 0           ; 0            ; 0       ; 0         ; 0    ; 0            ; |processor|RAM_async:ram|Rf_Register_8bits:register3|enARdFF_2:b21                                                                             ; enARdFF_2           ; work         ;
;          |enARdFF_2:b22|                         ; 0 (0)               ; 1 (1)                     ; 0           ; 0            ; 0       ; 0         ; 0    ; 0            ; |processor|RAM_async:ram|Rf_Register_8bits:register3|enARdFF_2:b22                                                                             ; enARdFF_2           ; work         ;
;          |enARdFF_2:b23|                         ; 0 (0)               ; 1 (1)                     ; 0           ; 0            ; 0       ; 0         ; 0    ; 0            ; |processor|RAM_async:ram|Rf_Register_8bits:register3|enARdFF_2:b23                                                                             ; enARdFF_2           ; work         ;
;          |enARdFF_2:b24|                         ; 0 (0)               ; 1 (1)                     ; 0           ; 0            ; 0       ; 0         ; 0    ; 0            ; |processor|RAM_async:ram|Rf_Register_8bits:register3|enARdFF_2:b24                                                                             ; enARdFF_2           ; work         ;
;          |enARdFF_2:b25|                         ; 0 (0)               ; 1 (1)                     ; 0           ; 0            ; 0       ; 0         ; 0    ; 0            ; |processor|RAM_async:ram|Rf_Register_8bits:register3|enARdFF_2:b25                                                                             ; enARdFF_2           ; work         ;
;          |enARdFF_2:b26|                         ; 0 (0)               ; 1 (1)                     ; 0           ; 0            ; 0       ; 0         ; 0    ; 0            ; |processor|RAM_async:ram|Rf_Register_8bits:register3|enARdFF_2:b26                                                                             ; enARdFF_2           ; work         ;
;          |enARdFF_2:b27|                         ; 0 (0)               ; 1 (1)                     ; 0           ; 0            ; 0       ; 0         ; 0    ; 0            ; |processor|RAM_async:ram|Rf_Register_8bits:register3|enARdFF_2:b27                                                                             ; enARdFF_2           ; work         ;
;          |enARdFF_2:b28|                         ; 0 (0)               ; 1 (1)                     ; 0           ; 0            ; 0       ; 0         ; 0    ; 0            ; |processor|RAM_async:ram|Rf_Register_8bits:register3|enARdFF_2:b28                                                                             ; enARdFF_2           ; work         ;
;          |enARdFF_2:b29|                         ; 0 (0)               ; 1 (1)                     ; 0           ; 0            ; 0       ; 0         ; 0    ; 0            ; |processor|RAM_async:ram|Rf_Register_8bits:register3|enARdFF_2:b29                                                                             ; enARdFF_2           ; work         ;
;          |enARdFF_2:b2|                          ; 0 (0)               ; 1 (1)                     ; 0           ; 0            ; 0       ; 0         ; 0    ; 0            ; |processor|RAM_async:ram|Rf_Register_8bits:register3|enARdFF_2:b2                                                                              ; enARdFF_2           ; work         ;
;          |enARdFF_2:b30|                         ; 0 (0)               ; 1 (1)                     ; 0           ; 0            ; 0       ; 0         ; 0    ; 0            ; |processor|RAM_async:ram|Rf_Register_8bits:register3|enARdFF_2:b30                                                                             ; enARdFF_2           ; work         ;
;          |enARdFF_2:b31|                         ; 0 (0)               ; 1 (1)                     ; 0           ; 0            ; 0       ; 0         ; 0    ; 0            ; |processor|RAM_async:ram|Rf_Register_8bits:register3|enARdFF_2:b31                                                                             ; enARdFF_2           ; work         ;
;          |enARdFF_2:b3|                          ; 0 (0)               ; 1 (1)                     ; 0           ; 0            ; 0       ; 0         ; 0    ; 0            ; |processor|RAM_async:ram|Rf_Register_8bits:register3|enARdFF_2:b3                                                                              ; enARdFF_2           ; work         ;
;          |enARdFF_2:b4|                          ; 0 (0)               ; 1 (1)                     ; 0           ; 0            ; 0       ; 0         ; 0    ; 0            ; |processor|RAM_async:ram|Rf_Register_8bits:register3|enARdFF_2:b4                                                                              ; enARdFF_2           ; work         ;
;          |enARdFF_2:b5|                          ; 0 (0)               ; 1 (1)                     ; 0           ; 0            ; 0       ; 0         ; 0    ; 0            ; |processor|RAM_async:ram|Rf_Register_8bits:register3|enARdFF_2:b5                                                                              ; enARdFF_2           ; work         ;
;          |enARdFF_2:b6|                          ; 0 (0)               ; 1 (1)                     ; 0           ; 0            ; 0       ; 0         ; 0    ; 0            ; |processor|RAM_async:ram|Rf_Register_8bits:register3|enARdFF_2:b6                                                                              ; enARdFF_2           ; work         ;
;          |enARdFF_2:b7|                          ; 0 (0)               ; 1 (1)                     ; 0           ; 0            ; 0       ; 0         ; 0    ; 0            ; |processor|RAM_async:ram|Rf_Register_8bits:register3|enARdFF_2:b7                                                                              ; enARdFF_2           ; work         ;
;          |enARdFF_2:b8|                          ; 0 (0)               ; 1 (1)                     ; 0           ; 0            ; 0       ; 0         ; 0    ; 0            ; |processor|RAM_async:ram|Rf_Register_8bits:register3|enARdFF_2:b8                                                                              ; enARdFF_2           ; work         ;
;          |enARdFF_2:b9|                          ; 0 (0)               ; 1 (1)                     ; 0           ; 0            ; 0       ; 0         ; 0    ; 0            ; |processor|RAM_async:ram|Rf_Register_8bits:register3|enARdFF_2:b9                                                                              ; enARdFF_2           ; work         ;
;       |Rf_Register_8bits:register4|              ; 0 (0)               ; 32 (0)                    ; 0           ; 0            ; 0       ; 0         ; 0    ; 0            ; |processor|RAM_async:ram|Rf_Register_8bits:register4                                                                                           ; Rf_Register_8bits   ; work         ;
;          |enARdFF_2:b0|                          ; 0 (0)               ; 1 (1)                     ; 0           ; 0            ; 0       ; 0         ; 0    ; 0            ; |processor|RAM_async:ram|Rf_Register_8bits:register4|enARdFF_2:b0                                                                              ; enARdFF_2           ; work         ;
;          |enARdFF_2:b10|                         ; 0 (0)               ; 1 (1)                     ; 0           ; 0            ; 0       ; 0         ; 0    ; 0            ; |processor|RAM_async:ram|Rf_Register_8bits:register4|enARdFF_2:b10                                                                             ; enARdFF_2           ; work         ;
;          |enARdFF_2:b11|                         ; 0 (0)               ; 1 (1)                     ; 0           ; 0            ; 0       ; 0         ; 0    ; 0            ; |processor|RAM_async:ram|Rf_Register_8bits:register4|enARdFF_2:b11                                                                             ; enARdFF_2           ; work         ;
;          |enARdFF_2:b12|                         ; 0 (0)               ; 1 (1)                     ; 0           ; 0            ; 0       ; 0         ; 0    ; 0            ; |processor|RAM_async:ram|Rf_Register_8bits:register4|enARdFF_2:b12                                                                             ; enARdFF_2           ; work         ;
;          |enARdFF_2:b13|                         ; 0 (0)               ; 1 (1)                     ; 0           ; 0            ; 0       ; 0         ; 0    ; 0            ; |processor|RAM_async:ram|Rf_Register_8bits:register4|enARdFF_2:b13                                                                             ; enARdFF_2           ; work         ;
;          |enARdFF_2:b14|                         ; 0 (0)               ; 1 (1)                     ; 0           ; 0            ; 0       ; 0         ; 0    ; 0            ; |processor|RAM_async:ram|Rf_Register_8bits:register4|enARdFF_2:b14                                                                             ; enARdFF_2           ; work         ;
;          |enARdFF_2:b15|                         ; 0 (0)               ; 1 (1)                     ; 0           ; 0            ; 0       ; 0         ; 0    ; 0            ; |processor|RAM_async:ram|Rf_Register_8bits:register4|enARdFF_2:b15                                                                             ; enARdFF_2           ; work         ;
;          |enARdFF_2:b16|                         ; 0 (0)               ; 1 (1)                     ; 0           ; 0            ; 0       ; 0         ; 0    ; 0            ; |processor|RAM_async:ram|Rf_Register_8bits:register4|enARdFF_2:b16                                                                             ; enARdFF_2           ; work         ;
;          |enARdFF_2:b17|                         ; 0 (0)               ; 1 (1)                     ; 0           ; 0            ; 0       ; 0         ; 0    ; 0            ; |processor|RAM_async:ram|Rf_Register_8bits:register4|enARdFF_2:b17                                                                             ; enARdFF_2           ; work         ;
;          |enARdFF_2:b18|                         ; 0 (0)               ; 1 (1)                     ; 0           ; 0            ; 0       ; 0         ; 0    ; 0            ; |processor|RAM_async:ram|Rf_Register_8bits:register4|enARdFF_2:b18                                                                             ; enARdFF_2           ; work         ;
;          |enARdFF_2:b19|                         ; 0 (0)               ; 1 (1)                     ; 0           ; 0            ; 0       ; 0         ; 0    ; 0            ; |processor|RAM_async:ram|Rf_Register_8bits:register4|enARdFF_2:b19                                                                             ; enARdFF_2           ; work         ;
;          |enARdFF_2:b1|                          ; 0 (0)               ; 1 (1)                     ; 0           ; 0            ; 0       ; 0         ; 0    ; 0            ; |processor|RAM_async:ram|Rf_Register_8bits:register4|enARdFF_2:b1                                                                              ; enARdFF_2           ; work         ;
;          |enARdFF_2:b20|                         ; 0 (0)               ; 1 (1)                     ; 0           ; 0            ; 0       ; 0         ; 0    ; 0            ; |processor|RAM_async:ram|Rf_Register_8bits:register4|enARdFF_2:b20                                                                             ; enARdFF_2           ; work         ;
;          |enARdFF_2:b21|                         ; 0 (0)               ; 1 (1)                     ; 0           ; 0            ; 0       ; 0         ; 0    ; 0            ; |processor|RAM_async:ram|Rf_Register_8bits:register4|enARdFF_2:b21                                                                             ; enARdFF_2           ; work         ;
;          |enARdFF_2:b22|                         ; 0 (0)               ; 1 (1)                     ; 0           ; 0            ; 0       ; 0         ; 0    ; 0            ; |processor|RAM_async:ram|Rf_Register_8bits:register4|enARdFF_2:b22                                                                             ; enARdFF_2           ; work         ;
;          |enARdFF_2:b23|                         ; 0 (0)               ; 1 (1)                     ; 0           ; 0            ; 0       ; 0         ; 0    ; 0            ; |processor|RAM_async:ram|Rf_Register_8bits:register4|enARdFF_2:b23                                                                             ; enARdFF_2           ; work         ;
;          |enARdFF_2:b24|                         ; 0 (0)               ; 1 (1)                     ; 0           ; 0            ; 0       ; 0         ; 0    ; 0            ; |processor|RAM_async:ram|Rf_Register_8bits:register4|enARdFF_2:b24                                                                             ; enARdFF_2           ; work         ;
;          |enARdFF_2:b25|                         ; 0 (0)               ; 1 (1)                     ; 0           ; 0            ; 0       ; 0         ; 0    ; 0            ; |processor|RAM_async:ram|Rf_Register_8bits:register4|enARdFF_2:b25                                                                             ; enARdFF_2           ; work         ;
;          |enARdFF_2:b26|                         ; 0 (0)               ; 1 (1)                     ; 0           ; 0            ; 0       ; 0         ; 0    ; 0            ; |processor|RAM_async:ram|Rf_Register_8bits:register4|enARdFF_2:b26                                                                             ; enARdFF_2           ; work         ;
;          |enARdFF_2:b27|                         ; 0 (0)               ; 1 (1)                     ; 0           ; 0            ; 0       ; 0         ; 0    ; 0            ; |processor|RAM_async:ram|Rf_Register_8bits:register4|enARdFF_2:b27                                                                             ; enARdFF_2           ; work         ;
;          |enARdFF_2:b28|                         ; 0 (0)               ; 1 (1)                     ; 0           ; 0            ; 0       ; 0         ; 0    ; 0            ; |processor|RAM_async:ram|Rf_Register_8bits:register4|enARdFF_2:b28                                                                             ; enARdFF_2           ; work         ;
;          |enARdFF_2:b29|                         ; 0 (0)               ; 1 (1)                     ; 0           ; 0            ; 0       ; 0         ; 0    ; 0            ; |processor|RAM_async:ram|Rf_Register_8bits:register4|enARdFF_2:b29                                                                             ; enARdFF_2           ; work         ;
;          |enARdFF_2:b2|                          ; 0 (0)               ; 1 (1)                     ; 0           ; 0            ; 0       ; 0         ; 0    ; 0            ; |processor|RAM_async:ram|Rf_Register_8bits:register4|enARdFF_2:b2                                                                              ; enARdFF_2           ; work         ;
;          |enARdFF_2:b30|                         ; 0 (0)               ; 1 (1)                     ; 0           ; 0            ; 0       ; 0         ; 0    ; 0            ; |processor|RAM_async:ram|Rf_Register_8bits:register4|enARdFF_2:b30                                                                             ; enARdFF_2           ; work         ;
;          |enARdFF_2:b31|                         ; 0 (0)               ; 1 (1)                     ; 0           ; 0            ; 0       ; 0         ; 0    ; 0            ; |processor|RAM_async:ram|Rf_Register_8bits:register4|enARdFF_2:b31                                                                             ; enARdFF_2           ; work         ;
;          |enARdFF_2:b3|                          ; 0 (0)               ; 1 (1)                     ; 0           ; 0            ; 0       ; 0         ; 0    ; 0            ; |processor|RAM_async:ram|Rf_Register_8bits:register4|enARdFF_2:b3                                                                              ; enARdFF_2           ; work         ;
;          |enARdFF_2:b4|                          ; 0 (0)               ; 1 (1)                     ; 0           ; 0            ; 0       ; 0         ; 0    ; 0            ; |processor|RAM_async:ram|Rf_Register_8bits:register4|enARdFF_2:b4                                                                              ; enARdFF_2           ; work         ;
;          |enARdFF_2:b5|                          ; 0 (0)               ; 1 (1)                     ; 0           ; 0            ; 0       ; 0         ; 0    ; 0            ; |processor|RAM_async:ram|Rf_Register_8bits:register4|enARdFF_2:b5                                                                              ; enARdFF_2           ; work         ;
;          |enARdFF_2:b6|                          ; 0 (0)               ; 1 (1)                     ; 0           ; 0            ; 0       ; 0         ; 0    ; 0            ; |processor|RAM_async:ram|Rf_Register_8bits:register4|enARdFF_2:b6                                                                              ; enARdFF_2           ; work         ;
;          |enARdFF_2:b7|                          ; 0 (0)               ; 1 (1)                     ; 0           ; 0            ; 0       ; 0         ; 0    ; 0            ; |processor|RAM_async:ram|Rf_Register_8bits:register4|enARdFF_2:b7                                                                              ; enARdFF_2           ; work         ;
;          |enARdFF_2:b8|                          ; 0 (0)               ; 1 (1)                     ; 0           ; 0            ; 0       ; 0         ; 0    ; 0            ; |processor|RAM_async:ram|Rf_Register_8bits:register4|enARdFF_2:b8                                                                              ; enARdFF_2           ; work         ;
;          |enARdFF_2:b9|                          ; 0 (0)               ; 1 (1)                     ; 0           ; 0            ; 0       ; 0         ; 0    ; 0            ; |processor|RAM_async:ram|Rf_Register_8bits:register4|enARdFF_2:b9                                                                              ; enARdFF_2           ; work         ;
;       |demux_1x32_8bits:demux|                   ; 3 (3)               ; 0 (0)                     ; 0           ; 0            ; 0       ; 0         ; 0    ; 0            ; |processor|RAM_async:ram|demux_1x32_8bits:demux                                                                                                ; demux_1x32_8bits    ; work         ;
;    |RegisterFile:RegisterFile_comp|              ; 265 (262)           ; 160 (0)                   ; 0           ; 0            ; 0       ; 0         ; 0    ; 0            ; |processor|RegisterFile:RegisterFile_comp                                                                                                      ; RegisterFile        ; work         ;
;       |Rf_Register_8bits:register0|              ; 0 (0)               ; 32 (0)                    ; 0           ; 0            ; 0       ; 0         ; 0    ; 0            ; |processor|RegisterFile:RegisterFile_comp|Rf_Register_8bits:register0                                                                          ; Rf_Register_8bits   ; work         ;
;          |enARdFF_2:b0|                          ; 0 (0)               ; 1 (1)                     ; 0           ; 0            ; 0       ; 0         ; 0    ; 0            ; |processor|RegisterFile:RegisterFile_comp|Rf_Register_8bits:register0|enARdFF_2:b0                                                             ; enARdFF_2           ; work         ;
;          |enARdFF_2:b10|                         ; 0 (0)               ; 1 (1)                     ; 0           ; 0            ; 0       ; 0         ; 0    ; 0            ; |processor|RegisterFile:RegisterFile_comp|Rf_Register_8bits:register0|enARdFF_2:b10                                                            ; enARdFF_2           ; work         ;
;          |enARdFF_2:b11|                         ; 0 (0)               ; 1 (1)                     ; 0           ; 0            ; 0       ; 0         ; 0    ; 0            ; |processor|RegisterFile:RegisterFile_comp|Rf_Register_8bits:register0|enARdFF_2:b11                                                            ; enARdFF_2           ; work         ;
;          |enARdFF_2:b12|                         ; 0 (0)               ; 1 (1)                     ; 0           ; 0            ; 0       ; 0         ; 0    ; 0            ; |processor|RegisterFile:RegisterFile_comp|Rf_Register_8bits:register0|enARdFF_2:b12                                                            ; enARdFF_2           ; work         ;
;          |enARdFF_2:b13|                         ; 0 (0)               ; 1 (1)                     ; 0           ; 0            ; 0       ; 0         ; 0    ; 0            ; |processor|RegisterFile:RegisterFile_comp|Rf_Register_8bits:register0|enARdFF_2:b13                                                            ; enARdFF_2           ; work         ;
;          |enARdFF_2:b14|                         ; 0 (0)               ; 1 (1)                     ; 0           ; 0            ; 0       ; 0         ; 0    ; 0            ; |processor|RegisterFile:RegisterFile_comp|Rf_Register_8bits:register0|enARdFF_2:b14                                                            ; enARdFF_2           ; work         ;
;          |enARdFF_2:b15|                         ; 0 (0)               ; 1 (1)                     ; 0           ; 0            ; 0       ; 0         ; 0    ; 0            ; |processor|RegisterFile:RegisterFile_comp|Rf_Register_8bits:register0|enARdFF_2:b15                                                            ; enARdFF_2           ; work         ;
;          |enARdFF_2:b16|                         ; 0 (0)               ; 1 (1)                     ; 0           ; 0            ; 0       ; 0         ; 0    ; 0            ; |processor|RegisterFile:RegisterFile_comp|Rf_Register_8bits:register0|enARdFF_2:b16                                                            ; enARdFF_2           ; work         ;
;          |enARdFF_2:b17|                         ; 0 (0)               ; 1 (1)                     ; 0           ; 0            ; 0       ; 0         ; 0    ; 0            ; |processor|RegisterFile:RegisterFile_comp|Rf_Register_8bits:register0|enARdFF_2:b17                                                            ; enARdFF_2           ; work         ;
;          |enARdFF_2:b18|                         ; 0 (0)               ; 1 (1)                     ; 0           ; 0            ; 0       ; 0         ; 0    ; 0            ; |processor|RegisterFile:RegisterFile_comp|Rf_Register_8bits:register0|enARdFF_2:b18                                                            ; enARdFF_2           ; work         ;
;          |enARdFF_2:b19|                         ; 0 (0)               ; 1 (1)                     ; 0           ; 0            ; 0       ; 0         ; 0    ; 0            ; |processor|RegisterFile:RegisterFile_comp|Rf_Register_8bits:register0|enARdFF_2:b19                                                            ; enARdFF_2           ; work         ;
;          |enARdFF_2:b1|                          ; 0 (0)               ; 1 (1)                     ; 0           ; 0            ; 0       ; 0         ; 0    ; 0            ; |processor|RegisterFile:RegisterFile_comp|Rf_Register_8bits:register0|enARdFF_2:b1                                                             ; enARdFF_2           ; work         ;
;          |enARdFF_2:b20|                         ; 0 (0)               ; 1 (1)                     ; 0           ; 0            ; 0       ; 0         ; 0    ; 0            ; |processor|RegisterFile:RegisterFile_comp|Rf_Register_8bits:register0|enARdFF_2:b20                                                            ; enARdFF_2           ; work         ;
;          |enARdFF_2:b21|                         ; 0 (0)               ; 1 (1)                     ; 0           ; 0            ; 0       ; 0         ; 0    ; 0            ; |processor|RegisterFile:RegisterFile_comp|Rf_Register_8bits:register0|enARdFF_2:b21                                                            ; enARdFF_2           ; work         ;
;          |enARdFF_2:b22|                         ; 0 (0)               ; 1 (1)                     ; 0           ; 0            ; 0       ; 0         ; 0    ; 0            ; |processor|RegisterFile:RegisterFile_comp|Rf_Register_8bits:register0|enARdFF_2:b22                                                            ; enARdFF_2           ; work         ;
;          |enARdFF_2:b23|                         ; 0 (0)               ; 1 (1)                     ; 0           ; 0            ; 0       ; 0         ; 0    ; 0            ; |processor|RegisterFile:RegisterFile_comp|Rf_Register_8bits:register0|enARdFF_2:b23                                                            ; enARdFF_2           ; work         ;
;          |enARdFF_2:b24|                         ; 0 (0)               ; 1 (1)                     ; 0           ; 0            ; 0       ; 0         ; 0    ; 0            ; |processor|RegisterFile:RegisterFile_comp|Rf_Register_8bits:register0|enARdFF_2:b24                                                            ; enARdFF_2           ; work         ;
;          |enARdFF_2:b25|                         ; 0 (0)               ; 1 (1)                     ; 0           ; 0            ; 0       ; 0         ; 0    ; 0            ; |processor|RegisterFile:RegisterFile_comp|Rf_Register_8bits:register0|enARdFF_2:b25                                                            ; enARdFF_2           ; work         ;
;          |enARdFF_2:b26|                         ; 0 (0)               ; 1 (1)                     ; 0           ; 0            ; 0       ; 0         ; 0    ; 0            ; |processor|RegisterFile:RegisterFile_comp|Rf_Register_8bits:register0|enARdFF_2:b26                                                            ; enARdFF_2           ; work         ;
;          |enARdFF_2:b27|                         ; 0 (0)               ; 1 (1)                     ; 0           ; 0            ; 0       ; 0         ; 0    ; 0            ; |processor|RegisterFile:RegisterFile_comp|Rf_Register_8bits:register0|enARdFF_2:b27                                                            ; enARdFF_2           ; work         ;
;          |enARdFF_2:b28|                         ; 0 (0)               ; 1 (1)                     ; 0           ; 0            ; 0       ; 0         ; 0    ; 0            ; |processor|RegisterFile:RegisterFile_comp|Rf_Register_8bits:register0|enARdFF_2:b28                                                            ; enARdFF_2           ; work         ;
;          |enARdFF_2:b29|                         ; 0 (0)               ; 1 (1)                     ; 0           ; 0            ; 0       ; 0         ; 0    ; 0            ; |processor|RegisterFile:RegisterFile_comp|Rf_Register_8bits:register0|enARdFF_2:b29                                                            ; enARdFF_2           ; work         ;
;          |enARdFF_2:b2|                          ; 0 (0)               ; 1 (1)                     ; 0           ; 0            ; 0       ; 0         ; 0    ; 0            ; |processor|RegisterFile:RegisterFile_comp|Rf_Register_8bits:register0|enARdFF_2:b2                                                             ; enARdFF_2           ; work         ;
;          |enARdFF_2:b30|                         ; 0 (0)               ; 1 (1)                     ; 0           ; 0            ; 0       ; 0         ; 0    ; 0            ; |processor|RegisterFile:RegisterFile_comp|Rf_Register_8bits:register0|enARdFF_2:b30                                                            ; enARdFF_2           ; work         ;
;          |enARdFF_2:b31|                         ; 0 (0)               ; 1 (1)                     ; 0           ; 0            ; 0       ; 0         ; 0    ; 0            ; |processor|RegisterFile:RegisterFile_comp|Rf_Register_8bits:register0|enARdFF_2:b31                                                            ; enARdFF_2           ; work         ;
;          |enARdFF_2:b3|                          ; 0 (0)               ; 1 (1)                     ; 0           ; 0            ; 0       ; 0         ; 0    ; 0            ; |processor|RegisterFile:RegisterFile_comp|Rf_Register_8bits:register0|enARdFF_2:b3                                                             ; enARdFF_2           ; work         ;
;          |enARdFF_2:b4|                          ; 0 (0)               ; 1 (1)                     ; 0           ; 0            ; 0       ; 0         ; 0    ; 0            ; |processor|RegisterFile:RegisterFile_comp|Rf_Register_8bits:register0|enARdFF_2:b4                                                             ; enARdFF_2           ; work         ;
;          |enARdFF_2:b5|                          ; 0 (0)               ; 1 (1)                     ; 0           ; 0            ; 0       ; 0         ; 0    ; 0            ; |processor|RegisterFile:RegisterFile_comp|Rf_Register_8bits:register0|enARdFF_2:b5                                                             ; enARdFF_2           ; work         ;
;          |enARdFF_2:b6|                          ; 0 (0)               ; 1 (1)                     ; 0           ; 0            ; 0       ; 0         ; 0    ; 0            ; |processor|RegisterFile:RegisterFile_comp|Rf_Register_8bits:register0|enARdFF_2:b6                                                             ; enARdFF_2           ; work         ;
;          |enARdFF_2:b7|                          ; 0 (0)               ; 1 (1)                     ; 0           ; 0            ; 0       ; 0         ; 0    ; 0            ; |processor|RegisterFile:RegisterFile_comp|Rf_Register_8bits:register0|enARdFF_2:b7                                                             ; enARdFF_2           ; work         ;
;          |enARdFF_2:b8|                          ; 0 (0)               ; 1 (1)                     ; 0           ; 0            ; 0       ; 0         ; 0    ; 0            ; |processor|RegisterFile:RegisterFile_comp|Rf_Register_8bits:register0|enARdFF_2:b8                                                             ; enARdFF_2           ; work         ;
;          |enARdFF_2:b9|                          ; 0 (0)               ; 1 (1)                     ; 0           ; 0            ; 0       ; 0         ; 0    ; 0            ; |processor|RegisterFile:RegisterFile_comp|Rf_Register_8bits:register0|enARdFF_2:b9                                                             ; enARdFF_2           ; work         ;
;       |Rf_Register_8bits:register1|              ; 0 (0)               ; 32 (0)                    ; 0           ; 0            ; 0       ; 0         ; 0    ; 0            ; |processor|RegisterFile:RegisterFile_comp|Rf_Register_8bits:register1                                                                          ; Rf_Register_8bits   ; work         ;
;          |enARdFF_2:b0|                          ; 0 (0)               ; 1 (1)                     ; 0           ; 0            ; 0       ; 0         ; 0    ; 0            ; |processor|RegisterFile:RegisterFile_comp|Rf_Register_8bits:register1|enARdFF_2:b0                                                             ; enARdFF_2           ; work         ;
;          |enARdFF_2:b10|                         ; 0 (0)               ; 1 (1)                     ; 0           ; 0            ; 0       ; 0         ; 0    ; 0            ; |processor|RegisterFile:RegisterFile_comp|Rf_Register_8bits:register1|enARdFF_2:b10                                                            ; enARdFF_2           ; work         ;
;          |enARdFF_2:b11|                         ; 0 (0)               ; 1 (1)                     ; 0           ; 0            ; 0       ; 0         ; 0    ; 0            ; |processor|RegisterFile:RegisterFile_comp|Rf_Register_8bits:register1|enARdFF_2:b11                                                            ; enARdFF_2           ; work         ;
;          |enARdFF_2:b12|                         ; 0 (0)               ; 1 (1)                     ; 0           ; 0            ; 0       ; 0         ; 0    ; 0            ; |processor|RegisterFile:RegisterFile_comp|Rf_Register_8bits:register1|enARdFF_2:b12                                                            ; enARdFF_2           ; work         ;
;          |enARdFF_2:b13|                         ; 0 (0)               ; 1 (1)                     ; 0           ; 0            ; 0       ; 0         ; 0    ; 0            ; |processor|RegisterFile:RegisterFile_comp|Rf_Register_8bits:register1|enARdFF_2:b13                                                            ; enARdFF_2           ; work         ;
;          |enARdFF_2:b14|                         ; 0 (0)               ; 1 (1)                     ; 0           ; 0            ; 0       ; 0         ; 0    ; 0            ; |processor|RegisterFile:RegisterFile_comp|Rf_Register_8bits:register1|enARdFF_2:b14                                                            ; enARdFF_2           ; work         ;
;          |enARdFF_2:b15|                         ; 0 (0)               ; 1 (1)                     ; 0           ; 0            ; 0       ; 0         ; 0    ; 0            ; |processor|RegisterFile:RegisterFile_comp|Rf_Register_8bits:register1|enARdFF_2:b15                                                            ; enARdFF_2           ; work         ;
;          |enARdFF_2:b16|                         ; 0 (0)               ; 1 (1)                     ; 0           ; 0            ; 0       ; 0         ; 0    ; 0            ; |processor|RegisterFile:RegisterFile_comp|Rf_Register_8bits:register1|enARdFF_2:b16                                                            ; enARdFF_2           ; work         ;
;          |enARdFF_2:b17|                         ; 0 (0)               ; 1 (1)                     ; 0           ; 0            ; 0       ; 0         ; 0    ; 0            ; |processor|RegisterFile:RegisterFile_comp|Rf_Register_8bits:register1|enARdFF_2:b17                                                            ; enARdFF_2           ; work         ;
;          |enARdFF_2:b18|                         ; 0 (0)               ; 1 (1)                     ; 0           ; 0            ; 0       ; 0         ; 0    ; 0            ; |processor|RegisterFile:RegisterFile_comp|Rf_Register_8bits:register1|enARdFF_2:b18                                                            ; enARdFF_2           ; work         ;
;          |enARdFF_2:b19|                         ; 0 (0)               ; 1 (1)                     ; 0           ; 0            ; 0       ; 0         ; 0    ; 0            ; |processor|RegisterFile:RegisterFile_comp|Rf_Register_8bits:register1|enARdFF_2:b19                                                            ; enARdFF_2           ; work         ;
;          |enARdFF_2:b1|                          ; 0 (0)               ; 1 (1)                     ; 0           ; 0            ; 0       ; 0         ; 0    ; 0            ; |processor|RegisterFile:RegisterFile_comp|Rf_Register_8bits:register1|enARdFF_2:b1                                                             ; enARdFF_2           ; work         ;
;          |enARdFF_2:b20|                         ; 0 (0)               ; 1 (1)                     ; 0           ; 0            ; 0       ; 0         ; 0    ; 0            ; |processor|RegisterFile:RegisterFile_comp|Rf_Register_8bits:register1|enARdFF_2:b20                                                            ; enARdFF_2           ; work         ;
;          |enARdFF_2:b21|                         ; 0 (0)               ; 1 (1)                     ; 0           ; 0            ; 0       ; 0         ; 0    ; 0            ; |processor|RegisterFile:RegisterFile_comp|Rf_Register_8bits:register1|enARdFF_2:b21                                                            ; enARdFF_2           ; work         ;
;          |enARdFF_2:b22|                         ; 0 (0)               ; 1 (1)                     ; 0           ; 0            ; 0       ; 0         ; 0    ; 0            ; |processor|RegisterFile:RegisterFile_comp|Rf_Register_8bits:register1|enARdFF_2:b22                                                            ; enARdFF_2           ; work         ;
;          |enARdFF_2:b23|                         ; 0 (0)               ; 1 (1)                     ; 0           ; 0            ; 0       ; 0         ; 0    ; 0            ; |processor|RegisterFile:RegisterFile_comp|Rf_Register_8bits:register1|enARdFF_2:b23                                                            ; enARdFF_2           ; work         ;
;          |enARdFF_2:b24|                         ; 0 (0)               ; 1 (1)                     ; 0           ; 0            ; 0       ; 0         ; 0    ; 0            ; |processor|RegisterFile:RegisterFile_comp|Rf_Register_8bits:register1|enARdFF_2:b24                                                            ; enARdFF_2           ; work         ;
;          |enARdFF_2:b25|                         ; 0 (0)               ; 1 (1)                     ; 0           ; 0            ; 0       ; 0         ; 0    ; 0            ; |processor|RegisterFile:RegisterFile_comp|Rf_Register_8bits:register1|enARdFF_2:b25                                                            ; enARdFF_2           ; work         ;
;          |enARdFF_2:b26|                         ; 0 (0)               ; 1 (1)                     ; 0           ; 0            ; 0       ; 0         ; 0    ; 0            ; |processor|RegisterFile:RegisterFile_comp|Rf_Register_8bits:register1|enARdFF_2:b26                                                            ; enARdFF_2           ; work         ;
;          |enARdFF_2:b27|                         ; 0 (0)               ; 1 (1)                     ; 0           ; 0            ; 0       ; 0         ; 0    ; 0            ; |processor|RegisterFile:RegisterFile_comp|Rf_Register_8bits:register1|enARdFF_2:b27                                                            ; enARdFF_2           ; work         ;
;          |enARdFF_2:b28|                         ; 0 (0)               ; 1 (1)                     ; 0           ; 0            ; 0       ; 0         ; 0    ; 0            ; |processor|RegisterFile:RegisterFile_comp|Rf_Register_8bits:register1|enARdFF_2:b28                                                            ; enARdFF_2           ; work         ;
;          |enARdFF_2:b29|                         ; 0 (0)               ; 1 (1)                     ; 0           ; 0            ; 0       ; 0         ; 0    ; 0            ; |processor|RegisterFile:RegisterFile_comp|Rf_Register_8bits:register1|enARdFF_2:b29                                                            ; enARdFF_2           ; work         ;
;          |enARdFF_2:b2|                          ; 0 (0)               ; 1 (1)                     ; 0           ; 0            ; 0       ; 0         ; 0    ; 0            ; |processor|RegisterFile:RegisterFile_comp|Rf_Register_8bits:register1|enARdFF_2:b2                                                             ; enARdFF_2           ; work         ;
;          |enARdFF_2:b30|                         ; 0 (0)               ; 1 (1)                     ; 0           ; 0            ; 0       ; 0         ; 0    ; 0            ; |processor|RegisterFile:RegisterFile_comp|Rf_Register_8bits:register1|enARdFF_2:b30                                                            ; enARdFF_2           ; work         ;
;          |enARdFF_2:b31|                         ; 0 (0)               ; 1 (1)                     ; 0           ; 0            ; 0       ; 0         ; 0    ; 0            ; |processor|RegisterFile:RegisterFile_comp|Rf_Register_8bits:register1|enARdFF_2:b31                                                            ; enARdFF_2           ; work         ;
;          |enARdFF_2:b3|                          ; 0 (0)               ; 1 (1)                     ; 0           ; 0            ; 0       ; 0         ; 0    ; 0            ; |processor|RegisterFile:RegisterFile_comp|Rf_Register_8bits:register1|enARdFF_2:b3                                                             ; enARdFF_2           ; work         ;
;          |enARdFF_2:b4|                          ; 0 (0)               ; 1 (1)                     ; 0           ; 0            ; 0       ; 0         ; 0    ; 0            ; |processor|RegisterFile:RegisterFile_comp|Rf_Register_8bits:register1|enARdFF_2:b4                                                             ; enARdFF_2           ; work         ;
;          |enARdFF_2:b5|                          ; 0 (0)               ; 1 (1)                     ; 0           ; 0            ; 0       ; 0         ; 0    ; 0            ; |processor|RegisterFile:RegisterFile_comp|Rf_Register_8bits:register1|enARdFF_2:b5                                                             ; enARdFF_2           ; work         ;
;          |enARdFF_2:b6|                          ; 0 (0)               ; 1 (1)                     ; 0           ; 0            ; 0       ; 0         ; 0    ; 0            ; |processor|RegisterFile:RegisterFile_comp|Rf_Register_8bits:register1|enARdFF_2:b6                                                             ; enARdFF_2           ; work         ;
;          |enARdFF_2:b7|                          ; 0 (0)               ; 1 (1)                     ; 0           ; 0            ; 0       ; 0         ; 0    ; 0            ; |processor|RegisterFile:RegisterFile_comp|Rf_Register_8bits:register1|enARdFF_2:b7                                                             ; enARdFF_2           ; work         ;
;          |enARdFF_2:b8|                          ; 0 (0)               ; 1 (1)                     ; 0           ; 0            ; 0       ; 0         ; 0    ; 0            ; |processor|RegisterFile:RegisterFile_comp|Rf_Register_8bits:register1|enARdFF_2:b8                                                             ; enARdFF_2           ; work         ;
;          |enARdFF_2:b9|                          ; 0 (0)               ; 1 (1)                     ; 0           ; 0            ; 0       ; 0         ; 0    ; 0            ; |processor|RegisterFile:RegisterFile_comp|Rf_Register_8bits:register1|enARdFF_2:b9                                                             ; enARdFF_2           ; work         ;
;       |Rf_Register_8bits:register2|              ; 0 (0)               ; 32 (0)                    ; 0           ; 0            ; 0       ; 0         ; 0    ; 0            ; |processor|RegisterFile:RegisterFile_comp|Rf_Register_8bits:register2                                                                          ; Rf_Register_8bits   ; work         ;
;          |enARdFF_2:b0|                          ; 0 (0)               ; 1 (1)                     ; 0           ; 0            ; 0       ; 0         ; 0    ; 0            ; |processor|RegisterFile:RegisterFile_comp|Rf_Register_8bits:register2|enARdFF_2:b0                                                             ; enARdFF_2           ; work         ;
;          |enARdFF_2:b10|                         ; 0 (0)               ; 1 (1)                     ; 0           ; 0            ; 0       ; 0         ; 0    ; 0            ; |processor|RegisterFile:RegisterFile_comp|Rf_Register_8bits:register2|enARdFF_2:b10                                                            ; enARdFF_2           ; work         ;
;          |enARdFF_2:b11|                         ; 0 (0)               ; 1 (1)                     ; 0           ; 0            ; 0       ; 0         ; 0    ; 0            ; |processor|RegisterFile:RegisterFile_comp|Rf_Register_8bits:register2|enARdFF_2:b11                                                            ; enARdFF_2           ; work         ;
;          |enARdFF_2:b12|                         ; 0 (0)               ; 1 (1)                     ; 0           ; 0            ; 0       ; 0         ; 0    ; 0            ; |processor|RegisterFile:RegisterFile_comp|Rf_Register_8bits:register2|enARdFF_2:b12                                                            ; enARdFF_2           ; work         ;
;          |enARdFF_2:b13|                         ; 0 (0)               ; 1 (1)                     ; 0           ; 0            ; 0       ; 0         ; 0    ; 0            ; |processor|RegisterFile:RegisterFile_comp|Rf_Register_8bits:register2|enARdFF_2:b13                                                            ; enARdFF_2           ; work         ;
;          |enARdFF_2:b14|                         ; 0 (0)               ; 1 (1)                     ; 0           ; 0            ; 0       ; 0         ; 0    ; 0            ; |processor|RegisterFile:RegisterFile_comp|Rf_Register_8bits:register2|enARdFF_2:b14                                                            ; enARdFF_2           ; work         ;
;          |enARdFF_2:b15|                         ; 0 (0)               ; 1 (1)                     ; 0           ; 0            ; 0       ; 0         ; 0    ; 0            ; |processor|RegisterFile:RegisterFile_comp|Rf_Register_8bits:register2|enARdFF_2:b15                                                            ; enARdFF_2           ; work         ;
;          |enARdFF_2:b16|                         ; 0 (0)               ; 1 (1)                     ; 0           ; 0            ; 0       ; 0         ; 0    ; 0            ; |processor|RegisterFile:RegisterFile_comp|Rf_Register_8bits:register2|enARdFF_2:b16                                                            ; enARdFF_2           ; work         ;
;          |enARdFF_2:b17|                         ; 0 (0)               ; 1 (1)                     ; 0           ; 0            ; 0       ; 0         ; 0    ; 0            ; |processor|RegisterFile:RegisterFile_comp|Rf_Register_8bits:register2|enARdFF_2:b17                                                            ; enARdFF_2           ; work         ;
;          |enARdFF_2:b18|                         ; 0 (0)               ; 1 (1)                     ; 0           ; 0            ; 0       ; 0         ; 0    ; 0            ; |processor|RegisterFile:RegisterFile_comp|Rf_Register_8bits:register2|enARdFF_2:b18                                                            ; enARdFF_2           ; work         ;
;          |enARdFF_2:b19|                         ; 0 (0)               ; 1 (1)                     ; 0           ; 0            ; 0       ; 0         ; 0    ; 0            ; |processor|RegisterFile:RegisterFile_comp|Rf_Register_8bits:register2|enARdFF_2:b19                                                            ; enARdFF_2           ; work         ;
;          |enARdFF_2:b1|                          ; 0 (0)               ; 1 (1)                     ; 0           ; 0            ; 0       ; 0         ; 0    ; 0            ; |processor|RegisterFile:RegisterFile_comp|Rf_Register_8bits:register2|enARdFF_2:b1                                                             ; enARdFF_2           ; work         ;
;          |enARdFF_2:b20|                         ; 0 (0)               ; 1 (1)                     ; 0           ; 0            ; 0       ; 0         ; 0    ; 0            ; |processor|RegisterFile:RegisterFile_comp|Rf_Register_8bits:register2|enARdFF_2:b20                                                            ; enARdFF_2           ; work         ;
;          |enARdFF_2:b21|                         ; 0 (0)               ; 1 (1)                     ; 0           ; 0            ; 0       ; 0         ; 0    ; 0            ; |processor|RegisterFile:RegisterFile_comp|Rf_Register_8bits:register2|enARdFF_2:b21                                                            ; enARdFF_2           ; work         ;
;          |enARdFF_2:b22|                         ; 0 (0)               ; 1 (1)                     ; 0           ; 0            ; 0       ; 0         ; 0    ; 0            ; |processor|RegisterFile:RegisterFile_comp|Rf_Register_8bits:register2|enARdFF_2:b22                                                            ; enARdFF_2           ; work         ;
;          |enARdFF_2:b23|                         ; 0 (0)               ; 1 (1)                     ; 0           ; 0            ; 0       ; 0         ; 0    ; 0            ; |processor|RegisterFile:RegisterFile_comp|Rf_Register_8bits:register2|enARdFF_2:b23                                                            ; enARdFF_2           ; work         ;
;          |enARdFF_2:b24|                         ; 0 (0)               ; 1 (1)                     ; 0           ; 0            ; 0       ; 0         ; 0    ; 0            ; |processor|RegisterFile:RegisterFile_comp|Rf_Register_8bits:register2|enARdFF_2:b24                                                            ; enARdFF_2           ; work         ;
;          |enARdFF_2:b25|                         ; 0 (0)               ; 1 (1)                     ; 0           ; 0            ; 0       ; 0         ; 0    ; 0            ; |processor|RegisterFile:RegisterFile_comp|Rf_Register_8bits:register2|enARdFF_2:b25                                                            ; enARdFF_2           ; work         ;
;          |enARdFF_2:b26|                         ; 0 (0)               ; 1 (1)                     ; 0           ; 0            ; 0       ; 0         ; 0    ; 0            ; |processor|RegisterFile:RegisterFile_comp|Rf_Register_8bits:register2|enARdFF_2:b26                                                            ; enARdFF_2           ; work         ;
;          |enARdFF_2:b27|                         ; 0 (0)               ; 1 (1)                     ; 0           ; 0            ; 0       ; 0         ; 0    ; 0            ; |processor|RegisterFile:RegisterFile_comp|Rf_Register_8bits:register2|enARdFF_2:b27                                                            ; enARdFF_2           ; work         ;
;          |enARdFF_2:b28|                         ; 0 (0)               ; 1 (1)                     ; 0           ; 0            ; 0       ; 0         ; 0    ; 0            ; |processor|RegisterFile:RegisterFile_comp|Rf_Register_8bits:register2|enARdFF_2:b28                                                            ; enARdFF_2           ; work         ;
;          |enARdFF_2:b29|                         ; 0 (0)               ; 1 (1)                     ; 0           ; 0            ; 0       ; 0         ; 0    ; 0            ; |processor|RegisterFile:RegisterFile_comp|Rf_Register_8bits:register2|enARdFF_2:b29                                                            ; enARdFF_2           ; work         ;
;          |enARdFF_2:b2|                          ; 0 (0)               ; 1 (1)                     ; 0           ; 0            ; 0       ; 0         ; 0    ; 0            ; |processor|RegisterFile:RegisterFile_comp|Rf_Register_8bits:register2|enARdFF_2:b2                                                             ; enARdFF_2           ; work         ;
;          |enARdFF_2:b30|                         ; 0 (0)               ; 1 (1)                     ; 0           ; 0            ; 0       ; 0         ; 0    ; 0            ; |processor|RegisterFile:RegisterFile_comp|Rf_Register_8bits:register2|enARdFF_2:b30                                                            ; enARdFF_2           ; work         ;
;          |enARdFF_2:b31|                         ; 0 (0)               ; 1 (1)                     ; 0           ; 0            ; 0       ; 0         ; 0    ; 0            ; |processor|RegisterFile:RegisterFile_comp|Rf_Register_8bits:register2|enARdFF_2:b31                                                            ; enARdFF_2           ; work         ;
;          |enARdFF_2:b3|                          ; 0 (0)               ; 1 (1)                     ; 0           ; 0            ; 0       ; 0         ; 0    ; 0            ; |processor|RegisterFile:RegisterFile_comp|Rf_Register_8bits:register2|enARdFF_2:b3                                                             ; enARdFF_2           ; work         ;
;          |enARdFF_2:b4|                          ; 0 (0)               ; 1 (1)                     ; 0           ; 0            ; 0       ; 0         ; 0    ; 0            ; |processor|RegisterFile:RegisterFile_comp|Rf_Register_8bits:register2|enARdFF_2:b4                                                             ; enARdFF_2           ; work         ;
;          |enARdFF_2:b5|                          ; 0 (0)               ; 1 (1)                     ; 0           ; 0            ; 0       ; 0         ; 0    ; 0            ; |processor|RegisterFile:RegisterFile_comp|Rf_Register_8bits:register2|enARdFF_2:b5                                                             ; enARdFF_2           ; work         ;
;          |enARdFF_2:b6|                          ; 0 (0)               ; 1 (1)                     ; 0           ; 0            ; 0       ; 0         ; 0    ; 0            ; |processor|RegisterFile:RegisterFile_comp|Rf_Register_8bits:register2|enARdFF_2:b6                                                             ; enARdFF_2           ; work         ;
;          |enARdFF_2:b7|                          ; 0 (0)               ; 1 (1)                     ; 0           ; 0            ; 0       ; 0         ; 0    ; 0            ; |processor|RegisterFile:RegisterFile_comp|Rf_Register_8bits:register2|enARdFF_2:b7                                                             ; enARdFF_2           ; work         ;
;          |enARdFF_2:b8|                          ; 0 (0)               ; 1 (1)                     ; 0           ; 0            ; 0       ; 0         ; 0    ; 0            ; |processor|RegisterFile:RegisterFile_comp|Rf_Register_8bits:register2|enARdFF_2:b8                                                             ; enARdFF_2           ; work         ;
;          |enARdFF_2:b9|                          ; 0 (0)               ; 1 (1)                     ; 0           ; 0            ; 0       ; 0         ; 0    ; 0            ; |processor|RegisterFile:RegisterFile_comp|Rf_Register_8bits:register2|enARdFF_2:b9                                                             ; enARdFF_2           ; work         ;
;       |Rf_Register_8bits:register3|              ; 0 (0)               ; 32 (0)                    ; 0           ; 0            ; 0       ; 0         ; 0    ; 0            ; |processor|RegisterFile:RegisterFile_comp|Rf_Register_8bits:register3                                                                          ; Rf_Register_8bits   ; work         ;
;          |enARdFF_2:b0|                          ; 0 (0)               ; 1 (1)                     ; 0           ; 0            ; 0       ; 0         ; 0    ; 0            ; |processor|RegisterFile:RegisterFile_comp|Rf_Register_8bits:register3|enARdFF_2:b0                                                             ; enARdFF_2           ; work         ;
;          |enARdFF_2:b10|                         ; 0 (0)               ; 1 (1)                     ; 0           ; 0            ; 0       ; 0         ; 0    ; 0            ; |processor|RegisterFile:RegisterFile_comp|Rf_Register_8bits:register3|enARdFF_2:b10                                                            ; enARdFF_2           ; work         ;
;          |enARdFF_2:b11|                         ; 0 (0)               ; 1 (1)                     ; 0           ; 0            ; 0       ; 0         ; 0    ; 0            ; |processor|RegisterFile:RegisterFile_comp|Rf_Register_8bits:register3|enARdFF_2:b11                                                            ; enARdFF_2           ; work         ;
;          |enARdFF_2:b12|                         ; 0 (0)               ; 1 (1)                     ; 0           ; 0            ; 0       ; 0         ; 0    ; 0            ; |processor|RegisterFile:RegisterFile_comp|Rf_Register_8bits:register3|enARdFF_2:b12                                                            ; enARdFF_2           ; work         ;
;          |enARdFF_2:b13|                         ; 0 (0)               ; 1 (1)                     ; 0           ; 0            ; 0       ; 0         ; 0    ; 0            ; |processor|RegisterFile:RegisterFile_comp|Rf_Register_8bits:register3|enARdFF_2:b13                                                            ; enARdFF_2           ; work         ;
;          |enARdFF_2:b14|                         ; 0 (0)               ; 1 (1)                     ; 0           ; 0            ; 0       ; 0         ; 0    ; 0            ; |processor|RegisterFile:RegisterFile_comp|Rf_Register_8bits:register3|enARdFF_2:b14                                                            ; enARdFF_2           ; work         ;
;          |enARdFF_2:b15|                         ; 0 (0)               ; 1 (1)                     ; 0           ; 0            ; 0       ; 0         ; 0    ; 0            ; |processor|RegisterFile:RegisterFile_comp|Rf_Register_8bits:register3|enARdFF_2:b15                                                            ; enARdFF_2           ; work         ;
;          |enARdFF_2:b16|                         ; 0 (0)               ; 1 (1)                     ; 0           ; 0            ; 0       ; 0         ; 0    ; 0            ; |processor|RegisterFile:RegisterFile_comp|Rf_Register_8bits:register3|enARdFF_2:b16                                                            ; enARdFF_2           ; work         ;
;          |enARdFF_2:b17|                         ; 0 (0)               ; 1 (1)                     ; 0           ; 0            ; 0       ; 0         ; 0    ; 0            ; |processor|RegisterFile:RegisterFile_comp|Rf_Register_8bits:register3|enARdFF_2:b17                                                            ; enARdFF_2           ; work         ;
;          |enARdFF_2:b18|                         ; 0 (0)               ; 1 (1)                     ; 0           ; 0            ; 0       ; 0         ; 0    ; 0            ; |processor|RegisterFile:RegisterFile_comp|Rf_Register_8bits:register3|enARdFF_2:b18                                                            ; enARdFF_2           ; work         ;
;          |enARdFF_2:b19|                         ; 0 (0)               ; 1 (1)                     ; 0           ; 0            ; 0       ; 0         ; 0    ; 0            ; |processor|RegisterFile:RegisterFile_comp|Rf_Register_8bits:register3|enARdFF_2:b19                                                            ; enARdFF_2           ; work         ;
;          |enARdFF_2:b1|                          ; 0 (0)               ; 1 (1)                     ; 0           ; 0            ; 0       ; 0         ; 0    ; 0            ; |processor|RegisterFile:RegisterFile_comp|Rf_Register_8bits:register3|enARdFF_2:b1                                                             ; enARdFF_2           ; work         ;
;          |enARdFF_2:b20|                         ; 0 (0)               ; 1 (1)                     ; 0           ; 0            ; 0       ; 0         ; 0    ; 0            ; |processor|RegisterFile:RegisterFile_comp|Rf_Register_8bits:register3|enARdFF_2:b20                                                            ; enARdFF_2           ; work         ;
;          |enARdFF_2:b21|                         ; 0 (0)               ; 1 (1)                     ; 0           ; 0            ; 0       ; 0         ; 0    ; 0            ; |processor|RegisterFile:RegisterFile_comp|Rf_Register_8bits:register3|enARdFF_2:b21                                                            ; enARdFF_2           ; work         ;
;          |enARdFF_2:b22|                         ; 0 (0)               ; 1 (1)                     ; 0           ; 0            ; 0       ; 0         ; 0    ; 0            ; |processor|RegisterFile:RegisterFile_comp|Rf_Register_8bits:register3|enARdFF_2:b22                                                            ; enARdFF_2           ; work         ;
;          |enARdFF_2:b23|                         ; 0 (0)               ; 1 (1)                     ; 0           ; 0            ; 0       ; 0         ; 0    ; 0            ; |processor|RegisterFile:RegisterFile_comp|Rf_Register_8bits:register3|enARdFF_2:b23                                                            ; enARdFF_2           ; work         ;
;          |enARdFF_2:b24|                         ; 0 (0)               ; 1 (1)                     ; 0           ; 0            ; 0       ; 0         ; 0    ; 0            ; |processor|RegisterFile:RegisterFile_comp|Rf_Register_8bits:register3|enARdFF_2:b24                                                            ; enARdFF_2           ; work         ;
;          |enARdFF_2:b25|                         ; 0 (0)               ; 1 (1)                     ; 0           ; 0            ; 0       ; 0         ; 0    ; 0            ; |processor|RegisterFile:RegisterFile_comp|Rf_Register_8bits:register3|enARdFF_2:b25                                                            ; enARdFF_2           ; work         ;
;          |enARdFF_2:b26|                         ; 0 (0)               ; 1 (1)                     ; 0           ; 0            ; 0       ; 0         ; 0    ; 0            ; |processor|RegisterFile:RegisterFile_comp|Rf_Register_8bits:register3|enARdFF_2:b26                                                            ; enARdFF_2           ; work         ;
;          |enARdFF_2:b27|                         ; 0 (0)               ; 1 (1)                     ; 0           ; 0            ; 0       ; 0         ; 0    ; 0            ; |processor|RegisterFile:RegisterFile_comp|Rf_Register_8bits:register3|enARdFF_2:b27                                                            ; enARdFF_2           ; work         ;
;          |enARdFF_2:b28|                         ; 0 (0)               ; 1 (1)                     ; 0           ; 0            ; 0       ; 0         ; 0    ; 0            ; |processor|RegisterFile:RegisterFile_comp|Rf_Register_8bits:register3|enARdFF_2:b28                                                            ; enARdFF_2           ; work         ;
;          |enARdFF_2:b29|                         ; 0 (0)               ; 1 (1)                     ; 0           ; 0            ; 0       ; 0         ; 0    ; 0            ; |processor|RegisterFile:RegisterFile_comp|Rf_Register_8bits:register3|enARdFF_2:b29                                                            ; enARdFF_2           ; work         ;
;          |enARdFF_2:b2|                          ; 0 (0)               ; 1 (1)                     ; 0           ; 0            ; 0       ; 0         ; 0    ; 0            ; |processor|RegisterFile:RegisterFile_comp|Rf_Register_8bits:register3|enARdFF_2:b2                                                             ; enARdFF_2           ; work         ;
;          |enARdFF_2:b30|                         ; 0 (0)               ; 1 (1)                     ; 0           ; 0            ; 0       ; 0         ; 0    ; 0            ; |processor|RegisterFile:RegisterFile_comp|Rf_Register_8bits:register3|enARdFF_2:b30                                                            ; enARdFF_2           ; work         ;
;          |enARdFF_2:b31|                         ; 0 (0)               ; 1 (1)                     ; 0           ; 0            ; 0       ; 0         ; 0    ; 0            ; |processor|RegisterFile:RegisterFile_comp|Rf_Register_8bits:register3|enARdFF_2:b31                                                            ; enARdFF_2           ; work         ;
;          |enARdFF_2:b3|                          ; 0 (0)               ; 1 (1)                     ; 0           ; 0            ; 0       ; 0         ; 0    ; 0            ; |processor|RegisterFile:RegisterFile_comp|Rf_Register_8bits:register3|enARdFF_2:b3                                                             ; enARdFF_2           ; work         ;
;          |enARdFF_2:b4|                          ; 0 (0)               ; 1 (1)                     ; 0           ; 0            ; 0       ; 0         ; 0    ; 0            ; |processor|RegisterFile:RegisterFile_comp|Rf_Register_8bits:register3|enARdFF_2:b4                                                             ; enARdFF_2           ; work         ;
;          |enARdFF_2:b5|                          ; 0 (0)               ; 1 (1)                     ; 0           ; 0            ; 0       ; 0         ; 0    ; 0            ; |processor|RegisterFile:RegisterFile_comp|Rf_Register_8bits:register3|enARdFF_2:b5                                                             ; enARdFF_2           ; work         ;
;          |enARdFF_2:b6|                          ; 0 (0)               ; 1 (1)                     ; 0           ; 0            ; 0       ; 0         ; 0    ; 0            ; |processor|RegisterFile:RegisterFile_comp|Rf_Register_8bits:register3|enARdFF_2:b6                                                             ; enARdFF_2           ; work         ;
;          |enARdFF_2:b7|                          ; 0 (0)               ; 1 (1)                     ; 0           ; 0            ; 0       ; 0         ; 0    ; 0            ; |processor|RegisterFile:RegisterFile_comp|Rf_Register_8bits:register3|enARdFF_2:b7                                                             ; enARdFF_2           ; work         ;
;          |enARdFF_2:b8|                          ; 0 (0)               ; 1 (1)                     ; 0           ; 0            ; 0       ; 0         ; 0    ; 0            ; |processor|RegisterFile:RegisterFile_comp|Rf_Register_8bits:register3|enARdFF_2:b8                                                             ; enARdFF_2           ; work         ;
;          |enARdFF_2:b9|                          ; 0 (0)               ; 1 (1)                     ; 0           ; 0            ; 0       ; 0         ; 0    ; 0            ; |processor|RegisterFile:RegisterFile_comp|Rf_Register_8bits:register3|enARdFF_2:b9                                                             ; enARdFF_2           ; work         ;
;       |Rf_Register_8bits:register4|              ; 0 (0)               ; 32 (0)                    ; 0           ; 0            ; 0       ; 0         ; 0    ; 0            ; |processor|RegisterFile:RegisterFile_comp|Rf_Register_8bits:register4                                                                          ; Rf_Register_8bits   ; work         ;
;          |enARdFF_2:b0|                          ; 0 (0)               ; 1 (1)                     ; 0           ; 0            ; 0       ; 0         ; 0    ; 0            ; |processor|RegisterFile:RegisterFile_comp|Rf_Register_8bits:register4|enARdFF_2:b0                                                             ; enARdFF_2           ; work         ;
;          |enARdFF_2:b10|                         ; 0 (0)               ; 1 (1)                     ; 0           ; 0            ; 0       ; 0         ; 0    ; 0            ; |processor|RegisterFile:RegisterFile_comp|Rf_Register_8bits:register4|enARdFF_2:b10                                                            ; enARdFF_2           ; work         ;
;          |enARdFF_2:b11|                         ; 0 (0)               ; 1 (1)                     ; 0           ; 0            ; 0       ; 0         ; 0    ; 0            ; |processor|RegisterFile:RegisterFile_comp|Rf_Register_8bits:register4|enARdFF_2:b11                                                            ; enARdFF_2           ; work         ;
;          |enARdFF_2:b12|                         ; 0 (0)               ; 1 (1)                     ; 0           ; 0            ; 0       ; 0         ; 0    ; 0            ; |processor|RegisterFile:RegisterFile_comp|Rf_Register_8bits:register4|enARdFF_2:b12                                                            ; enARdFF_2           ; work         ;
;          |enARdFF_2:b13|                         ; 0 (0)               ; 1 (1)                     ; 0           ; 0            ; 0       ; 0         ; 0    ; 0            ; |processor|RegisterFile:RegisterFile_comp|Rf_Register_8bits:register4|enARdFF_2:b13                                                            ; enARdFF_2           ; work         ;
;          |enARdFF_2:b14|                         ; 0 (0)               ; 1 (1)                     ; 0           ; 0            ; 0       ; 0         ; 0    ; 0            ; |processor|RegisterFile:RegisterFile_comp|Rf_Register_8bits:register4|enARdFF_2:b14                                                            ; enARdFF_2           ; work         ;
;          |enARdFF_2:b15|                         ; 0 (0)               ; 1 (1)                     ; 0           ; 0            ; 0       ; 0         ; 0    ; 0            ; |processor|RegisterFile:RegisterFile_comp|Rf_Register_8bits:register4|enARdFF_2:b15                                                            ; enARdFF_2           ; work         ;
;          |enARdFF_2:b16|                         ; 0 (0)               ; 1 (1)                     ; 0           ; 0            ; 0       ; 0         ; 0    ; 0            ; |processor|RegisterFile:RegisterFile_comp|Rf_Register_8bits:register4|enARdFF_2:b16                                                            ; enARdFF_2           ; work         ;
;          |enARdFF_2:b17|                         ; 0 (0)               ; 1 (1)                     ; 0           ; 0            ; 0       ; 0         ; 0    ; 0            ; |processor|RegisterFile:RegisterFile_comp|Rf_Register_8bits:register4|enARdFF_2:b17                                                            ; enARdFF_2           ; work         ;
;          |enARdFF_2:b18|                         ; 0 (0)               ; 1 (1)                     ; 0           ; 0            ; 0       ; 0         ; 0    ; 0            ; |processor|RegisterFile:RegisterFile_comp|Rf_Register_8bits:register4|enARdFF_2:b18                                                            ; enARdFF_2           ; work         ;
;          |enARdFF_2:b19|                         ; 0 (0)               ; 1 (1)                     ; 0           ; 0            ; 0       ; 0         ; 0    ; 0            ; |processor|RegisterFile:RegisterFile_comp|Rf_Register_8bits:register4|enARdFF_2:b19                                                            ; enARdFF_2           ; work         ;
;          |enARdFF_2:b1|                          ; 0 (0)               ; 1 (1)                     ; 0           ; 0            ; 0       ; 0         ; 0    ; 0            ; |processor|RegisterFile:RegisterFile_comp|Rf_Register_8bits:register4|enARdFF_2:b1                                                             ; enARdFF_2           ; work         ;
;          |enARdFF_2:b20|                         ; 0 (0)               ; 1 (1)                     ; 0           ; 0            ; 0       ; 0         ; 0    ; 0            ; |processor|RegisterFile:RegisterFile_comp|Rf_Register_8bits:register4|enARdFF_2:b20                                                            ; enARdFF_2           ; work         ;
;          |enARdFF_2:b21|                         ; 0 (0)               ; 1 (1)                     ; 0           ; 0            ; 0       ; 0         ; 0    ; 0            ; |processor|RegisterFile:RegisterFile_comp|Rf_Register_8bits:register4|enARdFF_2:b21                                                            ; enARdFF_2           ; work         ;
;          |enARdFF_2:b22|                         ; 0 (0)               ; 1 (1)                     ; 0           ; 0            ; 0       ; 0         ; 0    ; 0            ; |processor|RegisterFile:RegisterFile_comp|Rf_Register_8bits:register4|enARdFF_2:b22                                                            ; enARdFF_2           ; work         ;
;          |enARdFF_2:b23|                         ; 0 (0)               ; 1 (1)                     ; 0           ; 0            ; 0       ; 0         ; 0    ; 0            ; |processor|RegisterFile:RegisterFile_comp|Rf_Register_8bits:register4|enARdFF_2:b23                                                            ; enARdFF_2           ; work         ;
;          |enARdFF_2:b24|                         ; 0 (0)               ; 1 (1)                     ; 0           ; 0            ; 0       ; 0         ; 0    ; 0            ; |processor|RegisterFile:RegisterFile_comp|Rf_Register_8bits:register4|enARdFF_2:b24                                                            ; enARdFF_2           ; work         ;
;          |enARdFF_2:b25|                         ; 0 (0)               ; 1 (1)                     ; 0           ; 0            ; 0       ; 0         ; 0    ; 0            ; |processor|RegisterFile:RegisterFile_comp|Rf_Register_8bits:register4|enARdFF_2:b25                                                            ; enARdFF_2           ; work         ;
;          |enARdFF_2:b26|                         ; 0 (0)               ; 1 (1)                     ; 0           ; 0            ; 0       ; 0         ; 0    ; 0            ; |processor|RegisterFile:RegisterFile_comp|Rf_Register_8bits:register4|enARdFF_2:b26                                                            ; enARdFF_2           ; work         ;
;          |enARdFF_2:b27|                         ; 0 (0)               ; 1 (1)                     ; 0           ; 0            ; 0       ; 0         ; 0    ; 0            ; |processor|RegisterFile:RegisterFile_comp|Rf_Register_8bits:register4|enARdFF_2:b27                                                            ; enARdFF_2           ; work         ;
;          |enARdFF_2:b28|                         ; 0 (0)               ; 1 (1)                     ; 0           ; 0            ; 0       ; 0         ; 0    ; 0            ; |processor|RegisterFile:RegisterFile_comp|Rf_Register_8bits:register4|enARdFF_2:b28                                                            ; enARdFF_2           ; work         ;
;          |enARdFF_2:b29|                         ; 0 (0)               ; 1 (1)                     ; 0           ; 0            ; 0       ; 0         ; 0    ; 0            ; |processor|RegisterFile:RegisterFile_comp|Rf_Register_8bits:register4|enARdFF_2:b29                                                            ; enARdFF_2           ; work         ;
;          |enARdFF_2:b2|                          ; 0 (0)               ; 1 (1)                     ; 0           ; 0            ; 0       ; 0         ; 0    ; 0            ; |processor|RegisterFile:RegisterFile_comp|Rf_Register_8bits:register4|enARdFF_2:b2                                                             ; enARdFF_2           ; work         ;
;          |enARdFF_2:b30|                         ; 0 (0)               ; 1 (1)                     ; 0           ; 0            ; 0       ; 0         ; 0    ; 0            ; |processor|RegisterFile:RegisterFile_comp|Rf_Register_8bits:register4|enARdFF_2:b30                                                            ; enARdFF_2           ; work         ;
;          |enARdFF_2:b31|                         ; 0 (0)               ; 1 (1)                     ; 0           ; 0            ; 0       ; 0         ; 0    ; 0            ; |processor|RegisterFile:RegisterFile_comp|Rf_Register_8bits:register4|enARdFF_2:b31                                                            ; enARdFF_2           ; work         ;
;          |enARdFF_2:b3|                          ; 0 (0)               ; 1 (1)                     ; 0           ; 0            ; 0       ; 0         ; 0    ; 0            ; |processor|RegisterFile:RegisterFile_comp|Rf_Register_8bits:register4|enARdFF_2:b3                                                             ; enARdFF_2           ; work         ;
;          |enARdFF_2:b4|                          ; 0 (0)               ; 1 (1)                     ; 0           ; 0            ; 0       ; 0         ; 0    ; 0            ; |processor|RegisterFile:RegisterFile_comp|Rf_Register_8bits:register4|enARdFF_2:b4                                                             ; enARdFF_2           ; work         ;
;          |enARdFF_2:b5|                          ; 0 (0)               ; 1 (1)                     ; 0           ; 0            ; 0       ; 0         ; 0    ; 0            ; |processor|RegisterFile:RegisterFile_comp|Rf_Register_8bits:register4|enARdFF_2:b5                                                             ; enARdFF_2           ; work         ;
;          |enARdFF_2:b6|                          ; 0 (0)               ; 1 (1)                     ; 0           ; 0            ; 0       ; 0         ; 0    ; 0            ; |processor|RegisterFile:RegisterFile_comp|Rf_Register_8bits:register4|enARdFF_2:b6                                                             ; enARdFF_2           ; work         ;
;          |enARdFF_2:b7|                          ; 0 (0)               ; 1 (1)                     ; 0           ; 0            ; 0       ; 0         ; 0    ; 0            ; |processor|RegisterFile:RegisterFile_comp|Rf_Register_8bits:register4|enARdFF_2:b7                                                             ; enARdFF_2           ; work         ;
;          |enARdFF_2:b8|                          ; 0 (0)               ; 1 (1)                     ; 0           ; 0            ; 0       ; 0         ; 0    ; 0            ; |processor|RegisterFile:RegisterFile_comp|Rf_Register_8bits:register4|enARdFF_2:b8                                                             ; enARdFF_2           ; work         ;
;          |enARdFF_2:b9|                          ; 0 (0)               ; 1 (1)                     ; 0           ; 0            ; 0       ; 0         ; 0    ; 0            ; |processor|RegisterFile:RegisterFile_comp|Rf_Register_8bits:register4|enARdFF_2:b9                                                             ; enARdFF_2           ; work         ;
;       |demux_1x32_8bits:demux|                   ; 3 (3)               ; 0 (0)                     ; 0           ; 0            ; 0       ; 0         ; 0    ; 0            ; |processor|RegisterFile:RegisterFile_comp|demux_1x32_8bits:demux                                                                               ; demux_1x32_8bits    ; work         ;
;    |Substractor_8bits:sub_pc|                    ; 36 (0)              ; 0 (0)                     ; 0           ; 0            ; 0       ; 0         ; 0    ; 0            ; |processor|Substractor_8bits:sub_pc                                                                                                            ; Substractor_8bits   ; work         ;
;       |oneBitAdder:b10|                          ; 1 (1)               ; 0 (0)                     ; 0           ; 0            ; 0       ; 0         ; 0    ; 0            ; |processor|Substractor_8bits:sub_pc|oneBitAdder:b10                                                                                            ; oneBitAdder         ; work         ;
;       |oneBitAdder:b11|                          ; 2 (2)               ; 0 (0)                     ; 0           ; 0            ; 0       ; 0         ; 0    ; 0            ; |processor|Substractor_8bits:sub_pc|oneBitAdder:b11                                                                                            ; oneBitAdder         ; work         ;
;       |oneBitAdder:b12|                          ; 1 (1)               ; 0 (0)                     ; 0           ; 0            ; 0       ; 0         ; 0    ; 0            ; |processor|Substractor_8bits:sub_pc|oneBitAdder:b12                                                                                            ; oneBitAdder         ; work         ;
;       |oneBitAdder:b13|                          ; 1 (1)               ; 0 (0)                     ; 0           ; 0            ; 0       ; 0         ; 0    ; 0            ; |processor|Substractor_8bits:sub_pc|oneBitAdder:b13                                                                                            ; oneBitAdder         ; work         ;
;       |oneBitAdder:b14|                          ; 2 (2)               ; 0 (0)                     ; 0           ; 0            ; 0       ; 0         ; 0    ; 0            ; |processor|Substractor_8bits:sub_pc|oneBitAdder:b14                                                                                            ; oneBitAdder         ; work         ;
;       |oneBitAdder:b15|                          ; 1 (1)               ; 0 (0)                     ; 0           ; 0            ; 0       ; 0         ; 0    ; 0            ; |processor|Substractor_8bits:sub_pc|oneBitAdder:b15                                                                                            ; oneBitAdder         ; work         ;
;       |oneBitAdder:b16|                          ; 1 (1)               ; 0 (0)                     ; 0           ; 0            ; 0       ; 0         ; 0    ; 0            ; |processor|Substractor_8bits:sub_pc|oneBitAdder:b16                                                                                            ; oneBitAdder         ; work         ;
;       |oneBitAdder:b17|                          ; 2 (2)               ; 0 (0)                     ; 0           ; 0            ; 0       ; 0         ; 0    ; 0            ; |processor|Substractor_8bits:sub_pc|oneBitAdder:b17                                                                                            ; oneBitAdder         ; work         ;
;       |oneBitAdder:b18|                          ; 1 (1)               ; 0 (0)                     ; 0           ; 0            ; 0       ; 0         ; 0    ; 0            ; |processor|Substractor_8bits:sub_pc|oneBitAdder:b18                                                                                            ; oneBitAdder         ; work         ;
;       |oneBitAdder:b19|                          ; 1 (1)               ; 0 (0)                     ; 0           ; 0            ; 0       ; 0         ; 0    ; 0            ; |processor|Substractor_8bits:sub_pc|oneBitAdder:b19                                                                                            ; oneBitAdder         ; work         ;
;       |oneBitAdder:b20|                          ; 2 (2)               ; 0 (0)                     ; 0           ; 0            ; 0       ; 0         ; 0    ; 0            ; |processor|Substractor_8bits:sub_pc|oneBitAdder:b20                                                                                            ; oneBitAdder         ; work         ;
;       |oneBitAdder:b21|                          ; 1 (1)               ; 0 (0)                     ; 0           ; 0            ; 0       ; 0         ; 0    ; 0            ; |processor|Substractor_8bits:sub_pc|oneBitAdder:b21                                                                                            ; oneBitAdder         ; work         ;
;       |oneBitAdder:b22|                          ; 1 (1)               ; 0 (0)                     ; 0           ; 0            ; 0       ; 0         ; 0    ; 0            ; |processor|Substractor_8bits:sub_pc|oneBitAdder:b22                                                                                            ; oneBitAdder         ; work         ;
;       |oneBitAdder:b23|                          ; 2 (2)               ; 0 (0)                     ; 0           ; 0            ; 0       ; 0         ; 0    ; 0            ; |processor|Substractor_8bits:sub_pc|oneBitAdder:b23                                                                                            ; oneBitAdder         ; work         ;
;       |oneBitAdder:b24|                          ; 1 (1)               ; 0 (0)                     ; 0           ; 0            ; 0       ; 0         ; 0    ; 0            ; |processor|Substractor_8bits:sub_pc|oneBitAdder:b24                                                                                            ; oneBitAdder         ; work         ;
;       |oneBitAdder:b25|                          ; 1 (1)               ; 0 (0)                     ; 0           ; 0            ; 0       ; 0         ; 0    ; 0            ; |processor|Substractor_8bits:sub_pc|oneBitAdder:b25                                                                                            ; oneBitAdder         ; work         ;
;       |oneBitAdder:b26|                          ; 2 (2)               ; 0 (0)                     ; 0           ; 0            ; 0       ; 0         ; 0    ; 0            ; |processor|Substractor_8bits:sub_pc|oneBitAdder:b26                                                                                            ; oneBitAdder         ; work         ;
;       |oneBitAdder:b27|                          ; 1 (1)               ; 0 (0)                     ; 0           ; 0            ; 0       ; 0         ; 0    ; 0            ; |processor|Substractor_8bits:sub_pc|oneBitAdder:b27                                                                                            ; oneBitAdder         ; work         ;
;       |oneBitAdder:b28|                          ; 2 (2)               ; 0 (0)                     ; 0           ; 0            ; 0       ; 0         ; 0    ; 0            ; |processor|Substractor_8bits:sub_pc|oneBitAdder:b28                                                                                            ; oneBitAdder         ; work         ;
;       |oneBitAdder:b29|                          ; 2 (2)               ; 0 (0)                     ; 0           ; 0            ; 0       ; 0         ; 0    ; 0            ; |processor|Substractor_8bits:sub_pc|oneBitAdder:b29                                                                                            ; oneBitAdder         ; work         ;
;       |oneBitAdder:b30|                          ; 1 (1)               ; 0 (0)                     ; 0           ; 0            ; 0       ; 0         ; 0    ; 0            ; |processor|Substractor_8bits:sub_pc|oneBitAdder:b30                                                                                            ; oneBitAdder         ; work         ;
;       |oneBitAdder:b31|                          ; 1 (1)               ; 0 (0)                     ; 0           ; 0            ; 0       ; 0         ; 0    ; 0            ; |processor|Substractor_8bits:sub_pc|oneBitAdder:b31                                                                                            ; oneBitAdder         ; work         ;
;       |oneBitAdder:b6|                           ; 2 (2)               ; 0 (0)                     ; 0           ; 0            ; 0       ; 0         ; 0    ; 0            ; |processor|Substractor_8bits:sub_pc|oneBitAdder:b6                                                                                             ; oneBitAdder         ; work         ;
;       |oneBitAdder:b7|                           ; 1 (1)               ; 0 (0)                     ; 0           ; 0            ; 0       ; 0         ; 0    ; 0            ; |processor|Substractor_8bits:sub_pc|oneBitAdder:b7                                                                                             ; oneBitAdder         ; work         ;
;       |oneBitAdder:b8|                           ; 1 (1)               ; 0 (0)                     ; 0           ; 0            ; 0       ; 0         ; 0    ; 0            ; |processor|Substractor_8bits:sub_pc|oneBitAdder:b8                                                                                             ; oneBitAdder         ; work         ;
;       |oneBitAdder:b9|                           ; 2 (2)               ; 0 (0)                     ; 0           ; 0            ; 0       ; 0         ; 0    ; 0            ; |processor|Substractor_8bits:sub_pc|oneBitAdder:b9                                                                                             ; oneBitAdder         ; work         ;
;    |adder_8bits:adder_jtype|                     ; 56 (0)              ; 0 (0)                     ; 0           ; 0            ; 0       ; 0         ; 0    ; 0            ; |processor|adder_8bits:adder_jtype                                                                                                             ; adder_8bits         ; work         ;
;       |oneBitAdder:b10|                          ; 2 (2)               ; 0 (0)                     ; 0           ; 0            ; 0       ; 0         ; 0    ; 0            ; |processor|adder_8bits:adder_jtype|oneBitAdder:b10                                                                                             ; oneBitAdder         ; work         ;
;       |oneBitAdder:b11|                          ; 2 (2)               ; 0 (0)                     ; 0           ; 0            ; 0       ; 0         ; 0    ; 0            ; |processor|adder_8bits:adder_jtype|oneBitAdder:b11                                                                                             ; oneBitAdder         ; work         ;
;       |oneBitAdder:b12|                          ; 2 (2)               ; 0 (0)                     ; 0           ; 0            ; 0       ; 0         ; 0    ; 0            ; |processor|adder_8bits:adder_jtype|oneBitAdder:b12                                                                                             ; oneBitAdder         ; work         ;
;       |oneBitAdder:b13|                          ; 2 (2)               ; 0 (0)                     ; 0           ; 0            ; 0       ; 0         ; 0    ; 0            ; |processor|adder_8bits:adder_jtype|oneBitAdder:b13                                                                                             ; oneBitAdder         ; work         ;
;       |oneBitAdder:b14|                          ; 2 (2)               ; 0 (0)                     ; 0           ; 0            ; 0       ; 0         ; 0    ; 0            ; |processor|adder_8bits:adder_jtype|oneBitAdder:b14                                                                                             ; oneBitAdder         ; work         ;
;       |oneBitAdder:b15|                          ; 2 (2)               ; 0 (0)                     ; 0           ; 0            ; 0       ; 0         ; 0    ; 0            ; |processor|adder_8bits:adder_jtype|oneBitAdder:b15                                                                                             ; oneBitAdder         ; work         ;
;       |oneBitAdder:b16|                          ; 2 (2)               ; 0 (0)                     ; 0           ; 0            ; 0       ; 0         ; 0    ; 0            ; |processor|adder_8bits:adder_jtype|oneBitAdder:b16                                                                                             ; oneBitAdder         ; work         ;
;       |oneBitAdder:b17|                          ; 2 (2)               ; 0 (0)                     ; 0           ; 0            ; 0       ; 0         ; 0    ; 0            ; |processor|adder_8bits:adder_jtype|oneBitAdder:b17                                                                                             ; oneBitAdder         ; work         ;
;       |oneBitAdder:b18|                          ; 2 (2)               ; 0 (0)                     ; 0           ; 0            ; 0       ; 0         ; 0    ; 0            ; |processor|adder_8bits:adder_jtype|oneBitAdder:b18                                                                                             ; oneBitAdder         ; work         ;
;       |oneBitAdder:b19|                          ; 2 (2)               ; 0 (0)                     ; 0           ; 0            ; 0       ; 0         ; 0    ; 0            ; |processor|adder_8bits:adder_jtype|oneBitAdder:b19                                                                                             ; oneBitAdder         ; work         ;
;       |oneBitAdder:b20|                          ; 2 (2)               ; 0 (0)                     ; 0           ; 0            ; 0       ; 0         ; 0    ; 0            ; |processor|adder_8bits:adder_jtype|oneBitAdder:b20                                                                                             ; oneBitAdder         ; work         ;
;       |oneBitAdder:b21|                          ; 2 (2)               ; 0 (0)                     ; 0           ; 0            ; 0       ; 0         ; 0    ; 0            ; |processor|adder_8bits:adder_jtype|oneBitAdder:b21                                                                                             ; oneBitAdder         ; work         ;
;       |oneBitAdder:b22|                          ; 2 (2)               ; 0 (0)                     ; 0           ; 0            ; 0       ; 0         ; 0    ; 0            ; |processor|adder_8bits:adder_jtype|oneBitAdder:b22                                                                                             ; oneBitAdder         ; work         ;
;       |oneBitAdder:b23|                          ; 2 (2)               ; 0 (0)                     ; 0           ; 0            ; 0       ; 0         ; 0    ; 0            ; |processor|adder_8bits:adder_jtype|oneBitAdder:b23                                                                                             ; oneBitAdder         ; work         ;
;       |oneBitAdder:b24|                          ; 2 (2)               ; 0 (0)                     ; 0           ; 0            ; 0       ; 0         ; 0    ; 0            ; |processor|adder_8bits:adder_jtype|oneBitAdder:b24                                                                                             ; oneBitAdder         ; work         ;
;       |oneBitAdder:b25|                          ; 2 (2)               ; 0 (0)                     ; 0           ; 0            ; 0       ; 0         ; 0    ; 0            ; |processor|adder_8bits:adder_jtype|oneBitAdder:b25                                                                                             ; oneBitAdder         ; work         ;
;       |oneBitAdder:b26|                          ; 2 (2)               ; 0 (0)                     ; 0           ; 0            ; 0       ; 0         ; 0    ; 0            ; |processor|adder_8bits:adder_jtype|oneBitAdder:b26                                                                                             ; oneBitAdder         ; work         ;
;       |oneBitAdder:b27|                          ; 2 (2)               ; 0 (0)                     ; 0           ; 0            ; 0       ; 0         ; 0    ; 0            ; |processor|adder_8bits:adder_jtype|oneBitAdder:b27                                                                                             ; oneBitAdder         ; work         ;
;       |oneBitAdder:b28|                          ; 2 (2)               ; 0 (0)                     ; 0           ; 0            ; 0       ; 0         ; 0    ; 0            ; |processor|adder_8bits:adder_jtype|oneBitAdder:b28                                                                                             ; oneBitAdder         ; work         ;
;       |oneBitAdder:b29|                          ; 1 (1)               ; 0 (0)                     ; 0           ; 0            ; 0       ; 0         ; 0    ; 0            ; |processor|adder_8bits:adder_jtype|oneBitAdder:b29                                                                                             ; oneBitAdder         ; work         ;
;       |oneBitAdder:b2|                           ; 1 (1)               ; 0 (0)                     ; 0           ; 0            ; 0       ; 0         ; 0    ; 0            ; |processor|adder_8bits:adder_jtype|oneBitAdder:b2                                                                                              ; oneBitAdder         ; work         ;
;       |oneBitAdder:b30|                          ; 1 (1)               ; 0 (0)                     ; 0           ; 0            ; 0       ; 0         ; 0    ; 0            ; |processor|adder_8bits:adder_jtype|oneBitAdder:b30                                                                                             ; oneBitAdder         ; work         ;
;       |oneBitAdder:b31|                          ; 1 (1)               ; 0 (0)                     ; 0           ; 0            ; 0       ; 0         ; 0    ; 0            ; |processor|adder_8bits:adder_jtype|oneBitAdder:b31                                                                                             ; oneBitAdder         ; work         ;
;       |oneBitAdder:b3|                           ; 2 (2)               ; 0 (0)                     ; 0           ; 0            ; 0       ; 0         ; 0    ; 0            ; |processor|adder_8bits:adder_jtype|oneBitAdder:b3                                                                                              ; oneBitAdder         ; work         ;
;       |oneBitAdder:b4|                           ; 2 (2)               ; 0 (0)                     ; 0           ; 0            ; 0       ; 0         ; 0    ; 0            ; |processor|adder_8bits:adder_jtype|oneBitAdder:b4                                                                                              ; oneBitAdder         ; work         ;
;       |oneBitAdder:b5|                           ; 2 (2)               ; 0 (0)                     ; 0           ; 0            ; 0       ; 0         ; 0    ; 0            ; |processor|adder_8bits:adder_jtype|oneBitAdder:b5                                                                                              ; oneBitAdder         ; work         ;
;       |oneBitAdder:b6|                           ; 2 (2)               ; 0 (0)                     ; 0           ; 0            ; 0       ; 0         ; 0    ; 0            ; |processor|adder_8bits:adder_jtype|oneBitAdder:b6                                                                                              ; oneBitAdder         ; work         ;
;       |oneBitAdder:b7|                           ; 2 (2)               ; 0 (0)                     ; 0           ; 0            ; 0       ; 0         ; 0    ; 0            ; |processor|adder_8bits:adder_jtype|oneBitAdder:b7                                                                                              ; oneBitAdder         ; work         ;
;       |oneBitAdder:b8|                           ; 2 (2)               ; 0 (0)                     ; 0           ; 0            ; 0       ; 0         ; 0    ; 0            ; |processor|adder_8bits:adder_jtype|oneBitAdder:b8                                                                                              ; oneBitAdder         ; work         ;
;       |oneBitAdder:b9|                           ; 2 (2)               ; 0 (0)                     ; 0           ; 0            ; 0       ; 0         ; 0    ; 0            ; |processor|adder_8bits:adder_jtype|oneBitAdder:b9                                                                                              ; oneBitAdder         ; work         ;
;    |adder_8bits:adder_pc_offset|                 ; 52 (0)              ; 0 (0)                     ; 0           ; 0            ; 0       ; 0         ; 0    ; 0            ; |processor|adder_8bits:adder_pc_offset                                                                                                         ; adder_8bits         ; work         ;
;       |oneBitAdder:b10|                          ; 2 (2)               ; 0 (0)                     ; 0           ; 0            ; 0       ; 0         ; 0    ; 0            ; |processor|adder_8bits:adder_pc_offset|oneBitAdder:b10                                                                                         ; oneBitAdder         ; work         ;
;       |oneBitAdder:b11|                          ; 2 (2)               ; 0 (0)                     ; 0           ; 0            ; 0       ; 0         ; 0    ; 0            ; |processor|adder_8bits:adder_pc_offset|oneBitAdder:b11                                                                                         ; oneBitAdder         ; work         ;
;       |oneBitAdder:b12|                          ; 2 (2)               ; 0 (0)                     ; 0           ; 0            ; 0       ; 0         ; 0    ; 0            ; |processor|adder_8bits:adder_pc_offset|oneBitAdder:b12                                                                                         ; oneBitAdder         ; work         ;
;       |oneBitAdder:b13|                          ; 2 (2)               ; 0 (0)                     ; 0           ; 0            ; 0       ; 0         ; 0    ; 0            ; |processor|adder_8bits:adder_pc_offset|oneBitAdder:b13                                                                                         ; oneBitAdder         ; work         ;
;       |oneBitAdder:b14|                          ; 2 (2)               ; 0 (0)                     ; 0           ; 0            ; 0       ; 0         ; 0    ; 0            ; |processor|adder_8bits:adder_pc_offset|oneBitAdder:b14                                                                                         ; oneBitAdder         ; work         ;
;       |oneBitAdder:b15|                          ; 2 (2)               ; 0 (0)                     ; 0           ; 0            ; 0       ; 0         ; 0    ; 0            ; |processor|adder_8bits:adder_pc_offset|oneBitAdder:b15                                                                                         ; oneBitAdder         ; work         ;
;       |oneBitAdder:b16|                          ; 2 (2)               ; 0 (0)                     ; 0           ; 0            ; 0       ; 0         ; 0    ; 0            ; |processor|adder_8bits:adder_pc_offset|oneBitAdder:b16                                                                                         ; oneBitAdder         ; work         ;
;       |oneBitAdder:b17|                          ; 2 (2)               ; 0 (0)                     ; 0           ; 0            ; 0       ; 0         ; 0    ; 0            ; |processor|adder_8bits:adder_pc_offset|oneBitAdder:b17                                                                                         ; oneBitAdder         ; work         ;
;       |oneBitAdder:b18|                          ; 2 (2)               ; 0 (0)                     ; 0           ; 0            ; 0       ; 0         ; 0    ; 0            ; |processor|adder_8bits:adder_pc_offset|oneBitAdder:b18                                                                                         ; oneBitAdder         ; work         ;
;       |oneBitAdder:b19|                          ; 2 (2)               ; 0 (0)                     ; 0           ; 0            ; 0       ; 0         ; 0    ; 0            ; |processor|adder_8bits:adder_pc_offset|oneBitAdder:b19                                                                                         ; oneBitAdder         ; work         ;
;       |oneBitAdder:b20|                          ; 2 (2)               ; 0 (0)                     ; 0           ; 0            ; 0       ; 0         ; 0    ; 0            ; |processor|adder_8bits:adder_pc_offset|oneBitAdder:b20                                                                                         ; oneBitAdder         ; work         ;
;       |oneBitAdder:b21|                          ; 2 (2)               ; 0 (0)                     ; 0           ; 0            ; 0       ; 0         ; 0    ; 0            ; |processor|adder_8bits:adder_pc_offset|oneBitAdder:b21                                                                                         ; oneBitAdder         ; work         ;
;       |oneBitAdder:b22|                          ; 2 (2)               ; 0 (0)                     ; 0           ; 0            ; 0       ; 0         ; 0    ; 0            ; |processor|adder_8bits:adder_pc_offset|oneBitAdder:b22                                                                                         ; oneBitAdder         ; work         ;
;       |oneBitAdder:b23|                          ; 2 (2)               ; 0 (0)                     ; 0           ; 0            ; 0       ; 0         ; 0    ; 0            ; |processor|adder_8bits:adder_pc_offset|oneBitAdder:b23                                                                                         ; oneBitAdder         ; work         ;
;       |oneBitAdder:b24|                          ; 2 (2)               ; 0 (0)                     ; 0           ; 0            ; 0       ; 0         ; 0    ; 0            ; |processor|adder_8bits:adder_pc_offset|oneBitAdder:b24                                                                                         ; oneBitAdder         ; work         ;
;       |oneBitAdder:b25|                          ; 2 (2)               ; 0 (0)                     ; 0           ; 0            ; 0       ; 0         ; 0    ; 0            ; |processor|adder_8bits:adder_pc_offset|oneBitAdder:b25                                                                                         ; oneBitAdder         ; work         ;
;       |oneBitAdder:b26|                          ; 2 (2)               ; 0 (0)                     ; 0           ; 0            ; 0       ; 0         ; 0    ; 0            ; |processor|adder_8bits:adder_pc_offset|oneBitAdder:b26                                                                                         ; oneBitAdder         ; work         ;
;       |oneBitAdder:b27|                          ; 2 (2)               ; 0 (0)                     ; 0           ; 0            ; 0       ; 0         ; 0    ; 0            ; |processor|adder_8bits:adder_pc_offset|oneBitAdder:b27                                                                                         ; oneBitAdder         ; work         ;
;       |oneBitAdder:b28|                          ; 2 (2)               ; 0 (0)                     ; 0           ; 0            ; 0       ; 0         ; 0    ; 0            ; |processor|adder_8bits:adder_pc_offset|oneBitAdder:b28                                                                                         ; oneBitAdder         ; work         ;
;       |oneBitAdder:b29|                          ; 2 (2)               ; 0 (0)                     ; 0           ; 0            ; 0       ; 0         ; 0    ; 0            ; |processor|adder_8bits:adder_pc_offset|oneBitAdder:b29                                                                                         ; oneBitAdder         ; work         ;
;       |oneBitAdder:b30|                          ; 2 (2)               ; 0 (0)                     ; 0           ; 0            ; 0       ; 0         ; 0    ; 0            ; |processor|adder_8bits:adder_pc_offset|oneBitAdder:b30                                                                                         ; oneBitAdder         ; work         ;
;       |oneBitAdder:b3|                           ; 1 (1)               ; 0 (0)                     ; 0           ; 0            ; 0       ; 0         ; 0    ; 0            ; |processor|adder_8bits:adder_pc_offset|oneBitAdder:b3                                                                                          ; oneBitAdder         ; work         ;
;       |oneBitAdder:b4|                           ; 1 (1)               ; 0 (0)                     ; 0           ; 0            ; 0       ; 0         ; 0    ; 0            ; |processor|adder_8bits:adder_pc_offset|oneBitAdder:b4                                                                                          ; oneBitAdder         ; work         ;
;       |oneBitAdder:b5|                           ; 2 (2)               ; 0 (0)                     ; 0           ; 0            ; 0       ; 0         ; 0    ; 0            ; |processor|adder_8bits:adder_pc_offset|oneBitAdder:b5                                                                                          ; oneBitAdder         ; work         ;
;       |oneBitAdder:b6|                           ; 1 (1)               ; 0 (0)                     ; 0           ; 0            ; 0       ; 0         ; 0    ; 0            ; |processor|adder_8bits:adder_pc_offset|oneBitAdder:b6                                                                                          ; oneBitAdder         ; work         ;
;       |oneBitAdder:b7|                           ; 1 (1)               ; 0 (0)                     ; 0           ; 0            ; 0       ; 0         ; 0    ; 0            ; |processor|adder_8bits:adder_pc_offset|oneBitAdder:b7                                                                                          ; oneBitAdder         ; work         ;
;       |oneBitAdder:b8|                           ; 2 (2)               ; 0 (0)                     ; 0           ; 0            ; 0       ; 0         ; 0    ; 0            ; |processor|adder_8bits:adder_pc_offset|oneBitAdder:b8                                                                                          ; oneBitAdder         ; work         ;
;       |oneBitAdder:b9|                           ; 2 (2)               ; 0 (0)                     ; 0           ; 0            ; 0       ; 0         ; 0    ; 0            ; |processor|adder_8bits:adder_pc_offset|oneBitAdder:b9                                                                                          ; oneBitAdder         ; work         ;
;    |eightBitComparator:branch_comparator|        ; 46 (0)              ; 0 (0)                     ; 0           ; 0            ; 0       ; 0         ; 0    ; 0            ; |processor|eightBitComparator:branch_comparator                                                                                                ; eightBitComparator  ; work         ;
;       |oneBitComparator:comp11|                  ; 6 (6)               ; 0 (0)                     ; 0           ; 0            ; 0       ; 0         ; 0    ; 0            ; |processor|eightBitComparator:branch_comparator|oneBitComparator:comp11                                                                        ; oneBitComparator    ; work         ;
;       |oneBitComparator:comp14|                  ; 6 (6)               ; 0 (0)                     ; 0           ; 0            ; 0       ; 0         ; 0    ; 0            ; |processor|eightBitComparator:branch_comparator|oneBitComparator:comp14                                                                        ; oneBitComparator    ; work         ;
;       |oneBitComparator:comp17|                  ; 6 (6)               ; 0 (0)                     ; 0           ; 0            ; 0       ; 0         ; 0    ; 0            ; |processor|eightBitComparator:branch_comparator|oneBitComparator:comp17                                                                        ; oneBitComparator    ; work         ;
;       |oneBitComparator:comp20|                  ; 6 (6)               ; 0 (0)                     ; 0           ; 0            ; 0       ; 0         ; 0    ; 0            ; |processor|eightBitComparator:branch_comparator|oneBitComparator:comp20                                                                        ; oneBitComparator    ; work         ;
;       |oneBitComparator:comp23|                  ; 6 (6)               ; 0 (0)                     ; 0           ; 0            ; 0       ; 0         ; 0    ; 0            ; |processor|eightBitComparator:branch_comparator|oneBitComparator:comp23                                                                        ; oneBitComparator    ; work         ;
;       |oneBitComparator:comp26|                  ; 6 (6)               ; 0 (0)                     ; 0           ; 0            ; 0       ; 0         ; 0    ; 0            ; |processor|eightBitComparator:branch_comparator|oneBitComparator:comp26                                                                        ; oneBitComparator    ; work         ;
;       |oneBitComparator:comp29|                  ; 4 (4)               ; 0 (0)                     ; 0           ; 0            ; 0       ; 0         ; 0    ; 0            ; |processor|eightBitComparator:branch_comparator|oneBitComparator:comp29                                                                        ; oneBitComparator    ; work         ;
;       |oneBitComparator:comp8|                   ; 6 (6)               ; 0 (0)                     ; 0           ; 0            ; 0       ; 0         ; 0    ; 0            ; |processor|eightBitComparator:branch_comparator|oneBitComparator:comp8                                                                         ; oneBitComparator    ; work         ;
;    |mux_2x1_5bits:mux2x1_5|                      ; 5 (5)               ; 0 (0)                     ; 0           ; 0            ; 0       ; 0         ; 0    ; 0            ; |processor|mux_2x1_5bits:mux2x1_5                                                                                                              ; mux_2x1_5bits       ; work         ;
;    |mux_2x1_8bits:mux_Jump|                      ; 6 (6)               ; 0 (0)                     ; 0           ; 0            ; 0       ; 0         ; 0    ; 0            ; |processor|mux_2x1_8bits:mux_Jump                                                                                                              ; mux_2x1_8bits       ; work         ;
;    |mux_2x1_8bits:mux_addr|                      ; 10 (10)             ; 0 (0)                     ; 0           ; 0            ; 0       ; 0         ; 0    ; 0            ; |processor|mux_2x1_8bits:mux_addr                                                                                                              ; mux_2x1_8bits       ; work         ;
;    |mux_2x1_8bits:mux_alusrc|                    ; 8 (8)               ; 0 (0)                     ; 0           ; 0            ; 0       ; 0         ; 0    ; 0            ; |processor|mux_2x1_8bits:mux_alusrc                                                                                                            ; mux_2x1_8bits       ; work         ;
;    |mux_2x1_8bits:mux_memtoreg|                  ; 32 (32)             ; 0 (0)                     ; 0           ; 0            ; 0       ; 0         ; 0    ; 0            ; |processor|mux_2x1_8bits:mux_memtoreg                                                                                                          ; mux_2x1_8bits       ; work         ;
;    |mux_2x1_8bits:mux_rd1|                       ; 161 (161)           ; 0 (0)                     ; 0           ; 0            ; 0       ; 0         ; 0    ; 0            ; |processor|mux_2x1_8bits:mux_rd1                                                                                                               ; mux_2x1_8bits       ; work         ;
;    |mux_2x1_8bits:mux_rd2|                       ; 124 (124)           ; 0 (0)                     ; 0           ; 0            ; 0       ; 0         ; 0    ; 0            ; |processor|mux_2x1_8bits:mux_rd2                                                                                                               ; mux_2x1_8bits       ; work         ;
;    |mux_2x1_9bits:mux_control|                   ; 4 (4)               ; 0 (0)                     ; 0           ; 0            ; 0       ; 0         ; 0    ; 0            ; |processor|mux_2x1_9bits:mux_control                                                                                                           ; mux_2x1_9bits       ; work         ;
;    |mux_8x1_32bits:instSelect_mux|               ; 101 (101)           ; 0 (0)                     ; 0           ; 0            ; 0       ; 0         ; 0    ; 0            ; |processor|mux_8x1_32bits:instSelect_mux                                                                                                       ; mux_8x1_32bits      ; work         ;
;    |mux_8x1_32bits:valueSelect_mux|              ; 134 (134)           ; 0 (0)                     ; 0           ; 0            ; 0       ; 0         ; 0    ; 0            ; |processor|mux_8x1_32bits:valueSelect_mux                                                                                                      ; mux_8x1_32bits      ; work         ;
+--------------------------------------------------+---------------------+---------------------------+-------------+--------------+---------+-----------+------+--------------+------------------------------------------------------------------------------------------------------------------------------------------------+---------------------+--------------+
Note: For table entries with two numbers listed, the numbers in parentheses indicate the number of resources of the given type used by the specific entity alone. The numbers listed outside of parentheses indicate the total resources of the given type used by the specific entity and all of its sub-entities in the hierarchy.


+-------------------------------------------------------------------------------------------------------------------------------------------------------------------------------------------------------------+
; Analysis & Synthesis RAM Summary                                                                                                                                                                            ;
+------------------------------------------------------------------------------------------------------------+------+------+--------------+--------------+--------------+--------------+------+---------------+
; Name                                                                                                       ; Type ; Mode ; Port A Depth ; Port A Width ; Port B Depth ; Port B Width ; Size ; MIF           ;
+------------------------------------------------------------------------------------------------------------+------+------+--------------+--------------+--------------+--------------+------+---------------+
; IM_ROM:rom|lpm_rom:rom_instance|altrom:srom|altsyncram:rom_block|altsyncram_gk01:auto_generated|ALTSYNCRAM ; AUTO ; ROM  ; 256          ; 32           ; --           ; --           ; 8192 ; IR_memory.mif ;
+------------------------------------------------------------------------------------------------------------+------+------+--------------+--------------+--------------+--------------+------+---------------+


+----------------------------------------------------------------------------------------------------------------------------------------------------------------------------------------------------------------------------------------------+
; Registers Removed During Synthesis                                                                                                                                                                                                           ;
+------------------------------------------------------------------------------------------------------------------+---------------------------------------------------------------------------------------------------------------------------+
; Register name                                                                                                    ; Reason for Removal                                                                                                        ;
+------------------------------------------------------------------------------------------------------------------+---------------------------------------------------------------------------------------------------------------------------+
; ID_EX:ID_EX_register|Register_5bits:rs_reg|enARdFF_2:b4|int_q                                                    ; Merged with ID_EX:ID_EX_register|Register_32bits:instruction_val|Rf_Register_8bits:register_component|enARdFF_2:b25|int_q ;
; ID_EX:ID_EX_register|Register_5bits:rs_reg|enARdFF_2:b3|int_q                                                    ; Merged with ID_EX:ID_EX_register|Register_32bits:instruction_val|Rf_Register_8bits:register_component|enARdFF_2:b24|int_q ;
; ID_EX:ID_EX_register|Register_5bits:rs_reg|enARdFF_2:b2|int_q                                                    ; Merged with ID_EX:ID_EX_register|Register_32bits:instruction_val|Rf_Register_8bits:register_component|enARdFF_2:b23|int_q ;
; ID_EX:ID_EX_register|Register_5bits:rs_reg|enARdFF_2:b1|int_q                                                    ; Merged with ID_EX:ID_EX_register|Register_32bits:instruction_val|Rf_Register_8bits:register_component|enARdFF_2:b22|int_q ;
; ID_EX:ID_EX_register|Register_5bits:rs_reg|enARdFF_2:b0|int_q                                                    ; Merged with ID_EX:ID_EX_register|Register_32bits:instruction_val|Rf_Register_8bits:register_component|enARdFF_2:b21|int_q ;
; ID_EX:ID_EX_register|Register_5bits:rt_reg|enARdFF_2:b4|int_q                                                    ; Merged with ID_EX:ID_EX_register|Register_32bits:instruction_val|Rf_Register_8bits:register_component|enARdFF_2:b20|int_q ;
; ID_EX:ID_EX_register|Register_5bits:rt_reg|enARdFF_2:b3|int_q                                                    ; Merged with ID_EX:ID_EX_register|Register_32bits:instruction_val|Rf_Register_8bits:register_component|enARdFF_2:b19|int_q ;
; ID_EX:ID_EX_register|Register_5bits:rt_reg|enARdFF_2:b2|int_q                                                    ; Merged with ID_EX:ID_EX_register|Register_32bits:instruction_val|Rf_Register_8bits:register_component|enARdFF_2:b18|int_q ;
; ID_EX:ID_EX_register|Register_5bits:rt_reg|enARdFF_2:b1|int_q                                                    ; Merged with ID_EX:ID_EX_register|Register_32bits:instruction_val|Rf_Register_8bits:register_component|enARdFF_2:b17|int_q ;
; ID_EX:ID_EX_register|Register_5bits:rt_reg|enARdFF_2:b0|int_q                                                    ; Merged with ID_EX:ID_EX_register|Register_32bits:instruction_val|Rf_Register_8bits:register_component|enARdFF_2:b16|int_q ;
; ID_EX:ID_EX_register|Register_5bits:rd_reg|enARdFF_2:b4|int_q                                                    ; Merged with ID_EX:ID_EX_register|Register_32bits:instruction_val|Rf_Register_8bits:register_component|enARdFF_2:b15|int_q ;
; ID_EX:ID_EX_register|Register_32bits:address_signextend|Rf_Register_8bits:register_component|enARdFF_2:b15|int_q ; Merged with ID_EX:ID_EX_register|Register_32bits:instruction_val|Rf_Register_8bits:register_component|enARdFF_2:b15|int_q ;
; ID_EX:ID_EX_register|Register_32bits:address_signextend|Rf_Register_8bits:register_component|enARdFF_2:b16|int_q ; Merged with ID_EX:ID_EX_register|Register_32bits:instruction_val|Rf_Register_8bits:register_component|enARdFF_2:b15|int_q ;
; ID_EX:ID_EX_register|Register_32bits:address_signextend|Rf_Register_8bits:register_component|enARdFF_2:b17|int_q ; Merged with ID_EX:ID_EX_register|Register_32bits:instruction_val|Rf_Register_8bits:register_component|enARdFF_2:b15|int_q ;
; ID_EX:ID_EX_register|Register_32bits:address_signextend|Rf_Register_8bits:register_component|enARdFF_2:b18|int_q ; Merged with ID_EX:ID_EX_register|Register_32bits:instruction_val|Rf_Register_8bits:register_component|enARdFF_2:b15|int_q ;
; ID_EX:ID_EX_register|Register_32bits:address_signextend|Rf_Register_8bits:register_component|enARdFF_2:b19|int_q ; Merged with ID_EX:ID_EX_register|Register_32bits:instruction_val|Rf_Register_8bits:register_component|enARdFF_2:b15|int_q ;
; ID_EX:ID_EX_register|Register_32bits:address_signextend|Rf_Register_8bits:register_component|enARdFF_2:b20|int_q ; Merged with ID_EX:ID_EX_register|Register_32bits:instruction_val|Rf_Register_8bits:register_component|enARdFF_2:b15|int_q ;
; ID_EX:ID_EX_register|Register_32bits:address_signextend|Rf_Register_8bits:register_component|enARdFF_2:b21|int_q ; Merged with ID_EX:ID_EX_register|Register_32bits:instruction_val|Rf_Register_8bits:register_component|enARdFF_2:b15|int_q ;
; ID_EX:ID_EX_register|Register_32bits:address_signextend|Rf_Register_8bits:register_component|enARdFF_2:b22|int_q ; Merged with ID_EX:ID_EX_register|Register_32bits:instruction_val|Rf_Register_8bits:register_component|enARdFF_2:b15|int_q ;
; ID_EX:ID_EX_register|Register_32bits:address_signextend|Rf_Register_8bits:register_component|enARdFF_2:b23|int_q ; Merged with ID_EX:ID_EX_register|Register_32bits:instruction_val|Rf_Register_8bits:register_component|enARdFF_2:b15|int_q ;
; ID_EX:ID_EX_register|Register_32bits:address_signextend|Rf_Register_8bits:register_component|enARdFF_2:b24|int_q ; Merged with ID_EX:ID_EX_register|Register_32bits:instruction_val|Rf_Register_8bits:register_component|enARdFF_2:b15|int_q ;
; ID_EX:ID_EX_register|Register_32bits:address_signextend|Rf_Register_8bits:register_component|enARdFF_2:b25|int_q ; Merged with ID_EX:ID_EX_register|Register_32bits:instruction_val|Rf_Register_8bits:register_component|enARdFF_2:b15|int_q ;
; ID_EX:ID_EX_register|Register_32bits:address_signextend|Rf_Register_8bits:register_component|enARdFF_2:b26|int_q ; Merged with ID_EX:ID_EX_register|Register_32bits:instruction_val|Rf_Register_8bits:register_component|enARdFF_2:b15|int_q ;
; ID_EX:ID_EX_register|Register_32bits:address_signextend|Rf_Register_8bits:register_component|enARdFF_2:b27|int_q ; Merged with ID_EX:ID_EX_register|Register_32bits:instruction_val|Rf_Register_8bits:register_component|enARdFF_2:b15|int_q ;
; ID_EX:ID_EX_register|Register_32bits:address_signextend|Rf_Register_8bits:register_component|enARdFF_2:b28|int_q ; Merged with ID_EX:ID_EX_register|Register_32bits:instruction_val|Rf_Register_8bits:register_component|enARdFF_2:b15|int_q ;
; ID_EX:ID_EX_register|Register_32bits:address_signextend|Rf_Register_8bits:register_component|enARdFF_2:b29|int_q ; Merged with ID_EX:ID_EX_register|Register_32bits:instruction_val|Rf_Register_8bits:register_component|enARdFF_2:b15|int_q ;
; ID_EX:ID_EX_register|Register_32bits:address_signextend|Rf_Register_8bits:register_component|enARdFF_2:b30|int_q ; Merged with ID_EX:ID_EX_register|Register_32bits:instruction_val|Rf_Register_8bits:register_component|enARdFF_2:b15|int_q ;
; ID_EX:ID_EX_register|Register_32bits:address_signextend|Rf_Register_8bits:register_component|enARdFF_2:b31|int_q ; Merged with ID_EX:ID_EX_register|Register_32bits:instruction_val|Rf_Register_8bits:register_component|enARdFF_2:b15|int_q ;
; ID_EX:ID_EX_register|Register_5bits:rd_reg|enARdFF_2:b3|int_q                                                    ; Merged with ID_EX:ID_EX_register|Register_32bits:instruction_val|Rf_Register_8bits:register_component|enARdFF_2:b14|int_q ;
; ID_EX:ID_EX_register|Register_32bits:address_signextend|Rf_Register_8bits:register_component|enARdFF_2:b14|int_q ; Merged with ID_EX:ID_EX_register|Register_32bits:instruction_val|Rf_Register_8bits:register_component|enARdFF_2:b14|int_q ;
; ID_EX:ID_EX_register|Register_5bits:rd_reg|enARdFF_2:b2|int_q                                                    ; Merged with ID_EX:ID_EX_register|Register_32bits:instruction_val|Rf_Register_8bits:register_component|enARdFF_2:b13|int_q ;
; ID_EX:ID_EX_register|Register_32bits:address_signextend|Rf_Register_8bits:register_component|enARdFF_2:b13|int_q ; Merged with ID_EX:ID_EX_register|Register_32bits:instruction_val|Rf_Register_8bits:register_component|enARdFF_2:b13|int_q ;
; ID_EX:ID_EX_register|Register_5bits:rd_reg|enARdFF_2:b1|int_q                                                    ; Merged with ID_EX:ID_EX_register|Register_32bits:instruction_val|Rf_Register_8bits:register_component|enARdFF_2:b12|int_q ;
; ID_EX:ID_EX_register|Register_32bits:address_signextend|Rf_Register_8bits:register_component|enARdFF_2:b12|int_q ; Merged with ID_EX:ID_EX_register|Register_32bits:instruction_val|Rf_Register_8bits:register_component|enARdFF_2:b12|int_q ;
; ID_EX:ID_EX_register|Register_5bits:rd_reg|enARdFF_2:b0|int_q                                                    ; Merged with ID_EX:ID_EX_register|Register_32bits:instruction_val|Rf_Register_8bits:register_component|enARdFF_2:b11|int_q ;
; ID_EX:ID_EX_register|Register_32bits:address_signextend|Rf_Register_8bits:register_component|enARdFF_2:b11|int_q ; Merged with ID_EX:ID_EX_register|Register_32bits:instruction_val|Rf_Register_8bits:register_component|enARdFF_2:b11|int_q ;
; ID_EX:ID_EX_register|Register_32bits:address_signextend|Rf_Register_8bits:register_component|enARdFF_2:b10|int_q ; Merged with ID_EX:ID_EX_register|Register_32bits:instruction_val|Rf_Register_8bits:register_component|enARdFF_2:b10|int_q ;
; ID_EX:ID_EX_register|Register_32bits:address_signextend|Rf_Register_8bits:register_component|enARdFF_2:b9|int_q  ; Merged with ID_EX:ID_EX_register|Register_32bits:instruction_val|Rf_Register_8bits:register_component|enARdFF_2:b9|int_q  ;
; ID_EX:ID_EX_register|Register_32bits:address_signextend|Rf_Register_8bits:register_component|enARdFF_2:b8|int_q  ; Merged with ID_EX:ID_EX_register|Register_32bits:instruction_val|Rf_Register_8bits:register_component|enARdFF_2:b8|int_q  ;
; ID_EX:ID_EX_register|Register_32bits:address_signextend|Rf_Register_8bits:register_component|enARdFF_2:b7|int_q  ; Merged with ID_EX:ID_EX_register|Register_32bits:instruction_val|Rf_Register_8bits:register_component|enARdFF_2:b7|int_q  ;
; ID_EX:ID_EX_register|Register_32bits:address_signextend|Rf_Register_8bits:register_component|enARdFF_2:b6|int_q  ; Merged with ID_EX:ID_EX_register|Register_32bits:instruction_val|Rf_Register_8bits:register_component|enARdFF_2:b6|int_q  ;
; ID_EX:ID_EX_register|Register_32bits:address_signextend|Rf_Register_8bits:register_component|enARdFF_2:b5|int_q  ; Merged with ID_EX:ID_EX_register|Register_32bits:instruction_val|Rf_Register_8bits:register_component|enARdFF_2:b5|int_q  ;
; ID_EX:ID_EX_register|Register_32bits:address_signextend|Rf_Register_8bits:register_component|enARdFF_2:b4|int_q  ; Merged with ID_EX:ID_EX_register|Register_32bits:instruction_val|Rf_Register_8bits:register_component|enARdFF_2:b4|int_q  ;
; ID_EX:ID_EX_register|Register_6bits:func_field|enARdFF_2:b3|int_q                                                ; Merged with ID_EX:ID_EX_register|Register_32bits:instruction_val|Rf_Register_8bits:register_component|enARdFF_2:b3|int_q  ;
; ID_EX:ID_EX_register|Register_32bits:address_signextend|Rf_Register_8bits:register_component|enARdFF_2:b3|int_q  ; Merged with ID_EX:ID_EX_register|Register_32bits:instruction_val|Rf_Register_8bits:register_component|enARdFF_2:b3|int_q  ;
; ID_EX:ID_EX_register|Register_6bits:func_field|enARdFF_2:b2|int_q                                                ; Merged with ID_EX:ID_EX_register|Register_32bits:instruction_val|Rf_Register_8bits:register_component|enARdFF_2:b2|int_q  ;
; ID_EX:ID_EX_register|Register_32bits:address_signextend|Rf_Register_8bits:register_component|enARdFF_2:b2|int_q  ; Merged with ID_EX:ID_EX_register|Register_32bits:instruction_val|Rf_Register_8bits:register_component|enARdFF_2:b2|int_q  ;
; ID_EX:ID_EX_register|Register_6bits:func_field|enARdFF_2:b1|int_q                                                ; Merged with ID_EX:ID_EX_register|Register_32bits:instruction_val|Rf_Register_8bits:register_component|enARdFF_2:b1|int_q  ;
; ID_EX:ID_EX_register|Register_32bits:address_signextend|Rf_Register_8bits:register_component|enARdFF_2:b1|int_q  ; Merged with ID_EX:ID_EX_register|Register_32bits:instruction_val|Rf_Register_8bits:register_component|enARdFF_2:b1|int_q  ;
; ID_EX:ID_EX_register|Register_6bits:func_field|enARdFF_2:b0|int_q                                                ; Merged with ID_EX:ID_EX_register|Register_32bits:instruction_val|Rf_Register_8bits:register_component|enARdFF_2:b0|int_q  ;
; ID_EX:ID_EX_register|Register_32bits:address_signextend|Rf_Register_8bits:register_component|enARdFF_2:b0|int_q  ; Merged with ID_EX:ID_EX_register|Register_32bits:instruction_val|Rf_Register_8bits:register_component|enARdFF_2:b0|int_q  ;
; PC:pc_temp|enARdFF_2:b1|int_q                                                                                    ; Merged with PC:pc_temp|enARdFF_2:b0|int_q                                                                                 ;
; ID_EX:ID_EX_register|Register_9bits:control_signals_reg|enARdFF_2:b8|int_q                                       ; Merged with ID_EX:ID_EX_register|Register_9bits:control_signals_reg|enARdFF_2:b7|int_q                                    ;
; ID_EX:ID_EX_register|Register_9bits:control_signals_reg|enARdFF_2:b3|int_q                                       ; Merged with ID_EX:ID_EX_register|Register_9bits:control_signals_reg|enARdFF_2:b0|int_q                                    ;
; PC:pc_ref|enARdFF_2:b1|int_q                                                                                     ; Merged with PC:pc_ref|enARdFF_2:b0|int_q                                                                                  ;
; EX_MEM:exmem|Register_5bits:writeregister_val|enARdFF_2:b0|int_q                                                 ; Merged with EX_MEM:exmem|Register_5bits:rd|enARdFF_2:b0|int_q                                                             ;
; MEM_WB:MEMWB|Register_5bits:writeregister_val|enARdFF_2:b3|int_q                                                 ; Merged with MEM_WB:MEMWB|Register_5bits:rd|enARdFF_2:b3|int_q                                                             ;
; EX_MEM:exmem|Register_5bits:control_signals|enARdFF_2:b3|int_q                                                   ; Merged with EX_MEM:exmem|Register_5bits:control_signals|enARdFF_2:b0|int_q                                                ;
; IF_ID:if_id_register|Register_32bits:pc_offset_val|Rf_Register_8bits:register_component|enARdFF_2:b1|int_q       ; Merged with IF_ID:if_id_register|Register_32bits:pc_offset_val|Rf_Register_8bits:register_component|enARdFF_2:b0|int_q    ;
; EX_MEM:exmem|Register_5bits:writeregister_val|enARdFF_2:b1|int_q                                                 ; Merged with EX_MEM:exmem|Register_5bits:rd|enARdFF_2:b1|int_q                                                             ;
; EX_MEM:exmem|Register_5bits:writeregister_val|enARdFF_2:b2|int_q                                                 ; Merged with EX_MEM:exmem|Register_5bits:rd|enARdFF_2:b2|int_q                                                             ;
; EX_MEM:exmem|Register_5bits:writeregister_val|enARdFF_2:b3|int_q                                                 ; Merged with EX_MEM:exmem|Register_5bits:rd|enARdFF_2:b3|int_q                                                             ;
; EX_MEM:exmem|Register_5bits:writeregister_val|enARdFF_2:b4|int_q                                                 ; Merged with EX_MEM:exmem|Register_5bits:rd|enARdFF_2:b4|int_q                                                             ;
; MEM_WB:MEMWB|Register_5bits:writeregister_val|enARdFF_2:b1|int_q                                                 ; Merged with MEM_WB:MEMWB|Register_5bits:rd|enARdFF_2:b1|int_q                                                             ;
; MEM_WB:MEMWB|Register_5bits:writeregister_val|enARdFF_2:b2|int_q                                                 ; Merged with MEM_WB:MEMWB|Register_5bits:rd|enARdFF_2:b2|int_q                                                             ;
; MEM_WB:MEMWB|Register_5bits:writeregister_val|enARdFF_2:b4|int_q                                                 ; Merged with MEM_WB:MEMWB|Register_5bits:rd|enARdFF_2:b4|int_q                                                             ;
; MEM_WB:MEMWB|Register_5bits:writeregister_val|enARdFF_2:b0|int_q                                                 ; Merged with MEM_WB:MEMWB|Register_5bits:rd|enARdFF_2:b0|int_q                                                             ;
; LoadUseHazard_Fix:LoadUseHazard_FixUnit|twobitcounter:twobitcnt|enARdFF_2:msb|int_q                              ; Stuck at GND due to stuck port data_in                                                                                    ;
; Total Number of Removed Registers = 68                                                                           ;                                                                                                                           ;
+------------------------------------------------------------------------------------------------------------------+---------------------------------------------------------------------------------------------------------------------------+


+------------------------------------------------------+
; General Register Statistics                          ;
+----------------------------------------------+-------+
; Statistic                                    ; Value ;
+----------------------------------------------+-------+
; Total registers                              ; 829   ;
; Number of registers using Synchronous Clear  ; 1     ;
; Number of registers using Synchronous Load   ; 26    ;
; Number of registers using Asynchronous Clear ; 829   ;
; Number of registers using Asynchronous Load  ; 0     ;
; Number of registers using Clock Enable       ; 445   ;
; Number of registers using Preset             ; 0     ;
+----------------------------------------------+-------+


+---------------------------------------------------------------------------------------------------------------------------------------------------------------+
; Multiplexer Restructuring Statistics (Restructuring Performed)                                                                                                ;
+--------------------+-----------+---------------+----------------------+------------------------+------------+-------------------------------------------------+
; Multiplexer Inputs ; Bus Width ; Baseline Area ; Area if Restructured ; Saving if Restructured ; Registered ; Example Multiplexer Output                      ;
+--------------------+-----------+---------------+----------------------+------------------------+------------+-------------------------------------------------+
; 3:1                ; 4 bits    ; 8 LEs         ; 4 LEs                ; 4 LEs                  ; Yes        ; |processor|PC:pc_ref|enARdFF_2:b28|int_q        ;
; 3:1                ; 26 bits   ; 52 LEs        ; 52 LEs               ; 0 LEs                  ; Yes        ; |processor|PC:pc_ref|enARdFF_2:b4|int_q         ;
; 32:1               ; 32 bits   ; 672 LEs       ; 128 LEs              ; 544 LEs                ; No         ; |processor|RegisterFile:RegisterFile_comp|Mux7  ;
; 32:1               ; 32 bits   ; 672 LEs       ; 128 LEs              ; 544 LEs                ; No         ; |processor|RegisterFile:RegisterFile_comp|Mux58 ;
; 257:1              ; 24 bits   ; 4104 LEs      ; 96 LEs               ; 4008 LEs               ; No         ; |processor|RAM_async:ram|read_data[16]          ;
; 257:1              ; 8 bits    ; 1368 LEs      ; 40 LEs               ; 1328 LEs               ; No         ; |processor|RAM_async:ram|read_data[0]           ;
+--------------------+-----------+---------------+----------------------+------------------------+------------+-------------------------------------------------+


+------------------------------------------------------------------------------------------------------------------------+
; Source assignments for IM_ROM:rom|LPM_ROM:rom_instance|altrom:srom|altsyncram:rom_block|altsyncram_gk01:auto_generated ;
+---------------------------------+--------------------+------+----------------------------------------------------------+
; Assignment                      ; Value              ; From ; To                                                       ;
+---------------------------------+--------------------+------+----------------------------------------------------------+
; OPTIMIZE_POWER_DURING_SYNTHESIS ; NORMAL_COMPILATION ; -    ; -                                                        ;
+---------------------------------+--------------------+------+----------------------------------------------------------+


+------------------------------------------------------------------------------+
; Parameter Settings for User Entity Instance: IM_ROM:rom|LPM_ROM:rom_instance ;
+------------------------+---------------+-------------------------------------+
; Parameter Name         ; Value         ; Type                                ;
+------------------------+---------------+-------------------------------------+
; LPM_WIDTH              ; 32            ; Signed Integer                      ;
; LPM_WIDTHAD            ; 8             ; Signed Integer                      ;
; LPM_NUMWORDS           ; 0             ; Signed Integer                      ;
; LPM_ADDRESS_CONTROL    ; REGISTERED    ; Untyped                             ;
; LPM_OUTDATA            ; UNREGISTERED  ; Untyped                             ;
; LPM_FILE               ; IR_memory.mif ; Untyped                             ;
; DEVICE_FAMILY          ; Cyclone IV E  ; Untyped                             ;
; AUTO_CARRY_CHAINS      ; ON            ; AUTO_CARRY                          ;
; IGNORE_CARRY_BUFFERS   ; OFF           ; IGNORE_CARRY                        ;
; AUTO_CASCADE_CHAINS    ; ON            ; AUTO_CASCADE                        ;
; IGNORE_CASCADE_BUFFERS ; OFF           ; IGNORE_CASCADE                      ;
+------------------------+---------------+-------------------------------------+
Note: In order to hide this table in the UI and the text report file, please set the "Show Parameter Settings in Synthesis Report" option in "Analysis and Synthesis Settings -> More Settings" to "Off".


+-----------------------------------------------------------+
; Port Connectivity Checks: "mux_8x1_32bits:instSelect_mux" ;
+------+-------+----------+---------------------------------+
; Port ; Type  ; Severity ; Details                         ;
+------+-------+----------+---------------------------------+
; f    ; Input ; Info     ; Stuck at GND                    ;
; g    ; Input ; Info     ; Stuck at GND                    ;
; h    ; Input ; Info     ; Stuck at GND                    ;
+------+-------+----------+---------------------------------+


+------------------------------------------------------------+
; Port Connectivity Checks: "mux_8x1_32bits:valueSelect_mux" ;
+----------+-------+----------+------------------------------+
; Port     ; Type  ; Severity ; Details                      ;
+----------+-------+----------+------------------------------+
; f[31..7] ; Input ; Info     ; Stuck at GND                 ;
; g[31..7] ; Input ; Info     ; Stuck at GND                 ;
; h[31..7] ; Input ; Info     ; Stuck at GND                 ;
+----------+-------+----------+------------------------------+


+--------------------------------------------------------------------------------------------------------------------+
; Port Connectivity Checks: "LoadUseHazard_Fix:LoadUseHazard_FixUnit|enARdFF_2:same_rt_ifid_idex"                    ;
+----------+--------+----------+-------------------------------------------------------------------------------------+
; Port     ; Type   ; Severity ; Details                                                                             ;
+----------+--------+----------+-------------------------------------------------------------------------------------+
; i_enable ; Input  ; Info     ; Stuck at VCC                                                                        ;
; o_qbar   ; Output ; Info     ; Connected to dangling logic. Logic that only feeds a dangling port will be removed. ;
+----------+--------+----------+-------------------------------------------------------------------------------------+


+--------------------------------------------------------------------------------------------------------------------+
; Port Connectivity Checks: "LoadUseHazard_Fix:LoadUseHazard_FixUnit|enARdFF_2:same_rs_ifid_idex"                    ;
+----------+--------+----------+-------------------------------------------------------------------------------------+
; Port     ; Type   ; Severity ; Details                                                                             ;
+----------+--------+----------+-------------------------------------------------------------------------------------+
; i_enable ; Input  ; Info     ; Stuck at VCC                                                                        ;
; o_qbar   ; Output ; Info     ; Connected to dangling logic. Logic that only feeds a dangling port will be removed. ;
+----------+--------+----------+-------------------------------------------------------------------------------------+


+----------------------------------------------------------------------------------------------------------------+
; Port Connectivity Checks: "LoadUseHazard_Fix:LoadUseHazard_FixUnit|fiveBitComparator:rt_compare"               ;
+------+--------+----------+-------------------------------------------------------------------------------------+
; Port ; Type   ; Severity ; Details                                                                             ;
+------+--------+----------+-------------------------------------------------------------------------------------+
; o_gt ; Output ; Info     ; Connected to dangling logic. Logic that only feeds a dangling port will be removed. ;
; o_lt ; Output ; Info     ; Connected to dangling logic. Logic that only feeds a dangling port will be removed. ;
+------+--------+----------+-------------------------------------------------------------------------------------+


+----------------------------------------------------------------------------------------------------------------+
; Port Connectivity Checks: "LoadUseHazard_Fix:LoadUseHazard_FixUnit|fiveBitComparator:rs_compare"               ;
+------+--------+----------+-------------------------------------------------------------------------------------+
; Port ; Type   ; Severity ; Details                                                                             ;
+------+--------+----------+-------------------------------------------------------------------------------------+
; o_gt ; Output ; Info     ; Connected to dangling logic. Logic that only feeds a dangling port will be removed. ;
; o_lt ; Output ; Info     ; Connected to dangling logic. Logic that only feeds a dangling port will be removed. ;
+------+--------+----------+-------------------------------------------------------------------------------------+


+------------------------------------------------------------------------------------------------------------------------------------------------+
; Port Connectivity Checks: "LoadUseHazard_Fix:LoadUseHazard_FixUnit|twobitcounter:twobitcnt|twobitcomparator:comparator|oneBitComparator:comp1" ;
+--------------+-------+----------+--------------------------------------------------------------------------------------------------------------+
; Port         ; Type  ; Severity ; Details                                                                                                      ;
+--------------+-------+----------+--------------------------------------------------------------------------------------------------------------+
; i_gtprevious ; Input ; Info     ; Stuck at GND                                                                                                 ;
; i_ltprevious ; Input ; Info     ; Stuck at GND                                                                                                 ;
+--------------+-------+----------+--------------------------------------------------------------------------------------------------------------+


+-------------------------------------------------------------------------------------------------------------------------+
; Port Connectivity Checks: "LoadUseHazard_Fix:LoadUseHazard_FixUnit|twobitcounter:twobitcnt|twobitcomparator:comparator" ;
+---------+--------+----------+-------------------------------------------------------------------------------------------+
; Port    ; Type   ; Severity ; Details                                                                                   ;
+---------+--------+----------+-------------------------------------------------------------------------------------------+
; i_bi[1] ; Input  ; Info     ; Stuck at GND                                                                              ;
; i_bi[0] ; Input  ; Info     ; Stuck at VCC                                                                              ;
; o_gt    ; Output ; Info     ; Connected to dangling logic. Logic that only feeds a dangling port will be removed.       ;
; o_eq    ; Output ; Info     ; Connected to dangling logic. Logic that only feeds a dangling port will be removed.       ;
+---------+--------+----------+-------------------------------------------------------------------------------------------+


+------------------------------------------------------------------------------------------------------------------+
; Port Connectivity Checks: "LoadUseHazard_Fix:LoadUseHazard_FixUnit|twobitcounter:twobitcnt|enARdFF_2:lsb"        ;
+--------+--------+----------+-------------------------------------------------------------------------------------+
; Port   ; Type   ; Severity ; Details                                                                             ;
+--------+--------+----------+-------------------------------------------------------------------------------------+
; o_qbar ; Output ; Info     ; Connected to dangling logic. Logic that only feeds a dangling port will be removed. ;
+--------+--------+----------+-------------------------------------------------------------------------------------+


+------------------------------------------------------------------------------------------------------------------+
; Port Connectivity Checks: "LoadUseHazard_Fix:LoadUseHazard_FixUnit|twobitcounter:twobitcnt|enARdFF_2:msb"        ;
+--------+--------+----------+-------------------------------------------------------------------------------------+
; Port   ; Type   ; Severity ; Details                                                                             ;
+--------+--------+----------+-------------------------------------------------------------------------------------+
; o_qbar ; Output ; Info     ; Connected to dangling logic. Logic that only feeds a dangling port will be removed. ;
+--------+--------+----------+-------------------------------------------------------------------------------------+


+-------------------------------------------------------------------------------------------------------------------+
; Port Connectivity Checks: "LoadUseHazard_Fix:LoadUseHazard_FixUnit|twobitcounter:twobitcnt"                       ;
+---------+--------+----------+-------------------------------------------------------------------------------------+
; Port    ; Type   ; Severity ; Details                                                                             ;
+---------+--------+----------+-------------------------------------------------------------------------------------+
; o_value ; Output ; Info     ; Connected to dangling logic. Logic that only feeds a dangling port will be removed. ;
+---------+--------+----------+-------------------------------------------------------------------------------------+


+--------------------------------------------------------------------------------------------------------------+
; Port Connectivity Checks: "LoadUseHazard_Fix:LoadUseHazard_FixUnit|Register_32bits:Register_instructiontemp" ;
+--------+-------+----------+----------------------------------------------------------------------------------+
; Port   ; Type  ; Severity ; Details                                                                          ;
+--------+-------+----------+----------------------------------------------------------------------------------+
; i_load ; Input ; Info     ; Stuck at VCC                                                                     ;
+--------+-------+----------+----------------------------------------------------------------------------------+


+----------------------------------------------------------------------------------------------------------------+
; Port Connectivity Checks: "LoadUseHazard_Fix:LoadUseHazard_FixUnit|eightBitComparator:instruction_not0"        ;
+------+--------+----------+-------------------------------------------------------------------------------------+
; Port ; Type   ; Severity ; Details                                                                             ;
+------+--------+----------+-------------------------------------------------------------------------------------+
; i_bi ; Input  ; Info     ; Stuck at GND                                                                        ;
; o_gt ; Output ; Info     ; Connected to dangling logic. Logic that only feeds a dangling port will be removed. ;
; o_lt ; Output ; Info     ; Connected to dangling logic. Logic that only feeds a dangling port will be removed. ;
+------+--------+----------+-------------------------------------------------------------------------------------+


+----------------------------------------------------------------------------------------------------------------+
; Port Connectivity Checks: "LoadUseHazard_Fix:LoadUseHazard_FixUnit|eightBitComparator:same_instruction"        ;
+------+--------+----------+-------------------------------------------------------------------------------------+
; Port ; Type   ; Severity ; Details                                                                             ;
+------+--------+----------+-------------------------------------------------------------------------------------+
; o_gt ; Output ; Info     ; Connected to dangling logic. Logic that only feeds a dangling port will be removed. ;
; o_lt ; Output ; Info     ; Connected to dangling logic. Logic that only feeds a dangling port will be removed. ;
+------+--------+----------+-------------------------------------------------------------------------------------+


+-------------------------------------------------------------------------------------------------------+
; Port Connectivity Checks: "LoadUseHazard_Fix:LoadUseHazard_FixUnit|Register_32bits:Register_operand2" ;
+--------+-------+----------+---------------------------------------------------------------------------+
; Port   ; Type  ; Severity ; Details                                                                   ;
+--------+-------+----------+---------------------------------------------------------------------------+
; i_load ; Input ; Info     ; Stuck at VCC                                                              ;
+--------+-------+----------+---------------------------------------------------------------------------+


+-------------------------------------------------------------------------------------------------------+
; Port Connectivity Checks: "LoadUseHazard_Fix:LoadUseHazard_FixUnit|Register_32bits:Register_operand1" ;
+--------+-------+----------+---------------------------------------------------------------------------+
; Port   ; Type  ; Severity ; Details                                                                   ;
+--------+-------+----------+---------------------------------------------------------------------------+
; i_load ; Input ; Info     ; Stuck at VCC                                                              ;
+--------+-------+----------+---------------------------------------------------------------------------+


+--------------------------------------------------------------------------+
; Port Connectivity Checks: "MEM_WB:MEMWB|Register_32bits:instruction_val" ;
+--------+-------+----------+----------------------------------------------+
; Port   ; Type  ; Severity ; Details                                      ;
+--------+-------+----------+----------------------------------------------+
; i_load ; Input ; Info     ; Stuck at VCC                                 ;
+--------+-------+----------+----------------------------------------------+


+------------------------------------------------------------+
; Port Connectivity Checks: "MEM_WB:MEMWB|Register_5bits:rd" ;
+--------+-------+----------+--------------------------------+
; Port   ; Type  ; Severity ; Details                        ;
+--------+-------+----------+--------------------------------+
; i_load ; Input ; Info     ; Stuck at VCC                   ;
+--------+-------+----------+--------------------------------+


+---------------------------------------------------------------------------+
; Port Connectivity Checks: "MEM_WB:MEMWB|Register_5bits:writeregister_val" ;
+--------+-------+----------+-----------------------------------------------+
; Port   ; Type  ; Severity ; Details                                       ;
+--------+-------+----------+-----------------------------------------------+
; i_load ; Input ; Info     ; Stuck at VCC                                  ;
+--------+-------+----------+-----------------------------------------------+


+---------------------------------------------------------------------+
; Port Connectivity Checks: "MEM_WB:MEMWB|Register_32bits:write_data" ;
+--------+-------+----------+-----------------------------------------+
; Port   ; Type  ; Severity ; Details                                 ;
+--------+-------+----------+-----------------------------------------+
; i_load ; Input ; Info     ; Stuck at VCC                            ;
+--------+-------+----------+-----------------------------------------+


+-------------------------------------------------------------------+
; Port Connectivity Checks: "MEM_WB:MEMWB|Register_32bits:read_ram" ;
+--------+-------+----------+---------------------------------------+
; Port   ; Type  ; Severity ; Details                               ;
+--------+-------+----------+---------------------------------------+
; i_load ; Input ; Info     ; Stuck at VCC                          ;
+--------+-------+----------+---------------------------------------+


+------------------------------------------------------------------------------------------------------------------+
; Port Connectivity Checks: "MEM_WB:MEMWB|Register_2bits:control_signal|enARdFF_2:b1"                              ;
+--------+--------+----------+-------------------------------------------------------------------------------------+
; Port   ; Type   ; Severity ; Details                                                                             ;
+--------+--------+----------+-------------------------------------------------------------------------------------+
; o_qbar ; Output ; Info     ; Connected to dangling logic. Logic that only feeds a dangling port will be removed. ;
+--------+--------+----------+-------------------------------------------------------------------------------------+


+------------------------------------------------------------------------------------------------------------------+
; Port Connectivity Checks: "MEM_WB:MEMWB|Register_2bits:control_signal|enARdFF_2:b0"                              ;
+--------+--------+----------+-------------------------------------------------------------------------------------+
; Port   ; Type   ; Severity ; Details                                                                             ;
+--------+--------+----------+-------------------------------------------------------------------------------------+
; o_qbar ; Output ; Info     ; Connected to dangling logic. Logic that only feeds a dangling port will be removed. ;
+--------+--------+----------+-------------------------------------------------------------------------------------+


+------------------------------------------------------------------------+
; Port Connectivity Checks: "MEM_WB:MEMWB|Register_2bits:control_signal" ;
+--------+-------+----------+--------------------------------------------+
; Port   ; Type  ; Severity ; Details                                    ;
+--------+-------+----------+--------------------------------------------+
; i_load ; Input ; Info     ; Stuck at VCC                               ;
+--------+-------+----------+--------------------------------------------+


+----------------------------------------------------------------------------------------------------------------+
; Port Connectivity Checks: "ForwardingUnit:ForwardingUnit_comp|fiveBitComparator:eq_memwb_rd_ifid_rt"           ;
+------+--------+----------+-------------------------------------------------------------------------------------+
; Port ; Type   ; Severity ; Details                                                                             ;
+------+--------+----------+-------------------------------------------------------------------------------------+
; o_gt ; Output ; Info     ; Connected to dangling logic. Logic that only feeds a dangling port will be removed. ;
; o_lt ; Output ; Info     ; Connected to dangling logic. Logic that only feeds a dangling port will be removed. ;
+------+--------+----------+-------------------------------------------------------------------------------------+


+----------------------------------------------------------------------------------------------------------------+
; Port Connectivity Checks: "ForwardingUnit:ForwardingUnit_comp|fiveBitComparator:eq_memwb_rd_ifid_rs"           ;
+------+--------+----------+-------------------------------------------------------------------------------------+
; Port ; Type   ; Severity ; Details                                                                             ;
+------+--------+----------+-------------------------------------------------------------------------------------+
; o_gt ; Output ; Info     ; Connected to dangling logic. Logic that only feeds a dangling port will be removed. ;
; o_lt ; Output ; Info     ; Connected to dangling logic. Logic that only feeds a dangling port will be removed. ;
+------+--------+----------+-------------------------------------------------------------------------------------+


+----------------------------------------------------------------------------------------------------------------+
; Port Connectivity Checks: "ForwardingUnit:ForwardingUnit_comp|fiveBitComparator:eq_memwb_rd_0"                 ;
+------+--------+----------+-------------------------------------------------------------------------------------+
; Port ; Type   ; Severity ; Details                                                                             ;
+------+--------+----------+-------------------------------------------------------------------------------------+
; i_ai ; Input  ; Info     ; Stuck at GND                                                                        ;
; o_gt ; Output ; Info     ; Connected to dangling logic. Logic that only feeds a dangling port will be removed. ;
; o_lt ; Output ; Info     ; Connected to dangling logic. Logic that only feeds a dangling port will be removed. ;
+------+--------+----------+-------------------------------------------------------------------------------------+


+----------------------------------------------------------------------------------------------------------------+
; Port Connectivity Checks: "ForwardingUnit:ForwardingUnit_comp|fiveBitComparator:eq_exmem_rd_ifid_rt"           ;
+------+--------+----------+-------------------------------------------------------------------------------------+
; Port ; Type   ; Severity ; Details                                                                             ;
+------+--------+----------+-------------------------------------------------------------------------------------+
; o_gt ; Output ; Info     ; Connected to dangling logic. Logic that only feeds a dangling port will be removed. ;
; o_lt ; Output ; Info     ; Connected to dangling logic. Logic that only feeds a dangling port will be removed. ;
+------+--------+----------+-------------------------------------------------------------------------------------+


+----------------------------------------------------------------------------------------------------------------+
; Port Connectivity Checks: "ForwardingUnit:ForwardingUnit_comp|fiveBitComparator:eq_exmem_rd_ifid_rs"           ;
+------+--------+----------+-------------------------------------------------------------------------------------+
; Port ; Type   ; Severity ; Details                                                                             ;
+------+--------+----------+-------------------------------------------------------------------------------------+
; o_gt ; Output ; Info     ; Connected to dangling logic. Logic that only feeds a dangling port will be removed. ;
; o_lt ; Output ; Info     ; Connected to dangling logic. Logic that only feeds a dangling port will be removed. ;
+------+--------+----------+-------------------------------------------------------------------------------------+


+----------------------------------------------------------------------------------------------------------------+
; Port Connectivity Checks: "ForwardingUnit:ForwardingUnit_comp|fiveBitComparator:eq_exmem_rd_0"                 ;
+------+--------+----------+-------------------------------------------------------------------------------------+
; Port ; Type   ; Severity ; Details                                                                             ;
+------+--------+----------+-------------------------------------------------------------------------------------+
; i_ai ; Input  ; Info     ; Stuck at GND                                                                        ;
; o_gt ; Output ; Info     ; Connected to dangling logic. Logic that only feeds a dangling port will be removed. ;
; o_lt ; Output ; Info     ; Connected to dangling logic. Logic that only feeds a dangling port will be removed. ;
+------+--------+----------+-------------------------------------------------------------------------------------+


+-----------------------------------------------------------------------------------------------------------------------+
; Port Connectivity Checks: "RAM_async:ram|eightBitComparator:address_0_or_1"                                           ;
+-------------+--------+----------+-------------------------------------------------------------------------------------+
; Port        ; Type   ; Severity ; Details                                                                             ;
+-------------+--------+----------+-------------------------------------------------------------------------------------+
; i_ai[31..8] ; Input  ; Info     ; Stuck at GND                                                                        ;
; i_bi[31..2] ; Input  ; Info     ; Stuck at GND                                                                        ;
; i_bi[1]     ; Input  ; Info     ; Stuck at VCC                                                                        ;
; i_bi[0]     ; Input  ; Info     ; Stuck at GND                                                                        ;
; o_gt        ; Output ; Info     ; Connected to dangling logic. Logic that only feeds a dangling port will be removed. ;
; o_eq        ; Output ; Info     ; Connected to dangling logic. Logic that only feeds a dangling port will be removed. ;
+-------------+--------+----------+-------------------------------------------------------------------------------------+


+-----------------------------------------------------------------------------------------------------------------+
; Port Connectivity Checks: "RAM_async:ram|demux_1x32_8bits:demux"                                                ;
+-------+--------+----------+-------------------------------------------------------------------------------------+
; Port  ; Type   ; Severity ; Details                                                                             ;
+-------+--------+----------+-------------------------------------------------------------------------------------+
; opt5  ; Output ; Info     ; Connected to dangling logic. Logic that only feeds a dangling port will be removed. ;
; opt6  ; Output ; Info     ; Connected to dangling logic. Logic that only feeds a dangling port will be removed. ;
; opt7  ; Output ; Info     ; Connected to dangling logic. Logic that only feeds a dangling port will be removed. ;
; opt8  ; Output ; Info     ; Connected to dangling logic. Logic that only feeds a dangling port will be removed. ;
; opt9  ; Output ; Info     ; Connected to dangling logic. Logic that only feeds a dangling port will be removed. ;
; opt10 ; Output ; Info     ; Connected to dangling logic. Logic that only feeds a dangling port will be removed. ;
; opt11 ; Output ; Info     ; Connected to dangling logic. Logic that only feeds a dangling port will be removed. ;
; opt12 ; Output ; Info     ; Connected to dangling logic. Logic that only feeds a dangling port will be removed. ;
; opt13 ; Output ; Info     ; Connected to dangling logic. Logic that only feeds a dangling port will be removed. ;
; opt14 ; Output ; Info     ; Connected to dangling logic. Logic that only feeds a dangling port will be removed. ;
; opt15 ; Output ; Info     ; Connected to dangling logic. Logic that only feeds a dangling port will be removed. ;
; opt16 ; Output ; Info     ; Connected to dangling logic. Logic that only feeds a dangling port will be removed. ;
; opt17 ; Output ; Info     ; Connected to dangling logic. Logic that only feeds a dangling port will be removed. ;
; opt18 ; Output ; Info     ; Connected to dangling logic. Logic that only feeds a dangling port will be removed. ;
; opt19 ; Output ; Info     ; Connected to dangling logic. Logic that only feeds a dangling port will be removed. ;
; opt20 ; Output ; Info     ; Connected to dangling logic. Logic that only feeds a dangling port will be removed. ;
; opt21 ; Output ; Info     ; Connected to dangling logic. Logic that only feeds a dangling port will be removed. ;
; opt22 ; Output ; Info     ; Connected to dangling logic. Logic that only feeds a dangling port will be removed. ;
; opt23 ; Output ; Info     ; Connected to dangling logic. Logic that only feeds a dangling port will be removed. ;
; opt24 ; Output ; Info     ; Connected to dangling logic. Logic that only feeds a dangling port will be removed. ;
; opt25 ; Output ; Info     ; Connected to dangling logic. Logic that only feeds a dangling port will be removed. ;
; opt26 ; Output ; Info     ; Connected to dangling logic. Logic that only feeds a dangling port will be removed. ;
; opt27 ; Output ; Info     ; Connected to dangling logic. Logic that only feeds a dangling port will be removed. ;
; opt28 ; Output ; Info     ; Connected to dangling logic. Logic that only feeds a dangling port will be removed. ;
; opt29 ; Output ; Info     ; Connected to dangling logic. Logic that only feeds a dangling port will be removed. ;
; opt30 ; Output ; Info     ; Connected to dangling logic. Logic that only feeds a dangling port will be removed. ;
; opt31 ; Output ; Info     ; Connected to dangling logic. Logic that only feeds a dangling port will be removed. ;
+-------+--------+----------+-------------------------------------------------------------------------------------+


+--------------------------------------------------------------------------+
; Port Connectivity Checks: "EX_MEM:exmem|Register_32bits:instruction_val" ;
+--------+-------+----------+----------------------------------------------+
; Port   ; Type  ; Severity ; Details                                      ;
+--------+-------+----------+----------------------------------------------+
; i_load ; Input ; Info     ; Stuck at VCC                                 ;
+--------+-------+----------+----------------------------------------------+


+---------------------------------------------------------------------------+
; Port Connectivity Checks: "EX_MEM:exmem|Register_5bits:writeregister_val" ;
+--------+-------+----------+-----------------------------------------------+
; Port   ; Type  ; Severity ; Details                                       ;
+--------+-------+----------+-----------------------------------------------+
; i_load ; Input ; Info     ; Stuck at VCC                                  ;
+--------+-------+----------+-----------------------------------------------+


+-------------------------------------------------------------------------+
; Port Connectivity Checks: "EX_MEM:exmem|Register_5bits:control_signals" ;
+--------+-------+----------+---------------------------------------------+
; Port   ; Type  ; Severity ; Details                                     ;
+--------+-------+----------+---------------------------------------------+
; i_load ; Input ; Info     ; Stuck at VCC                                ;
+--------+-------+----------+---------------------------------------------+


+----------------------------------------------------------------------+
; Port Connectivity Checks: "EX_MEM:exmem|Register_32bits:ram_address" ;
+--------+-------+----------+------------------------------------------+
; Port   ; Type  ; Severity ; Details                                  ;
+--------+-------+----------+------------------------------------------+
; i_load ; Input ; Info     ; Stuck at VCC                             ;
+--------+-------+----------+------------------------------------------+


+---------------------------------------------------------------------+
; Port Connectivity Checks: "EX_MEM:exmem|Register_32bits:alu_output" ;
+--------+-------+----------+-----------------------------------------+
; Port   ; Type  ; Severity ; Details                                 ;
+--------+-------+----------+-----------------------------------------+
; i_load ; Input ; Info     ; Stuck at VCC                            ;
+--------+-------+----------+-----------------------------------------+


+------------------------------------------------------------+
; Port Connectivity Checks: "EX_MEM:exmem|Register_5bits:rd" ;
+--------+-------+----------+--------------------------------+
; Port   ; Type  ; Severity ; Details                        ;
+--------+-------+----------+--------------------------------+
; i_load ; Input ; Info     ; Stuck at VCC                   ;
+--------+-------+----------+--------------------------------+


+----------------------------------------------------------------------------------------------------------------------------------+
; Port Connectivity Checks: "EX_MEM:exmem"                                                                                         ;
+------------------------+--------+----------+-------------------------------------------------------------------------------------+
; Port                   ; Type   ; Severity ; Details                                                                             ;
+------------------------+--------+----------+-------------------------------------------------------------------------------------+
; ram_address_out[31..8] ; Output ; Info     ; Connected to dangling logic. Logic that only feeds a dangling port will be removed. ;
; control_signals_out[4] ; Output ; Info     ; Connected to dangling logic. Logic that only feeds a dangling port will be removed. ;
+------------------------+--------+----------+-------------------------------------------------------------------------------------+


+----------------------------------------------------------------------------------------------------------------+
; Port Connectivity Checks: "ALU:alu_comp|eightBitComparator:comparator_zero"                                    ;
+------+--------+----------+-------------------------------------------------------------------------------------+
; Port ; Type   ; Severity ; Details                                                                             ;
+------+--------+----------+-------------------------------------------------------------------------------------+
; i_bi ; Input  ; Info     ; Stuck at GND                                                                        ;
; o_gt ; Output ; Info     ; Connected to dangling logic. Logic that only feeds a dangling port will be removed. ;
; o_lt ; Output ; Info     ; Connected to dangling logic. Logic that only feeds a dangling port will be removed. ;
+------+--------+----------+-------------------------------------------------------------------------------------+


+----------------------------------------------------------------------------------------------------------------+
; Port Connectivity Checks: "ALU:alu_comp|eightBitComparator:comparator_twoinputs"                               ;
+------+--------+----------+-------------------------------------------------------------------------------------+
; Port ; Type   ; Severity ; Details                                                                             ;
+------+--------+----------+-------------------------------------------------------------------------------------+
; o_gt ; Output ; Info     ; Connected to dangling logic. Logic that only feeds a dangling port will be removed. ;
; o_eq ; Output ; Info     ; Connected to dangling logic. Logic that only feeds a dangling port will be removed. ;
+------+--------+----------+-------------------------------------------------------------------------------------+


+----------------------------------------------------------------------------------------------------------------------+
; Port Connectivity Checks: "ALU:alu_comp|Substractor_8bits:substractor"                                               ;
+------------+--------+----------+-------------------------------------------------------------------------------------+
; Port       ; Type   ; Severity ; Details                                                                             ;
+------------+--------+----------+-------------------------------------------------------------------------------------+
; c_in       ; Input  ; Info     ; Stuck at VCC                                                                        ;
; o_carryout ; Output ; Info     ; Connected to dangling logic. Logic that only feeds a dangling port will be removed. ;
+------------+--------+----------+-------------------------------------------------------------------------------------+


+----------------------------------------------------------------------------------------------------------------------+
; Port Connectivity Checks: "ALU:alu_comp|adder_8bits:adder"                                                           ;
+------------+--------+----------+-------------------------------------------------------------------------------------+
; Port       ; Type   ; Severity ; Details                                                                             ;
+------------+--------+----------+-------------------------------------------------------------------------------------+
; o_carryout ; Output ; Info     ; Connected to dangling logic. Logic that only feeds a dangling port will be removed. ;
+------------+--------+----------+-------------------------------------------------------------------------------------+


+----------------------------------------------------------------------------------+
; Port Connectivity Checks: "ID_EX:ID_EX_register|Register_32bits:instruction_val" ;
+--------+-------+----------+------------------------------------------------------+
; Port   ; Type  ; Severity ; Details                                              ;
+--------+-------+----------+------------------------------------------------------+
; i_load ; Input ; Info     ; Stuck at VCC                                         ;
+--------+-------+----------+------------------------------------------------------+


+------------------------------------------------------------------------------------------------------------------+
; Port Connectivity Checks: "ID_EX:ID_EX_register|Register_9bits:control_signals_reg|enARdFF_2:b8"                 ;
+--------+--------+----------+-------------------------------------------------------------------------------------+
; Port   ; Type   ; Severity ; Details                                                                             ;
+--------+--------+----------+-------------------------------------------------------------------------------------+
; o_qbar ; Output ; Info     ; Connected to dangling logic. Logic that only feeds a dangling port will be removed. ;
+--------+--------+----------+-------------------------------------------------------------------------------------+


+------------------------------------------------------------------------------------------------------------------+
; Port Connectivity Checks: "ID_EX:ID_EX_register|Register_9bits:control_signals_reg|enARdFF_2:b7"                 ;
+--------+--------+----------+-------------------------------------------------------------------------------------+
; Port   ; Type   ; Severity ; Details                                                                             ;
+--------+--------+----------+-------------------------------------------------------------------------------------+
; o_qbar ; Output ; Info     ; Connected to dangling logic. Logic that only feeds a dangling port will be removed. ;
+--------+--------+----------+-------------------------------------------------------------------------------------+


+------------------------------------------------------------------------------------------------------------------+
; Port Connectivity Checks: "ID_EX:ID_EX_register|Register_9bits:control_signals_reg|enARdFF_2:b6"                 ;
+--------+--------+----------+-------------------------------------------------------------------------------------+
; Port   ; Type   ; Severity ; Details                                                                             ;
+--------+--------+----------+-------------------------------------------------------------------------------------+
; o_qbar ; Output ; Info     ; Connected to dangling logic. Logic that only feeds a dangling port will be removed. ;
+--------+--------+----------+-------------------------------------------------------------------------------------+


+------------------------------------------------------------------------------------------------------------------+
; Port Connectivity Checks: "ID_EX:ID_EX_register|Register_9bits:control_signals_reg|enARdFF_2:b5"                 ;
+--------+--------+----------+-------------------------------------------------------------------------------------+
; Port   ; Type   ; Severity ; Details                                                                             ;
+--------+--------+----------+-------------------------------------------------------------------------------------+
; o_qbar ; Output ; Info     ; Connected to dangling logic. Logic that only feeds a dangling port will be removed. ;
+--------+--------+----------+-------------------------------------------------------------------------------------+


+------------------------------------------------------------------------------------------------------------------+
; Port Connectivity Checks: "ID_EX:ID_EX_register|Register_9bits:control_signals_reg|enARdFF_2:b4"                 ;
+--------+--------+----------+-------------------------------------------------------------------------------------+
; Port   ; Type   ; Severity ; Details                                                                             ;
+--------+--------+----------+-------------------------------------------------------------------------------------+
; o_qbar ; Output ; Info     ; Connected to dangling logic. Logic that only feeds a dangling port will be removed. ;
+--------+--------+----------+-------------------------------------------------------------------------------------+


+------------------------------------------------------------------------------------------------------------------+
; Port Connectivity Checks: "ID_EX:ID_EX_register|Register_9bits:control_signals_reg|enARdFF_2:b3"                 ;
+--------+--------+----------+-------------------------------------------------------------------------------------+
; Port   ; Type   ; Severity ; Details                                                                             ;
+--------+--------+----------+-------------------------------------------------------------------------------------+
; o_qbar ; Output ; Info     ; Connected to dangling logic. Logic that only feeds a dangling port will be removed. ;
+--------+--------+----------+-------------------------------------------------------------------------------------+


+------------------------------------------------------------------------------------------------------------------+
; Port Connectivity Checks: "ID_EX:ID_EX_register|Register_9bits:control_signals_reg|enARdFF_2:b2"                 ;
+--------+--------+----------+-------------------------------------------------------------------------------------+
; Port   ; Type   ; Severity ; Details                                                                             ;
+--------+--------+----------+-------------------------------------------------------------------------------------+
; o_qbar ; Output ; Info     ; Connected to dangling logic. Logic that only feeds a dangling port will be removed. ;
+--------+--------+----------+-------------------------------------------------------------------------------------+


+------------------------------------------------------------------------------------------------------------------+
; Port Connectivity Checks: "ID_EX:ID_EX_register|Register_9bits:control_signals_reg|enARdFF_2:b1"                 ;
+--------+--------+----------+-------------------------------------------------------------------------------------+
; Port   ; Type   ; Severity ; Details                                                                             ;
+--------+--------+----------+-------------------------------------------------------------------------------------+
; o_qbar ; Output ; Info     ; Connected to dangling logic. Logic that only feeds a dangling port will be removed. ;
+--------+--------+----------+-------------------------------------------------------------------------------------+


+------------------------------------------------------------------------------------------------------------------+
; Port Connectivity Checks: "ID_EX:ID_EX_register|Register_9bits:control_signals_reg|enARdFF_2:b0"                 ;
+--------+--------+----------+-------------------------------------------------------------------------------------+
; Port   ; Type   ; Severity ; Details                                                                             ;
+--------+--------+----------+-------------------------------------------------------------------------------------+
; o_qbar ; Output ; Info     ; Connected to dangling logic. Logic that only feeds a dangling port will be removed. ;
+--------+--------+----------+-------------------------------------------------------------------------------------+


+-------------------------------------------------------------------------------------+
; Port Connectivity Checks: "ID_EX:ID_EX_register|Register_9bits:control_signals_reg" ;
+--------+-------+----------+---------------------------------------------------------+
; Port   ; Type  ; Severity ; Details                                                 ;
+--------+-------+----------+---------------------------------------------------------+
; i_load ; Input ; Info     ; Stuck at VCC                                            ;
+--------+-------+----------+---------------------------------------------------------+


+------------------------------------------------------------------------------------------------------------------+
; Port Connectivity Checks: "ID_EX:ID_EX_register|Register_6bits:func_field|enARdFF_2:b5"                          ;
+--------+--------+----------+-------------------------------------------------------------------------------------+
; Port   ; Type   ; Severity ; Details                                                                             ;
+--------+--------+----------+-------------------------------------------------------------------------------------+
; o_qbar ; Output ; Info     ; Connected to dangling logic. Logic that only feeds a dangling port will be removed. ;
+--------+--------+----------+-------------------------------------------------------------------------------------+


+------------------------------------------------------------------------------------------------------------------+
; Port Connectivity Checks: "ID_EX:ID_EX_register|Register_6bits:func_field|enARdFF_2:b4"                          ;
+--------+--------+----------+-------------------------------------------------------------------------------------+
; Port   ; Type   ; Severity ; Details                                                                             ;
+--------+--------+----------+-------------------------------------------------------------------------------------+
; o_qbar ; Output ; Info     ; Connected to dangling logic. Logic that only feeds a dangling port will be removed. ;
+--------+--------+----------+-------------------------------------------------------------------------------------+


+------------------------------------------------------------------------------------------------------------------+
; Port Connectivity Checks: "ID_EX:ID_EX_register|Register_6bits:func_field|enARdFF_2:b3"                          ;
+--------+--------+----------+-------------------------------------------------------------------------------------+
; Port   ; Type   ; Severity ; Details                                                                             ;
+--------+--------+----------+-------------------------------------------------------------------------------------+
; o_qbar ; Output ; Info     ; Connected to dangling logic. Logic that only feeds a dangling port will be removed. ;
+--------+--------+----------+-------------------------------------------------------------------------------------+


+------------------------------------------------------------------------------------------------------------------+
; Port Connectivity Checks: "ID_EX:ID_EX_register|Register_6bits:func_field|enARdFF_2:b2"                          ;
+--------+--------+----------+-------------------------------------------------------------------------------------+
; Port   ; Type   ; Severity ; Details                                                                             ;
+--------+--------+----------+-------------------------------------------------------------------------------------+
; o_qbar ; Output ; Info     ; Connected to dangling logic. Logic that only feeds a dangling port will be removed. ;
+--------+--------+----------+-------------------------------------------------------------------------------------+


+------------------------------------------------------------------------------------------------------------------+
; Port Connectivity Checks: "ID_EX:ID_EX_register|Register_6bits:func_field|enARdFF_2:b1"                          ;
+--------+--------+----------+-------------------------------------------------------------------------------------+
; Port   ; Type   ; Severity ; Details                                                                             ;
+--------+--------+----------+-------------------------------------------------------------------------------------+
; o_qbar ; Output ; Info     ; Connected to dangling logic. Logic that only feeds a dangling port will be removed. ;
+--------+--------+----------+-------------------------------------------------------------------------------------+


+------------------------------------------------------------------------------------------------------------------+
; Port Connectivity Checks: "ID_EX:ID_EX_register|Register_6bits:func_field|enARdFF_2:b0"                          ;
+--------+--------+----------+-------------------------------------------------------------------------------------+
; Port   ; Type   ; Severity ; Details                                                                             ;
+--------+--------+----------+-------------------------------------------------------------------------------------+
; o_qbar ; Output ; Info     ; Connected to dangling logic. Logic that only feeds a dangling port will be removed. ;
+--------+--------+----------+-------------------------------------------------------------------------------------+


+----------------------------------------------------------------------------+
; Port Connectivity Checks: "ID_EX:ID_EX_register|Register_6bits:func_field" ;
+--------+-------+----------+------------------------------------------------+
; Port   ; Type  ; Severity ; Details                                        ;
+--------+-------+----------+------------------------------------------------+
; i_load ; Input ; Info     ; Stuck at VCC                                   ;
+--------+-------+----------+------------------------------------------------+


+-------------------------------------------------------------------------------------+
; Port Connectivity Checks: "ID_EX:ID_EX_register|Register_32bits:address_signextend" ;
+--------+-------+----------+---------------------------------------------------------+
; Port   ; Type  ; Severity ; Details                                                 ;
+--------+-------+----------+---------------------------------------------------------+
; i_load ; Input ; Info     ; Stuck at VCC                                            ;
+--------+-------+----------+---------------------------------------------------------+


+------------------------------------------------------------------------+
; Port Connectivity Checks: "ID_EX:ID_EX_register|Register_5bits:rd_reg" ;
+--------+-------+----------+--------------------------------------------+
; Port   ; Type  ; Severity ; Details                                    ;
+--------+-------+----------+--------------------------------------------+
; i_load ; Input ; Info     ; Stuck at VCC                               ;
+--------+-------+----------+--------------------------------------------+


+------------------------------------------------------------------------+
; Port Connectivity Checks: "ID_EX:ID_EX_register|Register_5bits:rt_reg" ;
+--------+-------+----------+--------------------------------------------+
; Port   ; Type  ; Severity ; Details                                    ;
+--------+-------+----------+--------------------------------------------+
; i_load ; Input ; Info     ; Stuck at VCC                               ;
+--------+-------+----------+--------------------------------------------+


+------------------------------------------------------------------------------------------------------------------+
; Port Connectivity Checks: "ID_EX:ID_EX_register|Register_5bits:rs_reg|enARdFF_2:b4"                              ;
+--------+--------+----------+-------------------------------------------------------------------------------------+
; Port   ; Type   ; Severity ; Details                                                                             ;
+--------+--------+----------+-------------------------------------------------------------------------------------+
; o_qbar ; Output ; Info     ; Connected to dangling logic. Logic that only feeds a dangling port will be removed. ;
+--------+--------+----------+-------------------------------------------------------------------------------------+


+------------------------------------------------------------------------------------------------------------------+
; Port Connectivity Checks: "ID_EX:ID_EX_register|Register_5bits:rs_reg|enARdFF_2:b3"                              ;
+--------+--------+----------+-------------------------------------------------------------------------------------+
; Port   ; Type   ; Severity ; Details                                                                             ;
+--------+--------+----------+-------------------------------------------------------------------------------------+
; o_qbar ; Output ; Info     ; Connected to dangling logic. Logic that only feeds a dangling port will be removed. ;
+--------+--------+----------+-------------------------------------------------------------------------------------+


+------------------------------------------------------------------------------------------------------------------+
; Port Connectivity Checks: "ID_EX:ID_EX_register|Register_5bits:rs_reg|enARdFF_2:b2"                              ;
+--------+--------+----------+-------------------------------------------------------------------------------------+
; Port   ; Type   ; Severity ; Details                                                                             ;
+--------+--------+----------+-------------------------------------------------------------------------------------+
; o_qbar ; Output ; Info     ; Connected to dangling logic. Logic that only feeds a dangling port will be removed. ;
+--------+--------+----------+-------------------------------------------------------------------------------------+


+------------------------------------------------------------------------------------------------------------------+
; Port Connectivity Checks: "ID_EX:ID_EX_register|Register_5bits:rs_reg|enARdFF_2:b1"                              ;
+--------+--------+----------+-------------------------------------------------------------------------------------+
; Port   ; Type   ; Severity ; Details                                                                             ;
+--------+--------+----------+-------------------------------------------------------------------------------------+
; o_qbar ; Output ; Info     ; Connected to dangling logic. Logic that only feeds a dangling port will be removed. ;
+--------+--------+----------+-------------------------------------------------------------------------------------+


+------------------------------------------------------------------------------------------------------------------+
; Port Connectivity Checks: "ID_EX:ID_EX_register|Register_5bits:rs_reg|enARdFF_2:b0"                              ;
+--------+--------+----------+-------------------------------------------------------------------------------------+
; Port   ; Type   ; Severity ; Details                                                                             ;
+--------+--------+----------+-------------------------------------------------------------------------------------+
; o_qbar ; Output ; Info     ; Connected to dangling logic. Logic that only feeds a dangling port will be removed. ;
+--------+--------+----------+-------------------------------------------------------------------------------------+


+------------------------------------------------------------------------+
; Port Connectivity Checks: "ID_EX:ID_EX_register|Register_5bits:rs_reg" ;
+--------+-------+----------+--------------------------------------------+
; Port   ; Type  ; Severity ; Details                                    ;
+--------+-------+----------+--------------------------------------------+
; i_load ; Input ; Info     ; Stuck at VCC                               ;
+--------+-------+----------+--------------------------------------------+


+---------------------------------------------------------------------------------+
; Port Connectivity Checks: "ID_EX:ID_EX_register|Register_32bits:read_data2_reg" ;
+--------+-------+----------+-----------------------------------------------------+
; Port   ; Type  ; Severity ; Details                                             ;
+--------+-------+----------+-----------------------------------------------------+
; i_load ; Input ; Info     ; Stuck at VCC                                        ;
+--------+-------+----------+-----------------------------------------------------+


+---------------------------------------------------------------------------------+
; Port Connectivity Checks: "ID_EX:ID_EX_register|Register_32bits:read_data1_reg" ;
+--------+-------+----------+-----------------------------------------------------+
; Port   ; Type  ; Severity ; Details                                             ;
+--------+-------+----------+-----------------------------------------------------+
; i_load ; Input ; Info     ; Stuck at VCC                                        ;
+--------+-------+----------+-----------------------------------------------------+


+-------------------------------------------------------+
; Port Connectivity Checks: "mux_2x1_9bits:mux_control" ;
+------+-------+----------+-----------------------------+
; Port ; Type  ; Severity ; Details                     ;
+------+-------+----------+-----------------------------+
; b    ; Input ; Info     ; Stuck at GND                ;
+------+-------+----------+-----------------------------+


+----------------------------------------------------------------------------------------------------------------+
; Port Connectivity Checks: "HazardDetectionUnit:Hazards|fiveBitComparator:fiveBitComp_idexrt0"                  ;
+------+--------+----------+-------------------------------------------------------------------------------------+
; Port ; Type   ; Severity ; Details                                                                             ;
+------+--------+----------+-------------------------------------------------------------------------------------+
; i_bi ; Input  ; Info     ; Stuck at GND                                                                        ;
; o_gt ; Output ; Info     ; Connected to dangling logic. Logic that only feeds a dangling port will be removed. ;
; o_lt ; Output ; Info     ; Connected to dangling logic. Logic that only feeds a dangling port will be removed. ;
+------+--------+----------+-------------------------------------------------------------------------------------+


+----------------------------------------------------------------------------------------------------------------+
; Port Connectivity Checks: "HazardDetectionUnit:Hazards|fiveBitComparator:fiveBitComp_rtrt"                     ;
+------+--------+----------+-------------------------------------------------------------------------------------+
; Port ; Type   ; Severity ; Details                                                                             ;
+------+--------+----------+-------------------------------------------------------------------------------------+
; o_gt ; Output ; Info     ; Connected to dangling logic. Logic that only feeds a dangling port will be removed. ;
; o_lt ; Output ; Info     ; Connected to dangling logic. Logic that only feeds a dangling port will be removed. ;
+------+--------+----------+-------------------------------------------------------------------------------------+


+-------------------------------------------------------------------------------------------------------------------+
; Port Connectivity Checks: "HazardDetectionUnit:Hazards|fiveBitComparator:fiveBitComp_rsrt|oneBitComparator:comp4" ;
+--------------+-------+----------+---------------------------------------------------------------------------------+
; Port         ; Type  ; Severity ; Details                                                                         ;
+--------------+-------+----------+---------------------------------------------------------------------------------+
; i_gtprevious ; Input ; Info     ; Stuck at GND                                                                    ;
; i_ltprevious ; Input ; Info     ; Stuck at GND                                                                    ;
+--------------+-------+----------+---------------------------------------------------------------------------------+


+----------------------------------------------------------------------------------------------------------------+
; Port Connectivity Checks: "HazardDetectionUnit:Hazards|fiveBitComparator:fiveBitComp_rsrt"                     ;
+------+--------+----------+-------------------------------------------------------------------------------------+
; Port ; Type   ; Severity ; Details                                                                             ;
+------+--------+----------+-------------------------------------------------------------------------------------+
; o_gt ; Output ; Info     ; Connected to dangling logic. Logic that only feeds a dangling port will be removed. ;
; o_lt ; Output ; Info     ; Connected to dangling logic. Logic that only feeds a dangling port will be removed. ;
+------+--------+----------+-------------------------------------------------------------------------------------+


+------------------------------------------------------------------------------------------+
; Port Connectivity Checks: "eightBitComparator:branch_comparator|oneBitComparator:comp31" ;
+--------------+-------+----------+--------------------------------------------------------+
; Port         ; Type  ; Severity ; Details                                                ;
+--------------+-------+----------+--------------------------------------------------------+
; i_gtprevious ; Input ; Info     ; Stuck at GND                                           ;
; i_ltprevious ; Input ; Info     ; Stuck at GND                                           ;
+--------------+-------+----------+--------------------------------------------------------+


+----------------------------------------------------------------------------------------------------------------+
; Port Connectivity Checks: "eightBitComparator:branch_comparator"                                               ;
+------+--------+----------+-------------------------------------------------------------------------------------+
; Port ; Type   ; Severity ; Details                                                                             ;
+------+--------+----------+-------------------------------------------------------------------------------------+
; o_gt ; Output ; Info     ; Connected to dangling logic. Logic that only feeds a dangling port will be removed. ;
; o_lt ; Output ; Info     ; Connected to dangling logic. Logic that only feeds a dangling port will be removed. ;
+------+--------+----------+-------------------------------------------------------------------------------------+


+-----------------------------------------------------------------------------------------------------------------+
; Port Connectivity Checks: "RegisterFile:RegisterFile_comp|demux_1x32_8bits:demux"                               ;
+-------+--------+----------+-------------------------------------------------------------------------------------+
; Port  ; Type   ; Severity ; Details                                                                             ;
+-------+--------+----------+-------------------------------------------------------------------------------------+
; opt5  ; Output ; Info     ; Connected to dangling logic. Logic that only feeds a dangling port will be removed. ;
; opt6  ; Output ; Info     ; Connected to dangling logic. Logic that only feeds a dangling port will be removed. ;
; opt7  ; Output ; Info     ; Connected to dangling logic. Logic that only feeds a dangling port will be removed. ;
; opt8  ; Output ; Info     ; Connected to dangling logic. Logic that only feeds a dangling port will be removed. ;
; opt9  ; Output ; Info     ; Connected to dangling logic. Logic that only feeds a dangling port will be removed. ;
; opt10 ; Output ; Info     ; Connected to dangling logic. Logic that only feeds a dangling port will be removed. ;
; opt11 ; Output ; Info     ; Connected to dangling logic. Logic that only feeds a dangling port will be removed. ;
; opt12 ; Output ; Info     ; Connected to dangling logic. Logic that only feeds a dangling port will be removed. ;
; opt13 ; Output ; Info     ; Connected to dangling logic. Logic that only feeds a dangling port will be removed. ;
; opt14 ; Output ; Info     ; Connected to dangling logic. Logic that only feeds a dangling port will be removed. ;
; opt15 ; Output ; Info     ; Connected to dangling logic. Logic that only feeds a dangling port will be removed. ;
; opt16 ; Output ; Info     ; Connected to dangling logic. Logic that only feeds a dangling port will be removed. ;
; opt17 ; Output ; Info     ; Connected to dangling logic. Logic that only feeds a dangling port will be removed. ;
; opt18 ; Output ; Info     ; Connected to dangling logic. Logic that only feeds a dangling port will be removed. ;
; opt19 ; Output ; Info     ; Connected to dangling logic. Logic that only feeds a dangling port will be removed. ;
; opt20 ; Output ; Info     ; Connected to dangling logic. Logic that only feeds a dangling port will be removed. ;
; opt21 ; Output ; Info     ; Connected to dangling logic. Logic that only feeds a dangling port will be removed. ;
; opt22 ; Output ; Info     ; Connected to dangling logic. Logic that only feeds a dangling port will be removed. ;
; opt23 ; Output ; Info     ; Connected to dangling logic. Logic that only feeds a dangling port will be removed. ;
; opt24 ; Output ; Info     ; Connected to dangling logic. Logic that only feeds a dangling port will be removed. ;
; opt25 ; Output ; Info     ; Connected to dangling logic. Logic that only feeds a dangling port will be removed. ;
; opt26 ; Output ; Info     ; Connected to dangling logic. Logic that only feeds a dangling port will be removed. ;
; opt27 ; Output ; Info     ; Connected to dangling logic. Logic that only feeds a dangling port will be removed. ;
; opt28 ; Output ; Info     ; Connected to dangling logic. Logic that only feeds a dangling port will be removed. ;
; opt29 ; Output ; Info     ; Connected to dangling logic. Logic that only feeds a dangling port will be removed. ;
; opt30 ; Output ; Info     ; Connected to dangling logic. Logic that only feeds a dangling port will be removed. ;
; opt31 ; Output ; Info     ; Connected to dangling logic. Logic that only feeds a dangling port will be removed. ;
+-------+--------+----------+-------------------------------------------------------------------------------------+


+----------------------------------------------------------------------------------------------------------------------+
; Port Connectivity Checks: "adder_8bits:adder_jtype"                                                                  ;
+------------+--------+----------+-------------------------------------------------------------------------------------+
; Port       ; Type   ; Severity ; Details                                                                             ;
+------------+--------+----------+-------------------------------------------------------------------------------------+
; o_carryout ; Output ; Info     ; Connected to dangling logic. Logic that only feeds a dangling port will be removed. ;
+------------+--------+----------+-------------------------------------------------------------------------------------+


+----------------------------------------------------------------------------+
; Port Connectivity Checks: "signExtend:signExtend_16to32|mux_2x1_8bits:mux" ;
+-----------+-------+----------+---------------------------------------------+
; Port      ; Type  ; Severity ; Details                                     ;
+-----------+-------+----------+---------------------------------------------+
; a[31..16] ; Input ; Info     ; Stuck at GND                                ;
; b[31..16] ; Input ; Info     ; Stuck at VCC                                ;
+-----------+-------+----------+---------------------------------------------+


+-----------------------------------------------------------------------------------------------------------------------------------+
; Port Connectivity Checks: "IF_ID:if_id_register|Register_32bits:pc_offset_val|Rf_Register_8bits:register_component|enARdFF_2:b31" ;
+--------+--------+----------+------------------------------------------------------------------------------------------------------+
; Port   ; Type   ; Severity ; Details                                                                                              ;
+--------+--------+----------+------------------------------------------------------------------------------------------------------+
; o_qbar ; Output ; Info     ; Connected to dangling logic. Logic that only feeds a dangling port will be removed.                  ;
+--------+--------+----------+------------------------------------------------------------------------------------------------------+


+-----------------------------------------------------------------------------------------------------------------------------------+
; Port Connectivity Checks: "IF_ID:if_id_register|Register_32bits:pc_offset_val|Rf_Register_8bits:register_component|enARdFF_2:b30" ;
+--------+--------+----------+------------------------------------------------------------------------------------------------------+
; Port   ; Type   ; Severity ; Details                                                                                              ;
+--------+--------+----------+------------------------------------------------------------------------------------------------------+
; o_qbar ; Output ; Info     ; Connected to dangling logic. Logic that only feeds a dangling port will be removed.                  ;
+--------+--------+----------+------------------------------------------------------------------------------------------------------+


+-----------------------------------------------------------------------------------------------------------------------------------+
; Port Connectivity Checks: "IF_ID:if_id_register|Register_32bits:pc_offset_val|Rf_Register_8bits:register_component|enARdFF_2:b29" ;
+--------+--------+----------+------------------------------------------------------------------------------------------------------+
; Port   ; Type   ; Severity ; Details                                                                                              ;
+--------+--------+----------+------------------------------------------------------------------------------------------------------+
; o_qbar ; Output ; Info     ; Connected to dangling logic. Logic that only feeds a dangling port will be removed.                  ;
+--------+--------+----------+------------------------------------------------------------------------------------------------------+


+-----------------------------------------------------------------------------------------------------------------------------------+
; Port Connectivity Checks: "IF_ID:if_id_register|Register_32bits:pc_offset_val|Rf_Register_8bits:register_component|enARdFF_2:b28" ;
+--------+--------+----------+------------------------------------------------------------------------------------------------------+
; Port   ; Type   ; Severity ; Details                                                                                              ;
+--------+--------+----------+------------------------------------------------------------------------------------------------------+
; o_qbar ; Output ; Info     ; Connected to dangling logic. Logic that only feeds a dangling port will be removed.                  ;
+--------+--------+----------+------------------------------------------------------------------------------------------------------+


+-----------------------------------------------------------------------------------------------------------------------------------+
; Port Connectivity Checks: "IF_ID:if_id_register|Register_32bits:pc_offset_val|Rf_Register_8bits:register_component|enARdFF_2:b27" ;
+--------+--------+----------+------------------------------------------------------------------------------------------------------+
; Port   ; Type   ; Severity ; Details                                                                                              ;
+--------+--------+----------+------------------------------------------------------------------------------------------------------+
; o_qbar ; Output ; Info     ; Connected to dangling logic. Logic that only feeds a dangling port will be removed.                  ;
+--------+--------+----------+------------------------------------------------------------------------------------------------------+


+-----------------------------------------------------------------------------------------------------------------------------------+
; Port Connectivity Checks: "IF_ID:if_id_register|Register_32bits:pc_offset_val|Rf_Register_8bits:register_component|enARdFF_2:b26" ;
+--------+--------+----------+------------------------------------------------------------------------------------------------------+
; Port   ; Type   ; Severity ; Details                                                                                              ;
+--------+--------+----------+------------------------------------------------------------------------------------------------------+
; o_qbar ; Output ; Info     ; Connected to dangling logic. Logic that only feeds a dangling port will be removed.                  ;
+--------+--------+----------+------------------------------------------------------------------------------------------------------+


+-----------------------------------------------------------------------------------------------------------------------------------+
; Port Connectivity Checks: "IF_ID:if_id_register|Register_32bits:pc_offset_val|Rf_Register_8bits:register_component|enARdFF_2:b25" ;
+--------+--------+----------+------------------------------------------------------------------------------------------------------+
; Port   ; Type   ; Severity ; Details                                                                                              ;
+--------+--------+----------+------------------------------------------------------------------------------------------------------+
; o_qbar ; Output ; Info     ; Connected to dangling logic. Logic that only feeds a dangling port will be removed.                  ;
+--------+--------+----------+------------------------------------------------------------------------------------------------------+


+-----------------------------------------------------------------------------------------------------------------------------------+
; Port Connectivity Checks: "IF_ID:if_id_register|Register_32bits:pc_offset_val|Rf_Register_8bits:register_component|enARdFF_2:b24" ;
+--------+--------+----------+------------------------------------------------------------------------------------------------------+
; Port   ; Type   ; Severity ; Details                                                                                              ;
+--------+--------+----------+------------------------------------------------------------------------------------------------------+
; o_qbar ; Output ; Info     ; Connected to dangling logic. Logic that only feeds a dangling port will be removed.                  ;
+--------+--------+----------+------------------------------------------------------------------------------------------------------+


+-----------------------------------------------------------------------------------------------------------------------------------+
; Port Connectivity Checks: "IF_ID:if_id_register|Register_32bits:pc_offset_val|Rf_Register_8bits:register_component|enARdFF_2:b23" ;
+--------+--------+----------+------------------------------------------------------------------------------------------------------+
; Port   ; Type   ; Severity ; Details                                                                                              ;
+--------+--------+----------+------------------------------------------------------------------------------------------------------+
; o_qbar ; Output ; Info     ; Connected to dangling logic. Logic that only feeds a dangling port will be removed.                  ;
+--------+--------+----------+------------------------------------------------------------------------------------------------------+


+-----------------------------------------------------------------------------------------------------------------------------------+
; Port Connectivity Checks: "IF_ID:if_id_register|Register_32bits:pc_offset_val|Rf_Register_8bits:register_component|enARdFF_2:b22" ;
+--------+--------+----------+------------------------------------------------------------------------------------------------------+
; Port   ; Type   ; Severity ; Details                                                                                              ;
+--------+--------+----------+------------------------------------------------------------------------------------------------------+
; o_qbar ; Output ; Info     ; Connected to dangling logic. Logic that only feeds a dangling port will be removed.                  ;
+--------+--------+----------+------------------------------------------------------------------------------------------------------+


+-----------------------------------------------------------------------------------------------------------------------------------+
; Port Connectivity Checks: "IF_ID:if_id_register|Register_32bits:pc_offset_val|Rf_Register_8bits:register_component|enARdFF_2:b21" ;
+--------+--------+----------+------------------------------------------------------------------------------------------------------+
; Port   ; Type   ; Severity ; Details                                                                                              ;
+--------+--------+----------+------------------------------------------------------------------------------------------------------+
; o_qbar ; Output ; Info     ; Connected to dangling logic. Logic that only feeds a dangling port will be removed.                  ;
+--------+--------+----------+------------------------------------------------------------------------------------------------------+


+-----------------------------------------------------------------------------------------------------------------------------------+
; Port Connectivity Checks: "IF_ID:if_id_register|Register_32bits:pc_offset_val|Rf_Register_8bits:register_component|enARdFF_2:b20" ;
+--------+--------+----------+------------------------------------------------------------------------------------------------------+
; Port   ; Type   ; Severity ; Details                                                                                              ;
+--------+--------+----------+------------------------------------------------------------------------------------------------------+
; o_qbar ; Output ; Info     ; Connected to dangling logic. Logic that only feeds a dangling port will be removed.                  ;
+--------+--------+----------+------------------------------------------------------------------------------------------------------+


+-----------------------------------------------------------------------------------------------------------------------------------+
; Port Connectivity Checks: "IF_ID:if_id_register|Register_32bits:pc_offset_val|Rf_Register_8bits:register_component|enARdFF_2:b19" ;
+--------+--------+----------+------------------------------------------------------------------------------------------------------+
; Port   ; Type   ; Severity ; Details                                                                                              ;
+--------+--------+----------+------------------------------------------------------------------------------------------------------+
; o_qbar ; Output ; Info     ; Connected to dangling logic. Logic that only feeds a dangling port will be removed.                  ;
+--------+--------+----------+------------------------------------------------------------------------------------------------------+


+-----------------------------------------------------------------------------------------------------------------------------------+
; Port Connectivity Checks: "IF_ID:if_id_register|Register_32bits:pc_offset_val|Rf_Register_8bits:register_component|enARdFF_2:b18" ;
+--------+--------+----------+------------------------------------------------------------------------------------------------------+
; Port   ; Type   ; Severity ; Details                                                                                              ;
+--------+--------+----------+------------------------------------------------------------------------------------------------------+
; o_qbar ; Output ; Info     ; Connected to dangling logic. Logic that only feeds a dangling port will be removed.                  ;
+--------+--------+----------+------------------------------------------------------------------------------------------------------+


+-----------------------------------------------------------------------------------------------------------------------------------+
; Port Connectivity Checks: "IF_ID:if_id_register|Register_32bits:pc_offset_val|Rf_Register_8bits:register_component|enARdFF_2:b17" ;
+--------+--------+----------+------------------------------------------------------------------------------------------------------+
; Port   ; Type   ; Severity ; Details                                                                                              ;
+--------+--------+----------+------------------------------------------------------------------------------------------------------+
; o_qbar ; Output ; Info     ; Connected to dangling logic. Logic that only feeds a dangling port will be removed.                  ;
+--------+--------+----------+------------------------------------------------------------------------------------------------------+


+-----------------------------------------------------------------------------------------------------------------------------------+
; Port Connectivity Checks: "IF_ID:if_id_register|Register_32bits:pc_offset_val|Rf_Register_8bits:register_component|enARdFF_2:b16" ;
+--------+--------+----------+------------------------------------------------------------------------------------------------------+
; Port   ; Type   ; Severity ; Details                                                                                              ;
+--------+--------+----------+------------------------------------------------------------------------------------------------------+
; o_qbar ; Output ; Info     ; Connected to dangling logic. Logic that only feeds a dangling port will be removed.                  ;
+--------+--------+----------+------------------------------------------------------------------------------------------------------+


+-----------------------------------------------------------------------------------------------------------------------------------+
; Port Connectivity Checks: "IF_ID:if_id_register|Register_32bits:pc_offset_val|Rf_Register_8bits:register_component|enARdFF_2:b15" ;
+--------+--------+----------+------------------------------------------------------------------------------------------------------+
; Port   ; Type   ; Severity ; Details                                                                                              ;
+--------+--------+----------+------------------------------------------------------------------------------------------------------+
; o_qbar ; Output ; Info     ; Connected to dangling logic. Logic that only feeds a dangling port will be removed.                  ;
+--------+--------+----------+------------------------------------------------------------------------------------------------------+


+-----------------------------------------------------------------------------------------------------------------------------------+
; Port Connectivity Checks: "IF_ID:if_id_register|Register_32bits:pc_offset_val|Rf_Register_8bits:register_component|enARdFF_2:b14" ;
+--------+--------+----------+------------------------------------------------------------------------------------------------------+
; Port   ; Type   ; Severity ; Details                                                                                              ;
+--------+--------+----------+------------------------------------------------------------------------------------------------------+
; o_qbar ; Output ; Info     ; Connected to dangling logic. Logic that only feeds a dangling port will be removed.                  ;
+--------+--------+----------+------------------------------------------------------------------------------------------------------+


+-----------------------------------------------------------------------------------------------------------------------------------+
; Port Connectivity Checks: "IF_ID:if_id_register|Register_32bits:pc_offset_val|Rf_Register_8bits:register_component|enARdFF_2:b13" ;
+--------+--------+----------+------------------------------------------------------------------------------------------------------+
; Port   ; Type   ; Severity ; Details                                                                                              ;
+--------+--------+----------+------------------------------------------------------------------------------------------------------+
; o_qbar ; Output ; Info     ; Connected to dangling logic. Logic that only feeds a dangling port will be removed.                  ;
+--------+--------+----------+------------------------------------------------------------------------------------------------------+


+-----------------------------------------------------------------------------------------------------------------------------------+
; Port Connectivity Checks: "IF_ID:if_id_register|Register_32bits:pc_offset_val|Rf_Register_8bits:register_component|enARdFF_2:b12" ;
+--------+--------+----------+------------------------------------------------------------------------------------------------------+
; Port   ; Type   ; Severity ; Details                                                                                              ;
+--------+--------+----------+------------------------------------------------------------------------------------------------------+
; o_qbar ; Output ; Info     ; Connected to dangling logic. Logic that only feeds a dangling port will be removed.                  ;
+--------+--------+----------+------------------------------------------------------------------------------------------------------+


+-----------------------------------------------------------------------------------------------------------------------------------+
; Port Connectivity Checks: "IF_ID:if_id_register|Register_32bits:pc_offset_val|Rf_Register_8bits:register_component|enARdFF_2:b11" ;
+--------+--------+----------+------------------------------------------------------------------------------------------------------+
; Port   ; Type   ; Severity ; Details                                                                                              ;
+--------+--------+----------+------------------------------------------------------------------------------------------------------+
; o_qbar ; Output ; Info     ; Connected to dangling logic. Logic that only feeds a dangling port will be removed.                  ;
+--------+--------+----------+------------------------------------------------------------------------------------------------------+


+-----------------------------------------------------------------------------------------------------------------------------------+
; Port Connectivity Checks: "IF_ID:if_id_register|Register_32bits:pc_offset_val|Rf_Register_8bits:register_component|enARdFF_2:b10" ;
+--------+--------+----------+------------------------------------------------------------------------------------------------------+
; Port   ; Type   ; Severity ; Details                                                                                              ;
+--------+--------+----------+------------------------------------------------------------------------------------------------------+
; o_qbar ; Output ; Info     ; Connected to dangling logic. Logic that only feeds a dangling port will be removed.                  ;
+--------+--------+----------+------------------------------------------------------------------------------------------------------+


+----------------------------------------------------------------------------------------------------------------------------------+
; Port Connectivity Checks: "IF_ID:if_id_register|Register_32bits:pc_offset_val|Rf_Register_8bits:register_component|enARdFF_2:b9" ;
+--------+--------+----------+-----------------------------------------------------------------------------------------------------+
; Port   ; Type   ; Severity ; Details                                                                                             ;
+--------+--------+----------+-----------------------------------------------------------------------------------------------------+
; o_qbar ; Output ; Info     ; Connected to dangling logic. Logic that only feeds a dangling port will be removed.                 ;
+--------+--------+----------+-----------------------------------------------------------------------------------------------------+


+----------------------------------------------------------------------------------------------------------------------------------+
; Port Connectivity Checks: "IF_ID:if_id_register|Register_32bits:pc_offset_val|Rf_Register_8bits:register_component|enARdFF_2:b8" ;
+--------+--------+----------+-----------------------------------------------------------------------------------------------------+
; Port   ; Type   ; Severity ; Details                                                                                             ;
+--------+--------+----------+-----------------------------------------------------------------------------------------------------+
; o_qbar ; Output ; Info     ; Connected to dangling logic. Logic that only feeds a dangling port will be removed.                 ;
+--------+--------+----------+-----------------------------------------------------------------------------------------------------+


+----------------------------------------------------------------------------------------------------------------------------------+
; Port Connectivity Checks: "IF_ID:if_id_register|Register_32bits:pc_offset_val|Rf_Register_8bits:register_component|enARdFF_2:b7" ;
+--------+--------+----------+-----------------------------------------------------------------------------------------------------+
; Port   ; Type   ; Severity ; Details                                                                                             ;
+--------+--------+----------+-----------------------------------------------------------------------------------------------------+
; o_qbar ; Output ; Info     ; Connected to dangling logic. Logic that only feeds a dangling port will be removed.                 ;
+--------+--------+----------+-----------------------------------------------------------------------------------------------------+


+----------------------------------------------------------------------------------------------------------------------------------+
; Port Connectivity Checks: "IF_ID:if_id_register|Register_32bits:pc_offset_val|Rf_Register_8bits:register_component|enARdFF_2:b6" ;
+--------+--------+----------+-----------------------------------------------------------------------------------------------------+
; Port   ; Type   ; Severity ; Details                                                                                             ;
+--------+--------+----------+-----------------------------------------------------------------------------------------------------+
; o_qbar ; Output ; Info     ; Connected to dangling logic. Logic that only feeds a dangling port will be removed.                 ;
+--------+--------+----------+-----------------------------------------------------------------------------------------------------+


+----------------------------------------------------------------------------------------------------------------------------------+
; Port Connectivity Checks: "IF_ID:if_id_register|Register_32bits:pc_offset_val|Rf_Register_8bits:register_component|enARdFF_2:b5" ;
+--------+--------+----------+-----------------------------------------------------------------------------------------------------+
; Port   ; Type   ; Severity ; Details                                                                                             ;
+--------+--------+----------+-----------------------------------------------------------------------------------------------------+
; o_qbar ; Output ; Info     ; Connected to dangling logic. Logic that only feeds a dangling port will be removed.                 ;
+--------+--------+----------+-----------------------------------------------------------------------------------------------------+


+----------------------------------------------------------------------------------------------------------------------------------+
; Port Connectivity Checks: "IF_ID:if_id_register|Register_32bits:pc_offset_val|Rf_Register_8bits:register_component|enARdFF_2:b4" ;
+--------+--------+----------+-----------------------------------------------------------------------------------------------------+
; Port   ; Type   ; Severity ; Details                                                                                             ;
+--------+--------+----------+-----------------------------------------------------------------------------------------------------+
; o_qbar ; Output ; Info     ; Connected to dangling logic. Logic that only feeds a dangling port will be removed.                 ;
+--------+--------+----------+-----------------------------------------------------------------------------------------------------+


+----------------------------------------------------------------------------------------------------------------------------------+
; Port Connectivity Checks: "IF_ID:if_id_register|Register_32bits:pc_offset_val|Rf_Register_8bits:register_component|enARdFF_2:b3" ;
+--------+--------+----------+-----------------------------------------------------------------------------------------------------+
; Port   ; Type   ; Severity ; Details                                                                                             ;
+--------+--------+----------+-----------------------------------------------------------------------------------------------------+
; o_qbar ; Output ; Info     ; Connected to dangling logic. Logic that only feeds a dangling port will be removed.                 ;
+--------+--------+----------+-----------------------------------------------------------------------------------------------------+


+----------------------------------------------------------------------------------------------------------------------------------+
; Port Connectivity Checks: "IF_ID:if_id_register|Register_32bits:pc_offset_val|Rf_Register_8bits:register_component|enARdFF_2:b2" ;
+--------+--------+----------+-----------------------------------------------------------------------------------------------------+
; Port   ; Type   ; Severity ; Details                                                                                             ;
+--------+--------+----------+-----------------------------------------------------------------------------------------------------+
; o_qbar ; Output ; Info     ; Connected to dangling logic. Logic that only feeds a dangling port will be removed.                 ;
+--------+--------+----------+-----------------------------------------------------------------------------------------------------+


+----------------------------------------------------------------------------------------------------------------------------------+
; Port Connectivity Checks: "IF_ID:if_id_register|Register_32bits:pc_offset_val|Rf_Register_8bits:register_component|enARdFF_2:b1" ;
+--------+--------+----------+-----------------------------------------------------------------------------------------------------+
; Port   ; Type   ; Severity ; Details                                                                                             ;
+--------+--------+----------+-----------------------------------------------------------------------------------------------------+
; o_qbar ; Output ; Info     ; Connected to dangling logic. Logic that only feeds a dangling port will be removed.                 ;
+--------+--------+----------+-----------------------------------------------------------------------------------------------------+


+----------------------------------------------------------------------------------------------------------------------------------+
; Port Connectivity Checks: "IF_ID:if_id_register|Register_32bits:pc_offset_val|Rf_Register_8bits:register_component|enARdFF_2:b0" ;
+--------+--------+----------+-----------------------------------------------------------------------------------------------------+
; Port   ; Type   ; Severity ; Details                                                                                             ;
+--------+--------+----------+-----------------------------------------------------------------------------------------------------+
; o_qbar ; Output ; Info     ; Connected to dangling logic. Logic that only feeds a dangling port will be removed.                 ;
+--------+--------+----------+-----------------------------------------------------------------------------------------------------+


+------------------------------------------------------------------------+
; Port Connectivity Checks: "adder_8bits:adder_pc_offset|oneBitAdder:b0" ;
+-----------+-------+----------+-----------------------------------------+
; Port      ; Type  ; Severity ; Details                                 ;
+-----------+-------+----------+-----------------------------------------+
; i_carryin ; Input ; Info     ; Stuck at GND                            ;
+-----------+-------+----------+-----------------------------------------+


+-----------------------------------------------------------------------------------------------------------------------+
; Port Connectivity Checks: "adder_8bits:adder_pc_offset"                                                               ;
+-------------+--------+----------+-------------------------------------------------------------------------------------+
; Port        ; Type   ; Severity ; Details                                                                             ;
+-------------+--------+----------+-------------------------------------------------------------------------------------+
; i_bi[31..3] ; Input  ; Info     ; Stuck at GND                                                                        ;
; i_bi[1..0]  ; Input  ; Info     ; Stuck at GND                                                                        ;
; i_bi[2]     ; Input  ; Info     ; Stuck at VCC                                                                        ;
; o_carryout  ; Output ; Info     ; Connected to dangling logic. Logic that only feeds a dangling port will be removed. ;
+-------------+--------+----------+-------------------------------------------------------------------------------------+


+-----------------------------------------------------------------------------------------------------------------------+
; Port Connectivity Checks: "Substractor_8bits:sub_pc"                                                                  ;
+-------------+--------+----------+-------------------------------------------------------------------------------------+
; Port        ; Type   ; Severity ; Details                                                                             ;
+-------------+--------+----------+-------------------------------------------------------------------------------------+
; i_bi[31..3] ; Input  ; Info     ; Stuck at GND                                                                        ;
; i_bi[1..0]  ; Input  ; Info     ; Stuck at GND                                                                        ;
; i_bi[2]     ; Input  ; Info     ; Stuck at VCC                                                                        ;
; c_in        ; Input  ; Info     ; Stuck at VCC                                                                        ;
; o_carryout  ; Output ; Info     ; Connected to dangling logic. Logic that only feeds a dangling port will be removed. ;
+-------------+--------+----------+-------------------------------------------------------------------------------------+


+------------------------------------------------------------------------------------------------------------------+
; Port Connectivity Checks: "PC:pc_ref|enARdFF_2:b31"                                                              ;
+--------+--------+----------+-------------------------------------------------------------------------------------+
; Port   ; Type   ; Severity ; Details                                                                             ;
+--------+--------+----------+-------------------------------------------------------------------------------------+
; o_qbar ; Output ; Info     ; Connected to dangling logic. Logic that only feeds a dangling port will be removed. ;
+--------+--------+----------+-------------------------------------------------------------------------------------+


+------------------------------------------------------------------------------------------------------------------+
; Port Connectivity Checks: "PC:pc_ref|enARdFF_2:b30"                                                              ;
+--------+--------+----------+-------------------------------------------------------------------------------------+
; Port   ; Type   ; Severity ; Details                                                                             ;
+--------+--------+----------+-------------------------------------------------------------------------------------+
; o_qbar ; Output ; Info     ; Connected to dangling logic. Logic that only feeds a dangling port will be removed. ;
+--------+--------+----------+-------------------------------------------------------------------------------------+


+------------------------------------------------------------------------------------------------------------------+
; Port Connectivity Checks: "PC:pc_ref|enARdFF_2:b29"                                                              ;
+--------+--------+----------+-------------------------------------------------------------------------------------+
; Port   ; Type   ; Severity ; Details                                                                             ;
+--------+--------+----------+-------------------------------------------------------------------------------------+
; o_qbar ; Output ; Info     ; Connected to dangling logic. Logic that only feeds a dangling port will be removed. ;
+--------+--------+----------+-------------------------------------------------------------------------------------+


+------------------------------------------------------------------------------------------------------------------+
; Port Connectivity Checks: "PC:pc_ref|enARdFF_2:b28"                                                              ;
+--------+--------+----------+-------------------------------------------------------------------------------------+
; Port   ; Type   ; Severity ; Details                                                                             ;
+--------+--------+----------+-------------------------------------------------------------------------------------+
; o_qbar ; Output ; Info     ; Connected to dangling logic. Logic that only feeds a dangling port will be removed. ;
+--------+--------+----------+-------------------------------------------------------------------------------------+


+------------------------------------------------------------------------------------------------------------------+
; Port Connectivity Checks: "PC:pc_ref|enARdFF_2:b27"                                                              ;
+--------+--------+----------+-------------------------------------------------------------------------------------+
; Port   ; Type   ; Severity ; Details                                                                             ;
+--------+--------+----------+-------------------------------------------------------------------------------------+
; o_qbar ; Output ; Info     ; Connected to dangling logic. Logic that only feeds a dangling port will be removed. ;
+--------+--------+----------+-------------------------------------------------------------------------------------+


+------------------------------------------------------------------------------------------------------------------+
; Port Connectivity Checks: "PC:pc_ref|enARdFF_2:b26"                                                              ;
+--------+--------+----------+-------------------------------------------------------------------------------------+
; Port   ; Type   ; Severity ; Details                                                                             ;
+--------+--------+----------+-------------------------------------------------------------------------------------+
; o_qbar ; Output ; Info     ; Connected to dangling logic. Logic that only feeds a dangling port will be removed. ;
+--------+--------+----------+-------------------------------------------------------------------------------------+


+------------------------------------------------------------------------------------------------------------------+
; Port Connectivity Checks: "PC:pc_ref|enARdFF_2:b25"                                                              ;
+--------+--------+----------+-------------------------------------------------------------------------------------+
; Port   ; Type   ; Severity ; Details                                                                             ;
+--------+--------+----------+-------------------------------------------------------------------------------------+
; o_qbar ; Output ; Info     ; Connected to dangling logic. Logic that only feeds a dangling port will be removed. ;
+--------+--------+----------+-------------------------------------------------------------------------------------+


+------------------------------------------------------------------------------------------------------------------+
; Port Connectivity Checks: "PC:pc_ref|enARdFF_2:b24"                                                              ;
+--------+--------+----------+-------------------------------------------------------------------------------------+
; Port   ; Type   ; Severity ; Details                                                                             ;
+--------+--------+----------+-------------------------------------------------------------------------------------+
; o_qbar ; Output ; Info     ; Connected to dangling logic. Logic that only feeds a dangling port will be removed. ;
+--------+--------+----------+-------------------------------------------------------------------------------------+


+------------------------------------------------------------------------------------------------------------------+
; Port Connectivity Checks: "PC:pc_ref|enARdFF_2:b23"                                                              ;
+--------+--------+----------+-------------------------------------------------------------------------------------+
; Port   ; Type   ; Severity ; Details                                                                             ;
+--------+--------+----------+-------------------------------------------------------------------------------------+
; o_qbar ; Output ; Info     ; Connected to dangling logic. Logic that only feeds a dangling port will be removed. ;
+--------+--------+----------+-------------------------------------------------------------------------------------+


+------------------------------------------------------------------------------------------------------------------+
; Port Connectivity Checks: "PC:pc_ref|enARdFF_2:b22"                                                              ;
+--------+--------+----------+-------------------------------------------------------------------------------------+
; Port   ; Type   ; Severity ; Details                                                                             ;
+--------+--------+----------+-------------------------------------------------------------------------------------+
; o_qbar ; Output ; Info     ; Connected to dangling logic. Logic that only feeds a dangling port will be removed. ;
+--------+--------+----------+-------------------------------------------------------------------------------------+


+------------------------------------------------------------------------------------------------------------------+
; Port Connectivity Checks: "PC:pc_ref|enARdFF_2:b21"                                                              ;
+--------+--------+----------+-------------------------------------------------------------------------------------+
; Port   ; Type   ; Severity ; Details                                                                             ;
+--------+--------+----------+-------------------------------------------------------------------------------------+
; o_qbar ; Output ; Info     ; Connected to dangling logic. Logic that only feeds a dangling port will be removed. ;
+--------+--------+----------+-------------------------------------------------------------------------------------+


+------------------------------------------------------------------------------------------------------------------+
; Port Connectivity Checks: "PC:pc_ref|enARdFF_2:b20"                                                              ;
+--------+--------+----------+-------------------------------------------------------------------------------------+
; Port   ; Type   ; Severity ; Details                                                                             ;
+--------+--------+----------+-------------------------------------------------------------------------------------+
; o_qbar ; Output ; Info     ; Connected to dangling logic. Logic that only feeds a dangling port will be removed. ;
+--------+--------+----------+-------------------------------------------------------------------------------------+


+------------------------------------------------------------------------------------------------------------------+
; Port Connectivity Checks: "PC:pc_ref|enARdFF_2:b19"                                                              ;
+--------+--------+----------+-------------------------------------------------------------------------------------+
; Port   ; Type   ; Severity ; Details                                                                             ;
+--------+--------+----------+-------------------------------------------------------------------------------------+
; o_qbar ; Output ; Info     ; Connected to dangling logic. Logic that only feeds a dangling port will be removed. ;
+--------+--------+----------+-------------------------------------------------------------------------------------+


+------------------------------------------------------------------------------------------------------------------+
; Port Connectivity Checks: "PC:pc_ref|enARdFF_2:b18"                                                              ;
+--------+--------+----------+-------------------------------------------------------------------------------------+
; Port   ; Type   ; Severity ; Details                                                                             ;
+--------+--------+----------+-------------------------------------------------------------------------------------+
; o_qbar ; Output ; Info     ; Connected to dangling logic. Logic that only feeds a dangling port will be removed. ;
+--------+--------+----------+-------------------------------------------------------------------------------------+


+------------------------------------------------------------------------------------------------------------------+
; Port Connectivity Checks: "PC:pc_ref|enARdFF_2:b17"                                                              ;
+--------+--------+----------+-------------------------------------------------------------------------------------+
; Port   ; Type   ; Severity ; Details                                                                             ;
+--------+--------+----------+-------------------------------------------------------------------------------------+
; o_qbar ; Output ; Info     ; Connected to dangling logic. Logic that only feeds a dangling port will be removed. ;
+--------+--------+----------+-------------------------------------------------------------------------------------+


+------------------------------------------------------------------------------------------------------------------+
; Port Connectivity Checks: "PC:pc_ref|enARdFF_2:b16"                                                              ;
+--------+--------+----------+-------------------------------------------------------------------------------------+
; Port   ; Type   ; Severity ; Details                                                                             ;
+--------+--------+----------+-------------------------------------------------------------------------------------+
; o_qbar ; Output ; Info     ; Connected to dangling logic. Logic that only feeds a dangling port will be removed. ;
+--------+--------+----------+-------------------------------------------------------------------------------------+


+------------------------------------------------------------------------------------------------------------------+
; Port Connectivity Checks: "PC:pc_ref|enARdFF_2:b15"                                                              ;
+--------+--------+----------+-------------------------------------------------------------------------------------+
; Port   ; Type   ; Severity ; Details                                                                             ;
+--------+--------+----------+-------------------------------------------------------------------------------------+
; o_qbar ; Output ; Info     ; Connected to dangling logic. Logic that only feeds a dangling port will be removed. ;
+--------+--------+----------+-------------------------------------------------------------------------------------+


+------------------------------------------------------------------------------------------------------------------+
; Port Connectivity Checks: "PC:pc_ref|enARdFF_2:b14"                                                              ;
+--------+--------+----------+-------------------------------------------------------------------------------------+
; Port   ; Type   ; Severity ; Details                                                                             ;
+--------+--------+----------+-------------------------------------------------------------------------------------+
; o_qbar ; Output ; Info     ; Connected to dangling logic. Logic that only feeds a dangling port will be removed. ;
+--------+--------+----------+-------------------------------------------------------------------------------------+


+------------------------------------------------------------------------------------------------------------------+
; Port Connectivity Checks: "PC:pc_ref|enARdFF_2:b13"                                                              ;
+--------+--------+----------+-------------------------------------------------------------------------------------+
; Port   ; Type   ; Severity ; Details                                                                             ;
+--------+--------+----------+-------------------------------------------------------------------------------------+
; o_qbar ; Output ; Info     ; Connected to dangling logic. Logic that only feeds a dangling port will be removed. ;
+--------+--------+----------+-------------------------------------------------------------------------------------+


+------------------------------------------------------------------------------------------------------------------+
; Port Connectivity Checks: "PC:pc_ref|enARdFF_2:b12"                                                              ;
+--------+--------+----------+-------------------------------------------------------------------------------------+
; Port   ; Type   ; Severity ; Details                                                                             ;
+--------+--------+----------+-------------------------------------------------------------------------------------+
; o_qbar ; Output ; Info     ; Connected to dangling logic. Logic that only feeds a dangling port will be removed. ;
+--------+--------+----------+-------------------------------------------------------------------------------------+


+------------------------------------------------------------------------------------------------------------------+
; Port Connectivity Checks: "PC:pc_ref|enARdFF_2:b11"                                                              ;
+--------+--------+----------+-------------------------------------------------------------------------------------+
; Port   ; Type   ; Severity ; Details                                                                             ;
+--------+--------+----------+-------------------------------------------------------------------------------------+
; o_qbar ; Output ; Info     ; Connected to dangling logic. Logic that only feeds a dangling port will be removed. ;
+--------+--------+----------+-------------------------------------------------------------------------------------+


+------------------------------------------------------------------------------------------------------------------+
; Port Connectivity Checks: "PC:pc_ref|enARdFF_2:b10"                                                              ;
+--------+--------+----------+-------------------------------------------------------------------------------------+
; Port   ; Type   ; Severity ; Details                                                                             ;
+--------+--------+----------+-------------------------------------------------------------------------------------+
; o_qbar ; Output ; Info     ; Connected to dangling logic. Logic that only feeds a dangling port will be removed. ;
+--------+--------+----------+-------------------------------------------------------------------------------------+


+------------------------------------------------------------------------------------------------------------------+
; Port Connectivity Checks: "PC:pc_ref|enARdFF_2:b9"                                                               ;
+--------+--------+----------+-------------------------------------------------------------------------------------+
; Port   ; Type   ; Severity ; Details                                                                             ;
+--------+--------+----------+-------------------------------------------------------------------------------------+
; o_qbar ; Output ; Info     ; Connected to dangling logic. Logic that only feeds a dangling port will be removed. ;
+--------+--------+----------+-------------------------------------------------------------------------------------+


+------------------------------------------------------------------------------------------------------------------+
; Port Connectivity Checks: "PC:pc_ref|enARdFF_2:b8"                                                               ;
+--------+--------+----------+-------------------------------------------------------------------------------------+
; Port   ; Type   ; Severity ; Details                                                                             ;
+--------+--------+----------+-------------------------------------------------------------------------------------+
; o_qbar ; Output ; Info     ; Connected to dangling logic. Logic that only feeds a dangling port will be removed. ;
+--------+--------+----------+-------------------------------------------------------------------------------------+


+------------------------------------------------------------------------------------------------------------------+
; Port Connectivity Checks: "PC:pc_ref|enARdFF_2:b7"                                                               ;
+--------+--------+----------+-------------------------------------------------------------------------------------+
; Port   ; Type   ; Severity ; Details                                                                             ;
+--------+--------+----------+-------------------------------------------------------------------------------------+
; o_qbar ; Output ; Info     ; Connected to dangling logic. Logic that only feeds a dangling port will be removed. ;
+--------+--------+----------+-------------------------------------------------------------------------------------+


+------------------------------------------------------------------------------------------------------------------+
; Port Connectivity Checks: "PC:pc_ref|enARdFF_2:b6"                                                               ;
+--------+--------+----------+-------------------------------------------------------------------------------------+
; Port   ; Type   ; Severity ; Details                                                                             ;
+--------+--------+----------+-------------------------------------------------------------------------------------+
; o_qbar ; Output ; Info     ; Connected to dangling logic. Logic that only feeds a dangling port will be removed. ;
+--------+--------+----------+-------------------------------------------------------------------------------------+


+------------------------------------------------------------------------------------------------------------------+
; Port Connectivity Checks: "PC:pc_ref|enARdFF_2:b5"                                                               ;
+--------+--------+----------+-------------------------------------------------------------------------------------+
; Port   ; Type   ; Severity ; Details                                                                             ;
+--------+--------+----------+-------------------------------------------------------------------------------------+
; o_qbar ; Output ; Info     ; Connected to dangling logic. Logic that only feeds a dangling port will be removed. ;
+--------+--------+----------+-------------------------------------------------------------------------------------+


+------------------------------------------------------------------------------------------------------------------+
; Port Connectivity Checks: "PC:pc_ref|enARdFF_2:b4"                                                               ;
+--------+--------+----------+-------------------------------------------------------------------------------------+
; Port   ; Type   ; Severity ; Details                                                                             ;
+--------+--------+----------+-------------------------------------------------------------------------------------+
; o_qbar ; Output ; Info     ; Connected to dangling logic. Logic that only feeds a dangling port will be removed. ;
+--------+--------+----------+-------------------------------------------------------------------------------------+


+------------------------------------------------------------------------------------------------------------------+
; Port Connectivity Checks: "PC:pc_ref|enARdFF_2:b3"                                                               ;
+--------+--------+----------+-------------------------------------------------------------------------------------+
; Port   ; Type   ; Severity ; Details                                                                             ;
+--------+--------+----------+-------------------------------------------------------------------------------------+
; o_qbar ; Output ; Info     ; Connected to dangling logic. Logic that only feeds a dangling port will be removed. ;
+--------+--------+----------+-------------------------------------------------------------------------------------+


+------------------------------------------------------------------------------------------------------------------+
; Port Connectivity Checks: "PC:pc_ref|enARdFF_2:b2"                                                               ;
+--------+--------+----------+-------------------------------------------------------------------------------------+
; Port   ; Type   ; Severity ; Details                                                                             ;
+--------+--------+----------+-------------------------------------------------------------------------------------+
; o_qbar ; Output ; Info     ; Connected to dangling logic. Logic that only feeds a dangling port will be removed. ;
+--------+--------+----------+-------------------------------------------------------------------------------------+


+------------------------------------------------------------------------------------------------------------------+
; Port Connectivity Checks: "PC:pc_ref|enARdFF_2:b1"                                                               ;
+--------+--------+----------+-------------------------------------------------------------------------------------+
; Port   ; Type   ; Severity ; Details                                                                             ;
+--------+--------+----------+-------------------------------------------------------------------------------------+
; o_qbar ; Output ; Info     ; Connected to dangling logic. Logic that only feeds a dangling port will be removed. ;
+--------+--------+----------+-------------------------------------------------------------------------------------+


+------------------------------------------------------------------------------------------------------------------+
; Port Connectivity Checks: "PC:pc_ref|enARdFF_2:b0"                                                               ;
+--------+--------+----------+-------------------------------------------------------------------------------------+
; Port   ; Type   ; Severity ; Details                                                                             ;
+--------+--------+----------+-------------------------------------------------------------------------------------+
; o_qbar ; Output ; Info     ; Connected to dangling logic. Logic that only feeds a dangling port will be removed. ;
+--------+--------+----------+-------------------------------------------------------------------------------------+


+---------------------------------------------------------------------------------------------------------------------+
; Port Connectivity Checks: "ALUcontrolblock:ALU_control_temp"                                                        ;
+-----------+--------+----------+-------------------------------------------------------------------------------------+
; Port      ; Type   ; Severity ; Details                                                                             ;
+-----------+--------+----------+-------------------------------------------------------------------------------------+
; operation ; Output ; Info     ; Connected to dangling logic. Logic that only feeds a dangling port will be removed. ;
+-----------+--------+----------+-------------------------------------------------------------------------------------+


+-----------------------------------------------------+
; Post-Synthesis Netlist Statistics for Top Partition ;
+-----------------------+-----------------------------+
; Type                  ; Count                       ;
+-----------------------+-----------------------------+
; boundary_port         ; 76                          ;
; cycloneiii_ff         ; 829                         ;
;     CLR               ; 383                         ;
;     CLR SCLR          ; 1                           ;
;     ENA CLR           ; 419                         ;
;     ENA CLR SLD       ; 26                          ;
; cycloneiii_lcell_comb ; 1723                        ;
;     normal            ; 1723                        ;
;         1 data inputs ; 1                           ;
;         2 data inputs ; 80                          ;
;         3 data inputs ; 343                         ;
;         4 data inputs ; 1299                        ;
; cycloneiii_ram_block  ; 32                          ;
;                       ;                             ;
; Max LUT depth         ; 42.00                       ;
; Average LUT depth     ; 23.08                       ;
+-----------------------+-----------------------------+


+-------------------------------+
; Elapsed Time Per Partition    ;
+----------------+--------------+
; Partition Name ; Elapsed Time ;
+----------------+--------------+
; Top            ; 00:00:10     ;
+----------------+--------------+


+-------------------------------+
; Analysis & Synthesis Messages ;
+-------------------------------+
Info: *******************************************************************
Info: Running Quartus Prime Analysis & Synthesis
    Info: Version 20.1.1 Build 720 11/11/2020 SJ Lite Edition
    Info: Processing started: Tue Sep 01 10:02:13 2026
Info: Command: quartus_map --read_settings_files=on --write_settings_files=off SingleCycleProcessor -c SingleCycleProcessor
Warning (18236): Number of processors has not been specified which may cause overloading on shared machines.  Set the global assignment NUM_PARALLEL_PROCESSORS in your QSF to an appropriate value for best performance.
Info (20030): Parallel compilation is enabled and will use 16 of the 16 processors detected
Info (12021): Found 2 design units, including 1 entities, in source file im_rom.vhd
    Info (12022): Found design unit 1: IM_ROM-rtl File: C:/Users/hadib/OneDrive/Desktop/lab2CEG3156/IM_ROM.vhd Line: 12
    Info (12023): Found entity 1: IM_ROM File: C:/Users/hadib/OneDrive/Desktop/lab2CEG3156/IM_ROM.vhd Line: 6
Info (12021): Found 2 design units, including 1 entities, in source file im_rom_tb.vhd
    Info (12022): Found design unit 1: IM_ROM_tb-testbench File: C:/Users/hadib/OneDrive/Desktop/lab2CEG3156/IM_ROM_tb.vhd Line: 8
    Info (12023): Found entity 1: IM_ROM_tb File: C:/Users/hadib/OneDrive/Desktop/lab2CEG3156/IM_ROM_tb.vhd Line: 5
Info (12021): Found 2 design units, including 1 entities, in source file processor.vhd
    Info (12022): Found design unit 1: processor-rtl File: C:/Users/hadib/OneDrive/Desktop/lab2CEG3156/processor.vhd Line: 21
    Info (12023): Found entity 1: processor File: C:/Users/hadib/OneDrive/Desktop/lab2CEG3156/processor.vhd Line: 4
Info (12021): Found 2 design units, including 1 entities, in source file pc.vhd
    Info (12022): Found design unit 1: PC-rtl File: C:/Users/hadib/OneDrive/Desktop/lab2CEG3156/PC.vhd Line: 11
    Info (12023): Found entity 1: PC File: C:/Users/hadib/OneDrive/Desktop/lab2CEG3156/PC.vhd Line: 4
Info (12021): Found 2 design units, including 1 entities, in source file enardff_2.vhd
    Info (12022): Found design unit 1: enARdFF_2-rtl File: C:/Users/hadib/OneDrive/Desktop/lab2CEG3156/enARdFF_2.vhd Line: 40
    Info (12023): Found entity 1: enARdFF_2 File: C:/Users/hadib/OneDrive/Desktop/lab2CEG3156/enARdFF_2.vhd Line: 31
Info (12021): Found 2 design units, including 1 entities, in source file pc_tb.vhd
    Info (12022): Found design unit 1: PC_tb-testbench File: C:/Users/hadib/OneDrive/Desktop/lab2CEG3156/PC_TB.vhd Line: 7
    Info (12023): Found entity 1: PC_tb File: C:/Users/hadib/OneDrive/Desktop/lab2CEG3156/PC_TB.vhd Line: 4
Info (12021): Found 2 design units, including 1 entities, in source file onebitadder.vhd
    Info (12022): Found design unit 1: oneBitAdder-rtl File: C:/Users/hadib/OneDrive/Desktop/lab2CEG3156/oneBitAdder.vhd Line: 38
    Info (12023): Found entity 1: oneBitAdder File: C:/Users/hadib/OneDrive/Desktop/lab2CEG3156/oneBitAdder.vhd Line: 31
Info (12021): Found 2 design units, including 1 entities, in source file adder_8bits.vhd
    Info (12022): Found design unit 1: adder_8bits-rtl File: C:/Users/hadib/OneDrive/Desktop/lab2CEG3156/adder_8bits.vhd Line: 10
    Info (12023): Found entity 1: adder_8bits File: C:/Users/hadib/OneDrive/Desktop/lab2CEG3156/adder_8bits.vhd Line: 4
Info (12021): Found 2 design units, including 1 entities, in source file adder_8bits_tb.vhd
    Info (12022): Found design unit 1: adder_8bits_tb-testbench File: C:/Users/hadib/OneDrive/Desktop/lab2CEG3156/adder_8bits_tb.vhd Line: 7
    Info (12023): Found entity 1: adder_8bits_tb File: C:/Users/hadib/OneDrive/Desktop/lab2CEG3156/adder_8bits_tb.vhd Line: 4
Info (12021): Found 2 design units, including 1 entities, in source file processor_tb.vhd
    Info (12022): Found design unit 1: processor_tb-testbench File: C:/Users/hadib/OneDrive/Desktop/lab2CEG3156/processor_tb.vhd Line: 7
    Info (12023): Found entity 1: processor_tb File: C:/Users/hadib/OneDrive/Desktop/lab2CEG3156/processor_tb.vhd Line: 4
Info (12021): Found 2 design units, including 1 entities, in source file rf_register_8bits.vhd
    Info (12022): Found design unit 1: Rf_Register_8bits-rtl File: C:/Users/hadib/OneDrive/Desktop/lab2CEG3156/Rf_Register_8bits.vhd Line: 11
    Info (12023): Found entity 1: Rf_Register_8bits File: C:/Users/hadib/OneDrive/Desktop/lab2CEG3156/Rf_Register_8bits.vhd Line: 4
Info (12021): Found 2 design units, including 1 entities, in source file rf_register_8bits_tb.vhd
    Info (12022): Found design unit 1: Rf_Register_8bits_tb-testbench File: C:/Users/hadib/OneDrive/Desktop/lab2CEG3156/Rf_Register_8bits_tb.vhd Line: 7
    Info (12023): Found entity 1: Rf_Register_8bits_tb File: C:/Users/hadib/OneDrive/Desktop/lab2CEG3156/Rf_Register_8bits_tb.vhd Line: 4
Info (12021): Found 2 design units, including 1 entities, in source file registerfile.vhd
    Info (12022): Found design unit 1: RegisterFile-rtl File: C:/Users/hadib/OneDrive/Desktop/lab2CEG3156/RegisterFile.vhd Line: 16
    Info (12023): Found entity 1: RegisterFile File: C:/Users/hadib/OneDrive/Desktop/lab2CEG3156/RegisterFile.vhd Line: 7
Info (12021): Found 2 design units, including 1 entities, in source file registerfile_tb.vhd
    Info (12022): Found design unit 1: RegisterFile_tb-rtl File: C:/Users/hadib/OneDrive/Desktop/lab2CEG3156/RegisterFile_tb.vhd Line: 7
    Info (12023): Found entity 1: RegisterFile_Tb File: C:/Users/hadib/OneDrive/Desktop/lab2CEG3156/RegisterFile_tb.vhd Line: 4
Info (12021): Found 2 design units, including 1 entities, in source file substractor_8bits.vhd
    Info (12022): Found design unit 1: Substractor_8bits-rtl File: C:/Users/hadib/OneDrive/Desktop/lab2CEG3156/Substractor_8bits.vhd Line: 11
    Info (12023): Found entity 1: Substractor_8bits File: C:/Users/hadib/OneDrive/Desktop/lab2CEG3156/Substractor_8bits.vhd Line: 4
Info (12021): Found 2 design units, including 1 entities, in source file substractor_8bits_tb.vhd
    Info (12022): Found design unit 1: Substractor_8bits_tb-testbench File: C:/Users/hadib/OneDrive/Desktop/lab2CEG3156/Substractor_8bits_tb.vhd Line: 7
    Info (12023): Found entity 1: Substractor_8bits_tb File: C:/Users/hadib/OneDrive/Desktop/lab2CEG3156/Substractor_8bits_tb.vhd Line: 4
Info (12021): Found 2 design units, including 1 entities, in source file mux_5x1.vhd
    Info (12022): Found design unit 1: mux_5x1-rtl File: C:/Users/hadib/OneDrive/Desktop/lab2CEG3156/mux_5x1.vhd Line: 10
    Info (12023): Found entity 1: mux_5x1 File: C:/Users/hadib/OneDrive/Desktop/lab2CEG3156/mux_5x1.vhd Line: 4
Info (12021): Found 2 design units, including 1 entities, in source file mux_5x1_tb.vhd
    Info (12022): Found design unit 1: mux_5x1_tb-testbench File: C:/Users/hadib/OneDrive/Desktop/lab2CEG3156/mux_5x1_tb.vhd Line: 7
    Info (12023): Found entity 1: mux_5x1_tb File: C:/Users/hadib/OneDrive/Desktop/lab2CEG3156/mux_5x1_tb.vhd Line: 4
Info (12021): Found 2 design units, including 1 entities, in source file alucontrolblock.vhd
    Info (12022): Found design unit 1: ALUcontrolblock-rtl File: C:/Users/hadib/OneDrive/Desktop/lab2CEG3156/ALUcontrolblock.vhd Line: 10
    Info (12023): Found entity 1: ALUcontrolblock File: C:/Users/hadib/OneDrive/Desktop/lab2CEG3156/ALUcontrolblock.vhd Line: 4
Info (12021): Found 2 design units, including 1 entities, in source file alucontrolblock_tb.vhd
    Info (12022): Found design unit 1: ALUcontrolblock_tb-testbench File: C:/Users/hadib/OneDrive/Desktop/lab2CEG3156/ALUcontrolblock_tb.vhd Line: 7
    Info (12023): Found entity 1: ALUcontrolblock_tb File: C:/Users/hadib/OneDrive/Desktop/lab2CEG3156/ALUcontrolblock_tb.vhd Line: 4
Info (12021): Found 2 design units, including 1 entities, in source file onebitcomparator.vhd
    Info (12022): Found design unit 1: oneBitComparator-rtl File: C:/Users/hadib/OneDrive/Desktop/lab2CEG3156/oneBitComparator.vhd Line: 38
    Info (12023): Found entity 1: oneBitComparator File: C:/Users/hadib/OneDrive/Desktop/lab2CEG3156/oneBitComparator.vhd Line: 31
Info (12021): Found 2 design units, including 1 entities, in source file eightbitcomparator.vhd
    Info (12022): Found design unit 1: eightBitComparator-rtl File: C:/Users/hadib/OneDrive/Desktop/lab2CEG3156/eightBitComparator.vhd Line: 10
    Info (12023): Found entity 1: eightBitComparator File: C:/Users/hadib/OneDrive/Desktop/lab2CEG3156/eightBitComparator.vhd Line: 4
Info (12021): Found 2 design units, including 1 entities, in source file alu.vhd
    Info (12022): Found design unit 1: ALU-rtl File: C:/Users/hadib/OneDrive/Desktop/lab2CEG3156/ALU.vhd Line: 11
    Info (12023): Found entity 1: ALU File: C:/Users/hadib/OneDrive/Desktop/lab2CEG3156/ALU.vhd Line: 4
Info (12021): Found 2 design units, including 1 entities, in source file alu_tb.vhd
    Info (12022): Found design unit 1: ALU_tb-testbench File: C:/Users/hadib/OneDrive/Desktop/lab2CEG3156/ALU_tb.vhd Line: 7
    Info (12023): Found entity 1: ALU_tb File: C:/Users/hadib/OneDrive/Desktop/lab2CEG3156/ALU_tb.vhd Line: 4
Info (12021): Found 2 design units, including 1 entities, in source file mux_2x1_8bits.vhd
    Info (12022): Found design unit 1: mux_2x1_8bits-rtl File: C:/Users/hadib/OneDrive/Desktop/lab2CEG3156/mux_2x1_8bits.vhd Line: 10
    Info (12023): Found entity 1: mux_2x1_8bits File: C:/Users/hadib/OneDrive/Desktop/lab2CEG3156/mux_2x1_8bits.vhd Line: 4
Info (12021): Found 2 design units, including 1 entities, in source file mux_2x1_8bits_tb.vhd
    Info (12022): Found design unit 1: mux_2x1_8bits_tb-testbench File: C:/Users/hadib/OneDrive/Desktop/lab2CEG3156/mux_2x1_8bits_tb.vhd Line: 7
    Info (12023): Found entity 1: mux_2x1_8bits_tb File: C:/Users/hadib/OneDrive/Desktop/lab2CEG3156/mux_2x1_8bits_tb.vhd Line: 4
Info (12021): Found 2 design units, including 1 entities, in source file dm_ram.vhd
    Info (12022): Found design unit 1: DM_RAM-rtl File: C:/Users/hadib/OneDrive/Desktop/lab2CEG3156/DM_RAM.vhd Line: 13
    Info (12023): Found entity 1: DM_RAM File: C:/Users/hadib/OneDrive/Desktop/lab2CEG3156/DM_RAM.vhd Line: 5
Info (12021): Found 2 design units, including 1 entities, in source file dm_ram_tb.vhd
    Info (12022): Found design unit 1: DM_RAM_tb-testbench File: C:/Users/hadib/OneDrive/Desktop/lab2CEG3156/DM_RAM_tb.vhd Line: 8
    Info (12023): Found entity 1: DM_RAM_tb File: C:/Users/hadib/OneDrive/Desktop/lab2CEG3156/DM_RAM_tb.vhd Line: 5
Info (12021): Found 2 design units, including 1 entities, in source file shiftleft_by2.vhd
    Info (12022): Found design unit 1: ShiftLeft_by2-rtl File: C:/Users/hadib/OneDrive/Desktop/lab2CEG3156/ShiftLeft_by2.vhd Line: 10
    Info (12023): Found entity 1: ShiftLeft_by2 File: C:/Users/hadib/OneDrive/Desktop/lab2CEG3156/ShiftLeft_by2.vhd Line: 4
Info (12021): Found 2 design units, including 1 entities, in source file shiftleft_by2_tb.vhd
    Info (12022): Found design unit 1: ShiftLeft_by2_tb-testbench File: C:/Users/hadib/OneDrive/Desktop/lab2CEG3156/ShiftLeft_by2_tb.vhd Line: 7
    Info (12023): Found entity 1: ShiftLeft_by2_tb File: C:/Users/hadib/OneDrive/Desktop/lab2CEG3156/ShiftLeft_by2_tb.vhd Line: 4
Info (12021): Found 2 design units, including 1 entities, in source file controllogicunit.vhd
    Info (12022): Found design unit 1: ControlLogicUnit-rtl File: C:/Users/hadib/OneDrive/Desktop/lab2CEG3156/ControlLogicUnit.vhd Line: 10
    Info (12023): Found entity 1: ControlLogicUnit File: C:/Users/hadib/OneDrive/Desktop/lab2CEG3156/ControlLogicUnit.vhd Line: 4
Info (12021): Found 2 design units, including 1 entities, in source file controllogicunit_tb.vhd
    Info (12022): Found design unit 1: ControlLogicUnit_tb-testbench File: C:/Users/hadib/OneDrive/Desktop/lab2CEG3156/ControlLogicUnit_tb.vhd Line: 7
    Info (12023): Found entity 1: ControlLogicUnit_tb File: C:/Users/hadib/OneDrive/Desktop/lab2CEG3156/ControlLogicUnit_tb.vhd Line: 4
Info (12021): Found 2 design units, including 1 entities, in source file mux_2x1_5bits.vhd
    Info (12022): Found design unit 1: mux_2x1_5bits-rtl File: C:/Users/hadib/OneDrive/Desktop/lab2CEG3156/mux_2x1_5bits.vhd Line: 10
    Info (12023): Found entity 1: mux_2x1_5bits File: C:/Users/hadib/OneDrive/Desktop/lab2CEG3156/mux_2x1_5bits.vhd Line: 4
Info (12021): Found 2 design units, including 1 entities, in source file mux_2x1_5bits_tb.vhd
    Info (12022): Found design unit 1: mux_2x1_5bits_tb-testbench File: C:/Users/hadib/OneDrive/Desktop/lab2CEG3156/mux_2x1_5bits_tb.vhd Line: 7
    Info (12023): Found entity 1: mux_2x1_5bits_tb File: C:/Users/hadib/OneDrive/Desktop/lab2CEG3156/mux_2x1_5bits_tb.vhd Line: 4
Info (12021): Found 2 design units, including 1 entities, in source file mux_32x1_8bits.vhd
    Info (12022): Found design unit 1: mux_32x1_8bits-rtl File: C:/Users/hadib/OneDrive/Desktop/lab2CEG3156/mux_32x1_8bits.vhd Line: 13
    Info (12023): Found entity 1: mux_32x1_8bits File: C:/Users/hadib/OneDrive/Desktop/lab2CEG3156/mux_32x1_8bits.vhd Line: 7
Info (12021): Found 2 design units, including 1 entities, in source file mux_32x1_8bits_tb.vhd
    Info (12022): Found design unit 1: mux_32x1_8bits_tb-testbench File: C:/Users/hadib/OneDrive/Desktop/lab2CEG3156/mux_32x1_8bits_tb.vhd Line: 9
    Info (12023): Found entity 1: mux_32x1_8bits_tb File: C:/Users/hadib/OneDrive/Desktop/lab2CEG3156/mux_32x1_8bits_tb.vhd Line: 6
Info (12021): Found 2 design units, including 1 entities, in source file demux_1x32_8bits.vhd
    Info (12022): Found design unit 1: demux_1x32_8bits-rtl File: C:/Users/hadib/OneDrive/Desktop/lab2CEG3156/demux_1x32_8bits.vhd Line: 9
    Info (12023): Found entity 1: demux_1x32_8bits File: C:/Users/hadib/OneDrive/Desktop/lab2CEG3156/demux_1x32_8bits.vhd Line: 4
Info (12021): Found 2 design units, including 1 entities, in source file demux_1x32_8bits_tb.vhd
    Info (12022): Found design unit 1: demux_1x32_8bits_tb-testbench File: C:/Users/hadib/OneDrive/Desktop/lab2CEG3156/demux_1x32_8bits_tb.vhd Line: 7
    Info (12023): Found entity 1: demux_1x32_8bits_tb File: C:/Users/hadib/OneDrive/Desktop/lab2CEG3156/demux_1x32_8bits_tb.vhd Line: 4
Info (12021): Found 2 design units, including 1 entities, in source file test.vhd
    Info (12022): Found design unit 1: test-rtl File: C:/Users/hadib/OneDrive/Desktop/lab2CEG3156/test.vhd Line: 17
    Info (12023): Found entity 1: test File: C:/Users/hadib/OneDrive/Desktop/lab2CEG3156/test.vhd Line: 4
Info (12021): Found 2 design units, including 1 entities, in source file test_tb.vhd
    Info (12022): Found design unit 1: test_tb-testbench File: C:/Users/hadib/OneDrive/Desktop/lab2CEG3156/test_tb.vhd Line: 8
    Info (12023): Found entity 1: test_tb File: C:/Users/hadib/OneDrive/Desktop/lab2CEG3156/test_tb.vhd Line: 4
Info (12021): Found 2 design units, including 1 entities, in source file signextend.vhd
    Info (12022): Found design unit 1: signExtend-rtl File: C:/Users/hadib/OneDrive/Desktop/lab2CEG3156/signExtend.vhd Line: 9
    Info (12023): Found entity 1: signExtend File: C:/Users/hadib/OneDrive/Desktop/lab2CEG3156/signExtend.vhd Line: 4
Info (12021): Found 2 design units, including 1 entities, in source file signextend_tb.vhd
    Info (12022): Found design unit 1: signExtend_tb-testbench File: C:/Users/hadib/OneDrive/Desktop/lab2CEG3156/signExtend_tb.vhd Line: 7
    Info (12023): Found entity 1: signExtend_Tb File: C:/Users/hadib/OneDrive/Desktop/lab2CEG3156/signExtend_tb.vhd Line: 4
Info (12021): Found 2 design units, including 1 entities, in source file threebitcounter.vhd
    Info (12022): Found design unit 1: threebitcounter-rtl File: C:/Users/hadib/OneDrive/Desktop/lab2CEG3156/threebitcounter.vhd Line: 11
    Info (12023): Found entity 1: threebitcounter File: C:/Users/hadib/OneDrive/Desktop/lab2CEG3156/threebitcounter.vhd Line: 4
Info (12021): Found 2 design units, including 1 entities, in source file ram_async.vhd
    Info (12022): Found design unit 1: RAM_async-rtl File: C:/Users/hadib/OneDrive/Desktop/lab2CEG3156/RAM_async.vhd Line: 13
    Info (12023): Found entity 1: RAM_async File: C:/Users/hadib/OneDrive/Desktop/lab2CEG3156/RAM_async.vhd Line: 5
Info (12021): Found 2 design units, including 1 entities, in source file ram_async_tb.vhd
    Info (12022): Found design unit 1: RAM_async_tb-testbench File: C:/Users/hadib/OneDrive/Desktop/lab2CEG3156/RAM_async_tb.vhd Line: 7
    Info (12023): Found entity 1: RAM_async_tb File: C:/Users/hadib/OneDrive/Desktop/lab2CEG3156/RAM_async_tb.vhd Line: 4
Info (12021): Found 2 design units, including 1 entities, in source file twobitcounter.vhd
    Info (12022): Found design unit 1: twobitcounter-rtl File: C:/Users/hadib/OneDrive/Desktop/lab2CEG3156/twobitcounter.vhd Line: 12
    Info (12023): Found entity 1: twobitcounter File: C:/Users/hadib/OneDrive/Desktop/lab2CEG3156/twobitcounter.vhd Line: 4
Info (12021): Found 2 design units, including 1 entities, in source file twobitcomparator.vhd
    Info (12022): Found design unit 1: twobitcomparator-rtl File: C:/Users/hadib/OneDrive/Desktop/lab2CEG3156/twobitcomparator.vhd Line: 37
    Info (12023): Found entity 1: twobitcomparator File: C:/Users/hadib/OneDrive/Desktop/lab2CEG3156/twobitcomparator.vhd Line: 31
Info (12021): Found 2 design units, including 1 entities, in source file twobitcounter_tb.vhd
    Info (12022): Found design unit 1: twobitcounter_tb-testbench File: C:/Users/hadib/OneDrive/Desktop/lab2CEG3156/twobitcounter_tb.vhd Line: 7
    Info (12023): Found entity 1: twobitcounter_tb File: C:/Users/hadib/OneDrive/Desktop/lab2CEG3156/twobitcounter_tb.vhd Line: 4
Info (12021): Found 2 design units, including 1 entities, in source file shiftleft_by2_28bits.vhd
    Info (12022): Found design unit 1: ShiftLeft_by2_28bits-rtl File: C:/Users/hadib/OneDrive/Desktop/lab2CEG3156/ShiftLeft_by2_28bits.vhd Line: 10
    Info (12023): Found entity 1: ShiftLeft_by2_28bits File: C:/Users/hadib/OneDrive/Desktop/lab2CEG3156/ShiftLeft_by2_28bits.vhd Line: 4
Info (12021): Found 2 design units, including 1 entities, in source file shiftleft_by2_28bits_tb.vhd
    Info (12022): Found design unit 1: ShiftLeft_by2_28bits_tb-testbench File: C:/Users/hadib/OneDrive/Desktop/lab2CEG3156/ShiftLeft_by2_28bits_tb.vhd Line: 7
    Info (12023): Found entity 1: ShiftLeft_by2_28bits_tb File: C:/Users/hadib/OneDrive/Desktop/lab2CEG3156/ShiftLeft_by2_28bits_tb.vhd Line: 4
Info (12021): Found 1 design units, including 0 entities, in source file mux_ipt_array_type.vhd
    Info (12022): Found design unit 1: mux_ipt_array_type File: C:/Users/hadib/OneDrive/Desktop/lab2CEG3156/mux_ipt_array_type.vhd Line: 5
Info (12021): Found 2 design units, including 1 entities, in source file register_32bits.vhd
    Info (12022): Found design unit 1: Register_32bits-rtl File: C:/Users/hadib/OneDrive/Desktop/lab2CEG3156/Register_32bits.vhd Line: 12
    Info (12023): Found entity 1: Register_32bits File: C:/Users/hadib/OneDrive/Desktop/lab2CEG3156/Register_32bits.vhd Line: 5
Info (12021): Found 2 design units, including 1 entities, in source file if_id.vhd
    Info (12022): Found design unit 1: IF_ID-rtl File: C:/Users/hadib/OneDrive/Desktop/lab2CEG3156/IF_ID.vhd Line: 12
    Info (12023): Found entity 1: IF_ID File: C:/Users/hadib/OneDrive/Desktop/lab2CEG3156/IF_ID.vhd Line: 5
Info (12021): Found 2 design units, including 1 entities, in source file if_id_tb.vhd
    Info (12022): Found design unit 1: IF_ID_tb-testbench File: C:/Users/hadib/OneDrive/Desktop/lab2CEG3156/IF_ID_tb.vhd Line: 7
    Info (12023): Found entity 1: IF_ID_tb File: C:/Users/hadib/OneDrive/Desktop/lab2CEG3156/IF_ID_tb.vhd Line: 4
Info (12021): Found 2 design units, including 1 entities, in source file register_9bits.vhd
    Info (12022): Found design unit 1: Register_9bits-rtl File: C:/Users/hadib/OneDrive/Desktop/lab2CEG3156/Register_9bits.vhd Line: 11
    Info (12023): Found entity 1: Register_9bits File: C:/Users/hadib/OneDrive/Desktop/lab2CEG3156/Register_9bits.vhd Line: 4
Info (12021): Found 2 design units, including 1 entities, in source file register_5bits.vhd
    Info (12022): Found design unit 1: Register_5bits-rtl File: C:/Users/hadib/OneDrive/Desktop/lab2CEG3156/Register_5bits.vhd Line: 11
    Info (12023): Found entity 1: Register_5bits File: C:/Users/hadib/OneDrive/Desktop/lab2CEG3156/Register_5bits.vhd Line: 4
Info (12021): Found 2 design units, including 1 entities, in source file register_6bits.vhd
    Info (12022): Found design unit 1: Register_6bits-rtl File: C:/Users/hadib/OneDrive/Desktop/lab2CEG3156/Register_6bits.vhd Line: 11
    Info (12023): Found entity 1: Register_6bits File: C:/Users/hadib/OneDrive/Desktop/lab2CEG3156/Register_6bits.vhd Line: 4
Info (12021): Found 2 design units, including 1 entities, in source file id_ex.vhd
    Info (12022): Found design unit 1: ID_EX-rtl File: C:/Users/hadib/OneDrive/Desktop/lab2CEG3156/ID_EX.vhd Line: 21
    Info (12023): Found entity 1: ID_EX File: C:/Users/hadib/OneDrive/Desktop/lab2CEG3156/ID_EX.vhd Line: 5
Info (12021): Found 2 design units, including 1 entities, in source file id_ex_tb.vhd
    Info (12022): Found design unit 1: ID_EX_tb-testbench File: C:/Users/hadib/OneDrive/Desktop/lab2CEG3156/ID_EX_tb.vhd Line: 7
    Info (12023): Found entity 1: ID_EX_tb File: C:/Users/hadib/OneDrive/Desktop/lab2CEG3156/ID_EX_tb.vhd Line: 4
Info (12021): Found 2 design units, including 1 entities, in source file mux_3x1_32bits.vhd
    Info (12022): Found design unit 1: mux_3x1_32bits-rtl File: C:/Users/hadib/OneDrive/Desktop/lab2CEG3156/mux_3x1_32bits.vhd Line: 10
    Info (12023): Found entity 1: mux_3x1_32bits File: C:/Users/hadib/OneDrive/Desktop/lab2CEG3156/mux_3x1_32bits.vhd Line: 4
Info (12021): Found 2 design units, including 1 entities, in source file ex_mem.vhd
    Info (12022): Found design unit 1: EX_MEM-rtl File: C:/Users/hadib/OneDrive/Desktop/lab2CEG3156/EX_MEM.vhd Line: 19
    Info (12023): Found entity 1: EX_MEM File: C:/Users/hadib/OneDrive/Desktop/lab2CEG3156/EX_MEM.vhd Line: 5
Info (12021): Found 2 design units, including 1 entities, in source file mem_wb.vhd
    Info (12022): Found design unit 1: MEM_WB-rtl File: C:/Users/hadib/OneDrive/Desktop/lab2CEG3156/MEM_WB.vhd Line: 17
    Info (12023): Found entity 1: MEM_WB File: C:/Users/hadib/OneDrive/Desktop/lab2CEG3156/MEM_WB.vhd Line: 5
Info (12021): Found 2 design units, including 1 entities, in source file register_2bits.vhd
    Info (12022): Found design unit 1: Register_2bits-rtl File: C:/Users/hadib/OneDrive/Desktop/lab2CEG3156/Register_2bits.vhd Line: 11
    Info (12023): Found entity 1: Register_2bits File: C:/Users/hadib/OneDrive/Desktop/lab2CEG3156/Register_2bits.vhd Line: 4
Info (12021): Found 2 design units, including 1 entities, in source file forwardingunit.vhd
    Info (12022): Found design unit 1: ForwardingUnit-rtl File: C:/Users/hadib/OneDrive/Desktop/lab2CEG3156/ForwardingUnit.vhd Line: 12
    Info (12023): Found entity 1: ForwardingUnit File: C:/Users/hadib/OneDrive/Desktop/lab2CEG3156/ForwardingUnit.vhd Line: 4
Info (12021): Found 2 design units, including 1 entities, in source file forwardingunit_tb.vhd
    Info (12022): Found design unit 1: ForwardingUnit_tb-testbench File: C:/Users/hadib/OneDrive/Desktop/lab2CEG3156/ForwardingUnit_tb.vhd Line: 7
    Info (12023): Found entity 1: ForwardingUnit_tb File: C:/Users/hadib/OneDrive/Desktop/lab2CEG3156/ForwardingUnit_tb.vhd Line: 4
Info (12021): Found 2 design units, including 1 entities, in source file fivebitcomparator.vhd
    Info (12022): Found design unit 1: fiveBitComparator-rtl File: C:/Users/hadib/OneDrive/Desktop/lab2CEG3156/fiveBitComparator.vhd Line: 10
    Info (12023): Found entity 1: fiveBitComparator File: C:/Users/hadib/OneDrive/Desktop/lab2CEG3156/fiveBitComparator.vhd Line: 4
Info (12021): Found 2 design units, including 1 entities, in source file hazarddetectionunit.vhd
    Info (12022): Found design unit 1: HazardDetectionUnit-rtl File: C:/Users/hadib/OneDrive/Desktop/lab2CEG3156/HazardDetectionUnit.vhd Line: 13
    Info (12023): Found entity 1: HazardDetectionUnit File: C:/Users/hadib/OneDrive/Desktop/lab2CEG3156/HazardDetectionUnit.vhd Line: 5
Info (12021): Found 2 design units, including 1 entities, in source file hazarddetectionunit_tb.vhd
    Info (12022): Found design unit 1: HazardDetectionUnit_tb-testbench File: C:/Users/hadib/OneDrive/Desktop/lab2CEG3156/HazardDetectionUnit_tb.vhd Line: 8
    Info (12023): Found entity 1: HazardDetectionUnit_tb File: C:/Users/hadib/OneDrive/Desktop/lab2CEG3156/HazardDetectionUnit_tb.vhd Line: 5
Info (12021): Found 2 design units, including 1 entities, in source file mux_2x1_9bits.vhd
    Info (12022): Found design unit 1: mux_2x1_9bits-rtl File: C:/Users/hadib/OneDrive/Desktop/lab2CEG3156/mux_2x1_9bits.vhd Line: 10
    Info (12023): Found entity 1: mux_2x1_9bits File: C:/Users/hadib/OneDrive/Desktop/lab2CEG3156/mux_2x1_9bits.vhd Line: 4
Info (12021): Found 2 design units, including 1 entities, in source file mux_2x1_6bits.vhd
    Info (12022): Found design unit 1: mux_2x1_6bits-rtl File: C:/Users/hadib/OneDrive/Desktop/lab2CEG3156/mux_2x1_6bits.vhd Line: 10
    Info (12023): Found entity 1: mux_2x1_6bits File: C:/Users/hadib/OneDrive/Desktop/lab2CEG3156/mux_2x1_6bits.vhd Line: 4
Info (12021): Found 2 design units, including 1 entities, in source file loadusehazard_fix.vhd
    Info (12022): Found design unit 1: LoadUseHazard_Fix-rtl File: C:/Users/hadib/OneDrive/Desktop/lab2CEG3156/LoadUseHazard_Fix.vhd Line: 13
    Info (12023): Found entity 1: LoadUseHazard_Fix File: C:/Users/hadib/OneDrive/Desktop/lab2CEG3156/LoadUseHazard_Fix.vhd Line: 5
Info (12021): Found 2 design units, including 1 entities, in source file loadusehazard_fix_tb.vhd
    Info (12022): Found design unit 1: LoadUseHazard_Fix_tb-testbench File: C:/Users/hadib/OneDrive/Desktop/lab2CEG3156/LoadUseHazard_Fix_tb.vhd Line: 8
    Info (12023): Found entity 1: LoadUseHazard_Fix_tb File: C:/Users/hadib/OneDrive/Desktop/lab2CEG3156/LoadUseHazard_Fix_tb.vhd Line: 5
Info (12021): Found 2 design units, including 1 entities, in source file mux_8x1_32bits.vhd
    Info (12022): Found design unit 1: mux_8x1_32bits-rtl File: C:/Users/hadib/OneDrive/Desktop/lab2CEG3156/mux_8x1_32bits.vhd Line: 10
    Info (12023): Found entity 1: mux_8x1_32bits File: C:/Users/hadib/OneDrive/Desktop/lab2CEG3156/mux_8x1_32bits.vhd Line: 4
Info (12021): Found 2 design units, including 1 entities, in source file mux_8x1_32bits_tb.vhd
    Info (12022): Found design unit 1: mux_8x1_32bits_tb-testbench File: C:/Users/hadib/OneDrive/Desktop/lab2CEG3156/mux_8x1_32bits_tb.vhd Line: 7
    Info (12023): Found entity 1: mux_8x1_32bits_tb File: C:/Users/hadib/OneDrive/Desktop/lab2CEG3156/mux_8x1_32bits_tb.vhd Line: 4
Info (12127): Elaborating entity "processor" for the top level hierarchy
Warning (10036): Verilog HDL or VHDL warning at processor.vhd(53): object "int_branch_exmem" assigned a value but never read File: C:/Users/hadib/OneDrive/Desktop/lab2CEG3156/processor.vhd Line: 53
Warning (10036): Verilog HDL or VHDL warning at processor.vhd(53): object "int_control_signals_in_forward" assigned a value but never read File: C:/Users/hadib/OneDrive/Desktop/lab2CEG3156/processor.vhd Line: 53
Info (12128): Elaborating entity "ALUcontrolblock" for hierarchy "ALUcontrolblock:ALU_control_temp" File: C:/Users/hadib/OneDrive/Desktop/lab2CEG3156/processor.vhd Line: 287
Info (12128): Elaborating entity "ControlLogicUnit" for hierarchy "ControlLogicUnit:Control" File: C:/Users/hadib/OneDrive/Desktop/lab2CEG3156/processor.vhd Line: 292
Info (12128): Elaborating entity "PC" for hierarchy "PC:pc_ref" File: C:/Users/hadib/OneDrive/Desktop/lab2CEG3156/processor.vhd Line: 307
Info (12128): Elaborating entity "enARdFF_2" for hierarchy "PC:pc_ref|enARdFF_2:b0" File: C:/Users/hadib/OneDrive/Desktop/lab2CEG3156/PC.vhd Line: 31
Info (12128): Elaborating entity "Substractor_8bits" for hierarchy "Substractor_8bits:sub_pc" File: C:/Users/hadib/OneDrive/Desktop/lab2CEG3156/processor.vhd Line: 314
Info (12128): Elaborating entity "oneBitAdder" for hierarchy "Substractor_8bits:sub_pc|oneBitAdder:b0" File: C:/Users/hadib/OneDrive/Desktop/lab2CEG3156/Substractor_8bits.vhd Line: 24
Info (12128): Elaborating entity "mux_2x1_8bits" for hierarchy "mux_2x1_8bits:mux_addr" File: C:/Users/hadib/OneDrive/Desktop/lab2CEG3156/processor.vhd Line: 328
Info (12128): Elaborating entity "IM_ROM" for hierarchy "IM_ROM:rom" File: C:/Users/hadib/OneDrive/Desktop/lab2CEG3156/processor.vhd Line: 335
Info (12128): Elaborating entity "LPM_ROM" for hierarchy "IM_ROM:rom|LPM_ROM:rom_instance" File: C:/Users/hadib/OneDrive/Desktop/lab2CEG3156/IM_ROM.vhd Line: 35
Info (12130): Elaborated megafunction instantiation "IM_ROM:rom|LPM_ROM:rom_instance" File: C:/Users/hadib/OneDrive/Desktop/lab2CEG3156/IM_ROM.vhd Line: 35
Info (12133): Instantiated megafunction "IM_ROM:rom|LPM_ROM:rom_instance" with the following parameter: File: C:/Users/hadib/OneDrive/Desktop/lab2CEG3156/IM_ROM.vhd Line: 35
    Info (12134): Parameter "LPM_WIDTH" = "32"
    Info (12134): Parameter "LPM_WIDTHAD" = "8"
    Info (12134): Parameter "LPM_NUMWORDS" = "0"
    Info (12134): Parameter "LPM_ADDRESS_CONTROL" = "REGISTERED"
    Info (12134): Parameter "LPM_OUTDATA" = "UNREGISTERED"
    Info (12134): Parameter "LPM_FILE" = "IR_memory.mif"
    Info (12134): Parameter "LPM_TYPE" = "LPM_ROM"
    Info (12134): Parameter "INTENDED_DEVICE_FAMILY" = "UNUSED"
    Info (12134): Parameter "LPM_HINT" = "UNUSED"
Info (12128): Elaborating entity "altrom" for hierarchy "IM_ROM:rom|LPM_ROM:rom_instance|altrom:srom" File: c:/intelfpga_lite/20.1/quartus/libraries/megafunctions/lpm_rom.tdf Line: 55
Info (12131): Elaborated megafunction instantiation "IM_ROM:rom|LPM_ROM:rom_instance|altrom:srom", which is child of megafunction instantiation "IM_ROM:rom|LPM_ROM:rom_instance" File: c:/intelfpga_lite/20.1/quartus/libraries/megafunctions/lpm_rom.tdf Line: 55
Info (12128): Elaborating entity "altsyncram" for hierarchy "IM_ROM:rom|LPM_ROM:rom_instance|altrom:srom|altsyncram:rom_block" File: c:/intelfpga_lite/20.1/quartus/libraries/megafunctions/altrom.tdf Line: 89
Info (12131): Elaborated megafunction instantiation "IM_ROM:rom|LPM_ROM:rom_instance|altrom:srom|altsyncram:rom_block", which is child of megafunction instantiation "IM_ROM:rom|LPM_ROM:rom_instance" File: c:/intelfpga_lite/20.1/quartus/libraries/megafunctions/altrom.tdf Line: 89
Info (12021): Found 1 design units, including 1 entities, in source file db/altsyncram_gk01.tdf
    Info (12023): Found entity 1: altsyncram_gk01 File: C:/Users/hadib/OneDrive/Desktop/lab2CEG3156/db/altsyncram_gk01.tdf Line: 28
Info (12128): Elaborating entity "altsyncram_gk01" for hierarchy "IM_ROM:rom|LPM_ROM:rom_instance|altrom:srom|altsyncram:rom_block|altsyncram_gk01:auto_generated" File: c:/intelfpga_lite/20.1/quartus/libraries/megafunctions/altsyncram.tdf Line: 792
Info (12128): Elaborating entity "adder_8bits" for hierarchy "adder_8bits:adder_pc_offset" File: C:/Users/hadib/OneDrive/Desktop/lab2CEG3156/processor.vhd Line: 340
Info (12128): Elaborating entity "IF_ID" for hierarchy "IF_ID:if_id_register" File: C:/Users/hadib/OneDrive/Desktop/lab2CEG3156/processor.vhd Line: 347
Info (12128): Elaborating entity "Register_32bits" for hierarchy "IF_ID:if_id_register|Register_32bits:pc_offset_val" File: C:/Users/hadib/OneDrive/Desktop/lab2CEG3156/IF_ID.vhd Line: 29
Info (12128): Elaborating entity "Rf_Register_8bits" for hierarchy "IF_ID:if_id_register|Register_32bits:pc_offset_val|Rf_Register_8bits:register_component" File: C:/Users/hadib/OneDrive/Desktop/lab2CEG3156/Register_32bits.vhd Line: 22
Info (12128): Elaborating entity "ShiftLeft_by2_28bits" for hierarchy "ShiftLeft_by2_28bits:ShiftLeft_by2_jump" File: C:/Users/hadib/OneDrive/Desktop/lab2CEG3156/processor.vhd Line: 358
Info (12128): Elaborating entity "mux_2x1_5bits" for hierarchy "mux_2x1_5bits:mux_rt_rd" File: C:/Users/hadib/OneDrive/Desktop/lab2CEG3156/processor.vhd Line: 371
Info (12128): Elaborating entity "signExtend" for hierarchy "signExtend:signExtend_16to32" File: C:/Users/hadib/OneDrive/Desktop/lab2CEG3156/processor.vhd Line: 380
Info (12128): Elaborating entity "ShiftLeft_by2" for hierarchy "ShiftLeft_by2:ShiftLeft_by2_comp" File: C:/Users/hadib/OneDrive/Desktop/lab2CEG3156/processor.vhd Line: 385
Info (12128): Elaborating entity "RegisterFile" for hierarchy "RegisterFile:RegisterFile_comp" File: C:/Users/hadib/OneDrive/Desktop/lab2CEG3156/processor.vhd Line: 414
Info (12128): Elaborating entity "demux_1x32_8bits" for hierarchy "RegisterFile:RegisterFile_comp|demux_1x32_8bits:demux" File: C:/Users/hadib/OneDrive/Desktop/lab2CEG3156/RegisterFile.vhd Line: 55
Info (12128): Elaborating entity "eightBitComparator" for hierarchy "eightBitComparator:branch_comparator" File: C:/Users/hadib/OneDrive/Desktop/lab2CEG3156/processor.vhd Line: 426
Info (12128): Elaborating entity "oneBitComparator" for hierarchy "eightBitComparator:branch_comparator|oneBitComparator:comp31" File: C:/Users/hadib/OneDrive/Desktop/lab2CEG3156/eightBitComparator.vhd Line: 26
Info (12128): Elaborating entity "HazardDetectionUnit" for hierarchy "HazardDetectionUnit:Hazards" File: C:/Users/hadib/OneDrive/Desktop/lab2CEG3156/processor.vhd Line: 437
Info (12128): Elaborating entity "fiveBitComparator" for hierarchy "HazardDetectionUnit:Hazards|fiveBitComparator:fiveBitComp_rsrt" File: C:/Users/hadib/OneDrive/Desktop/lab2CEG3156/HazardDetectionUnit.vhd Line: 24
Info (12128): Elaborating entity "mux_2x1_9bits" for hierarchy "mux_2x1_9bits:mux_control" File: C:/Users/hadib/OneDrive/Desktop/lab2CEG3156/processor.vhd Line: 454
Info (12128): Elaborating entity "ID_EX" for hierarchy "ID_EX:ID_EX_register" File: C:/Users/hadib/OneDrive/Desktop/lab2CEG3156/processor.vhd Line: 461
Info (12128): Elaborating entity "Register_5bits" for hierarchy "ID_EX:ID_EX_register|Register_5bits:rs_reg" File: C:/Users/hadib/OneDrive/Desktop/lab2CEG3156/ID_EX.vhd Line: 71
Info (12128): Elaborating entity "Register_6bits" for hierarchy "ID_EX:ID_EX_register|Register_6bits:func_field" File: C:/Users/hadib/OneDrive/Desktop/lab2CEG3156/ID_EX.vhd Line: 99
Info (12128): Elaborating entity "Register_9bits" for hierarchy "ID_EX:ID_EX_register|Register_9bits:control_signals_reg" File: C:/Users/hadib/OneDrive/Desktop/lab2CEG3156/ID_EX.vhd Line: 106
Info (12128): Elaborating entity "mux_3x1_32bits" for hierarchy "mux_3x1_32bits:mux_rd1_3options" File: C:/Users/hadib/OneDrive/Desktop/lab2CEG3156/processor.vhd Line: 500
Info (12128): Elaborating entity "ALU" for hierarchy "ALU:alu_comp" File: C:/Users/hadib/OneDrive/Desktop/lab2CEG3156/processor.vhd Line: 540
Info (12128): Elaborating entity "mux_5x1" for hierarchy "ALU:alu_comp|mux_5x1:mux" File: C:/Users/hadib/OneDrive/Desktop/lab2CEG3156/ALU.vhd Line: 163
Info (12128): Elaborating entity "EX_MEM" for hierarchy "EX_MEM:exmem" File: C:/Users/hadib/OneDrive/Desktop/lab2CEG3156/processor.vhd Line: 554
Info (12128): Elaborating entity "RAM_async" for hierarchy "RAM_async:ram" File: C:/Users/hadib/OneDrive/Desktop/lab2CEG3156/processor.vhd Line: 580
Info (12128): Elaborating entity "ForwardingUnit" for hierarchy "ForwardingUnit:ForwardingUnit_comp" File: C:/Users/hadib/OneDrive/Desktop/lab2CEG3156/processor.vhd Line: 589
Info (12128): Elaborating entity "MEM_WB" for hierarchy "MEM_WB:MEMWB" File: C:/Users/hadib/OneDrive/Desktop/lab2CEG3156/processor.vhd Line: 610
Info (12128): Elaborating entity "Register_2bits" for hierarchy "MEM_WB:MEMWB|Register_2bits:control_signal" File: C:/Users/hadib/OneDrive/Desktop/lab2CEG3156/MEM_WB.vhd Line: 58
Info (12128): Elaborating entity "LoadUseHazard_Fix" for hierarchy "LoadUseHazard_Fix:LoadUseHazard_FixUnit" File: C:/Users/hadib/OneDrive/Desktop/lab2CEG3156/processor.vhd Line: 639
Info (12128): Elaborating entity "twobitcounter" for hierarchy "LoadUseHazard_Fix:LoadUseHazard_FixUnit|twobitcounter:twobitcnt" File: C:/Users/hadib/OneDrive/Desktop/lab2CEG3156/LoadUseHazard_Fix.vhd Line: 101
Warning (10036): Verilog HDL or VHDL warning at twobitcounter.vhd(14): object "int_eq_1" assigned a value but never read File: C:/Users/hadib/OneDrive/Desktop/lab2CEG3156/twobitcounter.vhd Line: 14
Info (12128): Elaborating entity "twobitcomparator" for hierarchy "LoadUseHazard_Fix:LoadUseHazard_FixUnit|twobitcounter:twobitcnt|twobitcomparator:comparator" File: C:/Users/hadib/OneDrive/Desktop/lab2CEG3156/twobitcounter.vhd Line: 68
Info (12128): Elaborating entity "mux_8x1_32bits" for hierarchy "mux_8x1_32bits:valueSelect_mux" File: C:/Users/hadib/OneDrive/Desktop/lab2CEG3156/processor.vhd Line: 658
Warning (13046): Tri-state node(s) do not directly drive top-level pin(s)
    Warning (13049): Converted tri-state buffer "IM_ROM:rom|lpm_rom:rom_instance|otri[31]" feeding internal logic into a wire File: c:/intelfpga_lite/20.1/quartus/libraries/megafunctions/lpm_rom.tdf Line: 68
    Warning (13049): Converted tri-state buffer "IM_ROM:rom|lpm_rom:rom_instance|otri[30]" feeding internal logic into a wire File: c:/intelfpga_lite/20.1/quartus/libraries/megafunctions/lpm_rom.tdf Line: 68
    Warning (13049): Converted tri-state buffer "IM_ROM:rom|lpm_rom:rom_instance|otri[29]" feeding internal logic into a wire File: c:/intelfpga_lite/20.1/quartus/libraries/megafunctions/lpm_rom.tdf Line: 68
    Warning (13049): Converted tri-state buffer "IM_ROM:rom|lpm_rom:rom_instance|otri[28]" feeding internal logic into a wire File: c:/intelfpga_lite/20.1/quartus/libraries/megafunctions/lpm_rom.tdf Line: 68
    Warning (13049): Converted tri-state buffer "IM_ROM:rom|lpm_rom:rom_instance|otri[27]" feeding internal logic into a wire File: c:/intelfpga_lite/20.1/quartus/libraries/megafunctions/lpm_rom.tdf Line: 68
    Warning (13049): Converted tri-state buffer "IM_ROM:rom|lpm_rom:rom_instance|otri[26]" feeding internal logic into a wire File: c:/intelfpga_lite/20.1/quartus/libraries/megafunctions/lpm_rom.tdf Line: 68
    Warning (13049): Converted tri-state buffer "IM_ROM:rom|lpm_rom:rom_instance|otri[25]" feeding internal logic into a wire File: c:/intelfpga_lite/20.1/quartus/libraries/megafunctions/lpm_rom.tdf Line: 68
    Warning (13049): Converted tri-state buffer "IM_ROM:rom|lpm_rom:rom_instance|otri[24]" feeding internal logic into a wire File: c:/intelfpga_lite/20.1/quartus/libraries/megafunctions/lpm_rom.tdf Line: 68
    Warning (13049): Converted tri-state buffer "IM_ROM:rom|lpm_rom:rom_instance|otri[23]" feeding internal logic into a wire File: c:/intelfpga_lite/20.1/quartus/libraries/megafunctions/lpm_rom.tdf Line: 68
    Warning (13049): Converted tri-state buffer "IM_ROM:rom|lpm_rom:rom_instance|otri[22]" feeding internal logic into a wire File: c:/intelfpga_lite/20.1/quartus/libraries/megafunctions/lpm_rom.tdf Line: 68
    Warning (13049): Converted tri-state buffer "IM_ROM:rom|lpm_rom:rom_instance|otri[21]" feeding internal logic into a wire File: c:/intelfpga_lite/20.1/quartus/libraries/megafunctions/lpm_rom.tdf Line: 68
    Warning (13049): Converted tri-state buffer "IM_ROM:rom|lpm_rom:rom_instance|otri[20]" feeding internal logic into a wire File: c:/intelfpga_lite/20.1/quartus/libraries/megafunctions/lpm_rom.tdf Line: 68
    Warning (13049): Converted tri-state buffer "IM_ROM:rom|lpm_rom:rom_instance|otri[19]" feeding internal logic into a wire File: c:/intelfpga_lite/20.1/quartus/libraries/megafunctions/lpm_rom.tdf Line: 68
    Warning (13049): Converted tri-state buffer "IM_ROM:rom|lpm_rom:rom_instance|otri[18]" feeding internal logic into a wire File: c:/intelfpga_lite/20.1/quartus/libraries/megafunctions/lpm_rom.tdf Line: 68
    Warning (13049): Converted tri-state buffer "IM_ROM:rom|lpm_rom:rom_instance|otri[17]" feeding internal logic into a wire File: c:/intelfpga_lite/20.1/quartus/libraries/megafunctions/lpm_rom.tdf Line: 68
    Warning (13049): Converted tri-state buffer "IM_ROM:rom|lpm_rom:rom_instance|otri[16]" feeding internal logic into a wire File: c:/intelfpga_lite/20.1/quartus/libraries/megafunctions/lpm_rom.tdf Line: 68
    Warning (13049): Converted tri-state buffer "IM_ROM:rom|lpm_rom:rom_instance|otri[15]" feeding internal logic into a wire File: c:/intelfpga_lite/20.1/quartus/libraries/megafunctions/lpm_rom.tdf Line: 68
    Warning (13049): Converted tri-state buffer "IM_ROM:rom|lpm_rom:rom_instance|otri[14]" feeding internal logic into a wire File: c:/intelfpga_lite/20.1/quartus/libraries/megafunctions/lpm_rom.tdf Line: 68
    Warning (13049): Converted tri-state buffer "IM_ROM:rom|lpm_rom:rom_instance|otri[13]" feeding internal logic into a wire File: c:/intelfpga_lite/20.1/quartus/libraries/megafunctions/lpm_rom.tdf Line: 68
    Warning (13049): Converted tri-state buffer "IM_ROM:rom|lpm_rom:rom_instance|otri[12]" feeding internal logic into a wire File: c:/intelfpga_lite/20.1/quartus/libraries/megafunctions/lpm_rom.tdf Line: 68
    Warning (13049): Converted tri-state buffer "IM_ROM:rom|lpm_rom:rom_instance|otri[11]" feeding internal logic into a wire File: c:/intelfpga_lite/20.1/quartus/libraries/megafunctions/lpm_rom.tdf Line: 68
    Warning (13049): Converted tri-state buffer "IM_ROM:rom|lpm_rom:rom_instance|otri[10]" feeding internal logic into a wire File: c:/intelfpga_lite/20.1/quartus/libraries/megafunctions/lpm_rom.tdf Line: 68
    Warning (13049): Converted tri-state buffer "IM_ROM:rom|lpm_rom:rom_instance|otri[9]" feeding internal logic into a wire File: c:/intelfpga_lite/20.1/quartus/libraries/megafunctions/lpm_rom.tdf Line: 68
    Warning (13049): Converted tri-state buffer "IM_ROM:rom|lpm_rom:rom_instance|otri[8]" feeding internal logic into a wire File: c:/intelfpga_lite/20.1/quartus/libraries/megafunctions/lpm_rom.tdf Line: 68
    Warning (13049): Converted tri-state buffer "IM_ROM:rom|lpm_rom:rom_instance|otri[7]" feeding internal logic into a wire File: c:/intelfpga_lite/20.1/quartus/libraries/megafunctions/lpm_rom.tdf Line: 68
    Warning (13049): Converted tri-state buffer "IM_ROM:rom|lpm_rom:rom_instance|otri[6]" feeding internal logic into a wire File: c:/intelfpga_lite/20.1/quartus/libraries/megafunctions/lpm_rom.tdf Line: 68
    Warning (13049): Converted tri-state buffer "IM_ROM:rom|lpm_rom:rom_instance|otri[5]" feeding internal logic into a wire File: c:/intelfpga_lite/20.1/quartus/libraries/megafunctions/lpm_rom.tdf Line: 68
    Warning (13049): Converted tri-state buffer "IM_ROM:rom|lpm_rom:rom_instance|otri[4]" feeding internal logic into a wire File: c:/intelfpga_lite/20.1/quartus/libraries/megafunctions/lpm_rom.tdf Line: 68
    Warning (13049): Converted tri-state buffer "IM_ROM:rom|lpm_rom:rom_instance|otri[3]" feeding internal logic into a wire File: c:/intelfpga_lite/20.1/quartus/libraries/megafunctions/lpm_rom.tdf Line: 68
    Warning (13049): Converted tri-state buffer "IM_ROM:rom|lpm_rom:rom_instance|otri[2]" feeding internal logic into a wire File: c:/intelfpga_lite/20.1/quartus/libraries/megafunctions/lpm_rom.tdf Line: 68
    Warning (13049): Converted tri-state buffer "IM_ROM:rom|lpm_rom:rom_instance|otri[1]" feeding internal logic into a wire File: c:/intelfpga_lite/20.1/quartus/libraries/megafunctions/lpm_rom.tdf Line: 68
    Warning (13049): Converted tri-state buffer "IM_ROM:rom|lpm_rom:rom_instance|otri[0]" feeding internal logic into a wire File: c:/intelfpga_lite/20.1/quartus/libraries/megafunctions/lpm_rom.tdf Line: 68
Info (286030): Timing-Driven Synthesis is running
Info (16010): Generating hard_block partition "hard_block:auto_generated_inst"
    Info (16011): Adding 0 node(s), including 0 DDIO, 0 PLL, 0 transceiver and 0 LCELL
Info (21057): Implemented 2531 device resources after synthesis - the final resource count might be different
    Info (21058): Implemented 8 input pins
    Info (21059): Implemented 68 output pins
    Info (21061): Implemented 2423 logic cells
    Info (21064): Implemented 32 RAM segments
Info: Quartus Prime Analysis & Synthesis was successful. 0 errors, 37 warnings
    Info: Peak virtual memory: 4897 megabytes
    Info: Processing ended: Tue Sep 01 10:02:42 2026
    Info: Elapsed time: 00:00:29
    Info: Total CPU time (on all processors): 00:00:55


