Timing Analyzer report for SingleCycleProcessor
Tue Sep 01 10:04:02 2026
Quartus Prime Version 20.1.1 Build 720 11/11/2020 SJ Lite Edition


---------------------
; Table of Contents ;
---------------------
  1. Legal Notice
  2. Timing Analyzer Summary
  3. Parallel Compilation
  4. Clocks
  5. Slow 1200mV 85C Model Fmax Summary
  6. Timing Closure Recommendations
  7. Slow 1200mV 85C Model Setup Summary
  8. Slow 1200mV 85C Model Hold Summary
  9. Slow 1200mV 85C Model Recovery Summary
 10. Slow 1200mV 85C Model Removal Summary
 11. Slow 1200mV 85C Model Minimum Pulse Width Summary
 12. Slow 1200mV 85C Model Setup: 'gclock'
 13. Slow 1200mV 85C Model Hold: 'gclock'
 14. Slow 1200mV 85C Model Metastability Summary
 15. Slow 1200mV 0C Model Fmax Summary
 16. Slow 1200mV 0C Model Setup Summary
 17. Slow 1200mV 0C Model Hold Summary
 18. Slow 1200mV 0C Model Recovery Summary
 19. Slow 1200mV 0C Model Removal Summary
 20. Slow 1200mV 0C Model Minimum Pulse Width Summary
 21. Slow 1200mV 0C Model Setup: 'gclock'
 22. Slow 1200mV 0C Model Hold: 'gclock'
 23. Slow 1200mV 0C Model Metastability Summary
 24. Fast 1200mV 0C Model Setup Summary
 25. Fast 1200mV 0C Model Hold Summary
 26. Fast 1200mV 0C Model Recovery Summary
 27. Fast 1200mV 0C Model Removal Summary
 28. Fast 1200mV 0C Model Minimum Pulse Width Summary
 29. Fast 1200mV 0C Model Setup: 'gclock'
 30. Fast 1200mV 0C Model Hold: 'gclock'
 31. Fast 1200mV 0C Model Metastability Summary
 32. Multicorner Timing Analysis Summary
 33. Board Trace Model Assignments
 34. Input Transition Times
 35. Signal Integrity Metrics (Slow 1200mv 0c Model)
 36. Signal Integrity Metrics (Slow 1200mv 85c Model)
 37. Signal Integrity Metrics (Fast 1200mv 0c Model)
 38. Setup Transfers
 39. Hold Transfers
 40. Report TCCS
 41. Report RSKM
 42. Unconstrained Paths Summary
 43. Clock Status Summary
 44. Unconstrained Input Ports
 45. Unconstrained Output Ports
 46. Unconstrained Input Ports
 47. Unconstrained Output Ports
 48. Timing Analyzer Messages



----------------
; Legal Notice ;
----------------
Copyright (C) 2020  Intel Corporation. All rights reserved.
Your use of Intel Corporation's design tools, logic functions 
and other software and tools, and any partner logic 
functions, and any output files from any of the foregoing 
(including device programming or simulation files), and any 
associated documentation or information are expressly subject 
to the terms and conditions of the Intel Program License 
Subscription Agreement, the Intel Quartus Prime License Agreement,
the Intel FPGA IP License Agreement, or other applicable license
agreement, including, without limitation, that your use is for
the sole purpose of programming logic devices manufactured by
Intel and sold by Intel or its authorized distributors.  Please
refer to the applicable agreement for further details, at
https://fpgasoftware.intel.com/eula.



+-----------------------------------------------------------------------------+
; Timing Analyzer Summary                                                     ;
+-----------------------+-----------------------------------------------------+
; Quartus Prime Version ; Version 20.1.1 Build 720 11/11/2020 SJ Lite Edition ;
; Timing Analyzer       ; Legacy Timing Analyzer                              ;
; Revision Name         ; SingleCycleProcessor                                ;
; Device Family         ; Cyclone IV E                                        ;
; Device Name           ; EP4CE115F29C7                                       ;
; Timing Models         ; Final                                               ;
; Delay Model           ; Combined                                            ;
; Rise/Fall Delays      ; Enabled                                             ;
+-----------------------+-----------------------------------------------------+


+------------------------------------------+
; Parallel Compilation                     ;
+----------------------------+-------------+
; Processors                 ; Number      ;
+----------------------------+-------------+
; Number detected on machine ; 16          ;
; Maximum allowed            ; 16          ;
;                            ;             ;
; Average used               ; 1.40        ;
; Maximum used               ; 16          ;
;                            ;             ;
; Usage by Processor         ; % Time Used ;
;     Processor 1            ; 100.0%      ;
;     Processor 2            ;   6.7%      ;
;     Processors 3-16        ;   2.4%      ;
+----------------------------+-------------+


+------------------------------------------------------------------------------------------------------------------------------------------------------------------------------------+
; Clocks                                                                                                                                                                             ;
+------------+------+--------+------------+-------+-------+------------+-----------+-------------+-------+--------+-----------+------------+----------+--------+--------+------------+
; Clock Name ; Type ; Period ; Frequency  ; Rise  ; Fall  ; Duty Cycle ; Divide by ; Multiply by ; Phase ; Offset ; Edge List ; Edge Shift ; Inverted ; Master ; Source ; Targets    ;
+------------+------+--------+------------+-------+-------+------------+-----------+-------------+-------+--------+-----------+------------+----------+--------+--------+------------+
; gclock     ; Base ; 1.000  ; 1000.0 MHz ; 0.000 ; 0.500 ;            ;           ;             ;       ;        ;           ;            ;          ;        ;        ; { gclock } ;
+------------+------+--------+------------+-------+-------+------------+-----------+-------------+-------+--------+-----------+------------+----------+--------+--------+------------+


+-------------------------------------------------+
; Slow 1200mV 85C Model Fmax Summary              ;
+-----------+-----------------+------------+------+
; Fmax      ; Restricted Fmax ; Clock Name ; Note ;
+-----------+-----------------+------------+------+
; 44.03 MHz ; 44.03 MHz       ; gclock     ;      ;
+-----------+-----------------+------------+------+
This panel reports FMAX for every clock in the design, regardless of the user-specified clock periods.  FMAX is only computed for paths where the source and destination registers or ports are driven by the same clock.  Paths of different clocks, including generated clocks, are ignored.  For paths between a clock and its inversion, FMAX is computed as if the rising and falling edges are scaled along with FMAX, such that the duty cycle (in terms of a percentage) is maintained. Altera recommends that you always use clock constraints and other slack reports for sign-off analysis.


----------------------------------
; Timing Closure Recommendations ;
----------------------------------
HTML report is unavailable in plain text report export.


+-------------------------------------+
; Slow 1200mV 85C Model Setup Summary ;
+--------+---------+------------------+
; Clock  ; Slack   ; End Point TNS    ;
+--------+---------+------------------+
; gclock ; -21.712 ; -4849.822        ;
+--------+---------+------------------+


+------------------------------------+
; Slow 1200mV 85C Model Hold Summary ;
+--------+-------+-------------------+
; Clock  ; Slack ; End Point TNS     ;
+--------+-------+-------------------+
; gclock ; 0.383 ; 0.000             ;
+--------+-------+-------------------+


------------------------------------------
; Slow 1200mV 85C Model Recovery Summary ;
------------------------------------------
No paths to report.


-----------------------------------------
; Slow 1200mV 85C Model Removal Summary ;
-----------------------------------------
No paths to report.


+---------------------------------------------------+
; Slow 1200mV 85C Model Minimum Pulse Width Summary ;
+--------+--------+---------------------------------+
; Clock  ; Slack  ; End Point TNS                   ;
+--------+--------+---------------------------------+
; gclock ; -3.000 ; -1070.958                       ;
+--------+--------+---------------------------------+


+--------------------------------------------------------------------------------------------------------------------------------------------------------------------------------------------------------------------------------------------------------------------------------------------------+
; Slow 1200mV 85C Model Setup: 'gclock'                                                                                                                                                                                                                                                            ;
+---------+---------------------------------------------------------------------------------------------------------------+--------------------------------------------------------------------------------------------------+--------------+-------------+--------------+------------+------------+
; Slack   ; From Node                                                                                                     ; To Node                                                                                          ; Launch Clock ; Latch Clock ; Relationship ; Clock Skew ; Data Delay ;
+---------+---------------------------------------------------------------------------------------------------------------+--------------------------------------------------------------------------------------------------+--------------+-------------+--------------+------------+------------+
; -21.712 ; EX_MEM:exmem|Register_32bits:ram_address|Rf_Register_8bits:register_component|enARdFF_2:b7|int_q              ; EX_MEM:exmem|Register_32bits:alu_output|Rf_Register_8bits:register_component|enARdFF_2:b4|int_q  ; gclock       ; gclock      ; 1.000        ; 0.368      ; 23.078     ;
; -21.699 ; EX_MEM:exmem|Register_32bits:ram_address|Rf_Register_8bits:register_component|enARdFF_2:b7|int_q              ; EX_MEM:exmem|Register_32bits:alu_output|Rf_Register_8bits:register_component|enARdFF_2:b16|int_q ; gclock       ; gclock      ; 1.000        ; 0.369      ; 23.066     ;
; -21.694 ; EX_MEM:exmem|Register_5bits:rd|enARdFF_2:b0|int_q                                                             ; EX_MEM:exmem|Register_32bits:alu_output|Rf_Register_8bits:register_component|enARdFF_2:b4|int_q  ; gclock       ; gclock      ; 1.000        ; 0.362      ; 23.054     ;
; -21.682 ; MEM_WB:MEMWB|Register_5bits:rd|enARdFF_2:b1|int_q                                                             ; EX_MEM:exmem|Register_32bits:alu_output|Rf_Register_8bits:register_component|enARdFF_2:b4|int_q  ; gclock       ; gclock      ; 1.000        ; 0.363      ; 23.043     ;
; -21.682 ; EX_MEM:exmem|Register_5bits:rd|enARdFF_2:b2|int_q                                                             ; EX_MEM:exmem|Register_32bits:alu_output|Rf_Register_8bits:register_component|enARdFF_2:b4|int_q  ; gclock       ; gclock      ; 1.000        ; 0.362      ; 23.042     ;
; -21.681 ; EX_MEM:exmem|Register_5bits:rd|enARdFF_2:b0|int_q                                                             ; EX_MEM:exmem|Register_32bits:alu_output|Rf_Register_8bits:register_component|enARdFF_2:b16|int_q ; gclock       ; gclock      ; 1.000        ; 0.363      ; 23.042     ;
; -21.669 ; EX_MEM:exmem|Register_32bits:ram_address|Rf_Register_8bits:register_component|enARdFF_2:b1|int_q              ; EX_MEM:exmem|Register_32bits:alu_output|Rf_Register_8bits:register_component|enARdFF_2:b4|int_q  ; gclock       ; gclock      ; 1.000        ; 0.368      ; 23.035     ;
; -21.669 ; MEM_WB:MEMWB|Register_5bits:rd|enARdFF_2:b1|int_q                                                             ; EX_MEM:exmem|Register_32bits:alu_output|Rf_Register_8bits:register_component|enARdFF_2:b16|int_q ; gclock       ; gclock      ; 1.000        ; 0.364      ; 23.031     ;
; -21.669 ; EX_MEM:exmem|Register_5bits:rd|enARdFF_2:b2|int_q                                                             ; EX_MEM:exmem|Register_32bits:alu_output|Rf_Register_8bits:register_component|enARdFF_2:b16|int_q ; gclock       ; gclock      ; 1.000        ; 0.363      ; 23.030     ;
; -21.659 ; EX_MEM:exmem|Register_5bits:rd|enARdFF_2:b3|int_q                                                             ; EX_MEM:exmem|Register_32bits:alu_output|Rf_Register_8bits:register_component|enARdFF_2:b4|int_q  ; gclock       ; gclock      ; 1.000        ; 0.362      ; 23.019     ;
; -21.656 ; EX_MEM:exmem|Register_32bits:ram_address|Rf_Register_8bits:register_component|enARdFF_2:b1|int_q              ; EX_MEM:exmem|Register_32bits:alu_output|Rf_Register_8bits:register_component|enARdFF_2:b16|int_q ; gclock       ; gclock      ; 1.000        ; 0.369      ; 23.023     ;
; -21.646 ; EX_MEM:exmem|Register_5bits:rd|enARdFF_2:b3|int_q                                                             ; EX_MEM:exmem|Register_32bits:alu_output|Rf_Register_8bits:register_component|enARdFF_2:b16|int_q ; gclock       ; gclock      ; 1.000        ; 0.363      ; 23.007     ;
; -21.639 ; EX_MEM:exmem|Register_32bits:ram_address|Rf_Register_8bits:register_component|enARdFF_2:b3|int_q              ; EX_MEM:exmem|Register_32bits:alu_output|Rf_Register_8bits:register_component|enARdFF_2:b4|int_q  ; gclock       ; gclock      ; 1.000        ; 0.368      ; 23.005     ;
; -21.626 ; EX_MEM:exmem|Register_32bits:ram_address|Rf_Register_8bits:register_component|enARdFF_2:b3|int_q              ; EX_MEM:exmem|Register_32bits:alu_output|Rf_Register_8bits:register_component|enARdFF_2:b16|int_q ; gclock       ; gclock      ; 1.000        ; 0.369      ; 22.993     ;
; -21.621 ; EX_MEM:exmem|Register_32bits:ram_address|Rf_Register_8bits:register_component|enARdFF_2:b7|int_q              ; EX_MEM:exmem|Register_32bits:alu_output|Rf_Register_8bits:register_component|enARdFF_2:b24|int_q ; gclock       ; gclock      ; 1.000        ; 0.371      ; 22.990     ;
; -21.621 ; EX_MEM:exmem|Register_32bits:ram_address|Rf_Register_8bits:register_component|enARdFF_2:b7|int_q              ; EX_MEM:exmem|Register_32bits:alu_output|Rf_Register_8bits:register_component|enARdFF_2:b25|int_q ; gclock       ; gclock      ; 1.000        ; 0.371      ; 22.990     ;
; -21.605 ; EX_MEM:exmem|Register_32bits:ram_address|Rf_Register_8bits:register_component|enARdFF_2:b7|int_q              ; EX_MEM:exmem|Register_32bits:alu_output|Rf_Register_8bits:register_component|enARdFF_2:b22|int_q ; gclock       ; gclock      ; 1.000        ; 0.342      ; 22.945     ;
; -21.603 ; EX_MEM:exmem|Register_5bits:rd|enARdFF_2:b0|int_q                                                             ; EX_MEM:exmem|Register_32bits:alu_output|Rf_Register_8bits:register_component|enARdFF_2:b24|int_q ; gclock       ; gclock      ; 1.000        ; 0.365      ; 22.966     ;
; -21.603 ; EX_MEM:exmem|Register_5bits:rd|enARdFF_2:b0|int_q                                                             ; EX_MEM:exmem|Register_32bits:alu_output|Rf_Register_8bits:register_component|enARdFF_2:b25|int_q ; gclock       ; gclock      ; 1.000        ; 0.365      ; 22.966     ;
; -21.591 ; MEM_WB:MEMWB|Register_5bits:rd|enARdFF_2:b1|int_q                                                             ; EX_MEM:exmem|Register_32bits:alu_output|Rf_Register_8bits:register_component|enARdFF_2:b24|int_q ; gclock       ; gclock      ; 1.000        ; 0.366      ; 22.955     ;
; -21.591 ; MEM_WB:MEMWB|Register_5bits:rd|enARdFF_2:b1|int_q                                                             ; EX_MEM:exmem|Register_32bits:alu_output|Rf_Register_8bits:register_component|enARdFF_2:b25|int_q ; gclock       ; gclock      ; 1.000        ; 0.366      ; 22.955     ;
; -21.591 ; EX_MEM:exmem|Register_5bits:rd|enARdFF_2:b2|int_q                                                             ; EX_MEM:exmem|Register_32bits:alu_output|Rf_Register_8bits:register_component|enARdFF_2:b24|int_q ; gclock       ; gclock      ; 1.000        ; 0.365      ; 22.954     ;
; -21.591 ; EX_MEM:exmem|Register_5bits:rd|enARdFF_2:b2|int_q                                                             ; EX_MEM:exmem|Register_32bits:alu_output|Rf_Register_8bits:register_component|enARdFF_2:b25|int_q ; gclock       ; gclock      ; 1.000        ; 0.365      ; 22.954     ;
; -21.587 ; EX_MEM:exmem|Register_5bits:rd|enARdFF_2:b0|int_q                                                             ; EX_MEM:exmem|Register_32bits:alu_output|Rf_Register_8bits:register_component|enARdFF_2:b22|int_q ; gclock       ; gclock      ; 1.000        ; 0.336      ; 22.921     ;
; -21.578 ; EX_MEM:exmem|Register_32bits:ram_address|Rf_Register_8bits:register_component|enARdFF_2:b1|int_q              ; EX_MEM:exmem|Register_32bits:alu_output|Rf_Register_8bits:register_component|enARdFF_2:b24|int_q ; gclock       ; gclock      ; 1.000        ; 0.371      ; 22.947     ;
; -21.578 ; EX_MEM:exmem|Register_32bits:ram_address|Rf_Register_8bits:register_component|enARdFF_2:b1|int_q              ; EX_MEM:exmem|Register_32bits:alu_output|Rf_Register_8bits:register_component|enARdFF_2:b25|int_q ; gclock       ; gclock      ; 1.000        ; 0.371      ; 22.947     ;
; -21.575 ; MEM_WB:MEMWB|Register_5bits:rd|enARdFF_2:b1|int_q                                                             ; EX_MEM:exmem|Register_32bits:alu_output|Rf_Register_8bits:register_component|enARdFF_2:b22|int_q ; gclock       ; gclock      ; 1.000        ; 0.337      ; 22.910     ;
; -21.575 ; EX_MEM:exmem|Register_5bits:rd|enARdFF_2:b2|int_q                                                             ; EX_MEM:exmem|Register_32bits:alu_output|Rf_Register_8bits:register_component|enARdFF_2:b22|int_q ; gclock       ; gclock      ; 1.000        ; 0.336      ; 22.909     ;
; -21.571 ; EX_MEM:exmem|Register_32bits:ram_address|Rf_Register_8bits:register_component|enARdFF_2:b7|int_q              ; EX_MEM:exmem|Register_32bits:alu_output|Rf_Register_8bits:register_component|enARdFF_2:b3|int_q  ; gclock       ; gclock      ; 1.000        ; 0.368      ; 22.937     ;
; -21.568 ; EX_MEM:exmem|Register_5bits:rd|enARdFF_2:b3|int_q                                                             ; EX_MEM:exmem|Register_32bits:alu_output|Rf_Register_8bits:register_component|enARdFF_2:b24|int_q ; gclock       ; gclock      ; 1.000        ; 0.365      ; 22.931     ;
; -21.568 ; EX_MEM:exmem|Register_5bits:rd|enARdFF_2:b3|int_q                                                             ; EX_MEM:exmem|Register_32bits:alu_output|Rf_Register_8bits:register_component|enARdFF_2:b25|int_q ; gclock       ; gclock      ; 1.000        ; 0.365      ; 22.931     ;
; -21.562 ; EX_MEM:exmem|Register_32bits:ram_address|Rf_Register_8bits:register_component|enARdFF_2:b1|int_q              ; EX_MEM:exmem|Register_32bits:alu_output|Rf_Register_8bits:register_component|enARdFF_2:b22|int_q ; gclock       ; gclock      ; 1.000        ; 0.342      ; 22.902     ;
; -21.554 ; EX_MEM:exmem|Register_5bits:rd|enARdFF_2:b4|int_q                                                             ; EX_MEM:exmem|Register_32bits:alu_output|Rf_Register_8bits:register_component|enARdFF_2:b4|int_q  ; gclock       ; gclock      ; 1.000        ; 0.363      ; 22.915     ;
; -21.553 ; EX_MEM:exmem|Register_5bits:rd|enARdFF_2:b0|int_q                                                             ; EX_MEM:exmem|Register_32bits:alu_output|Rf_Register_8bits:register_component|enARdFF_2:b3|int_q  ; gclock       ; gclock      ; 1.000        ; 0.362      ; 22.913     ;
; -21.552 ; EX_MEM:exmem|Register_5bits:rd|enARdFF_2:b3|int_q                                                             ; EX_MEM:exmem|Register_32bits:alu_output|Rf_Register_8bits:register_component|enARdFF_2:b22|int_q ; gclock       ; gclock      ; 1.000        ; 0.336      ; 22.886     ;
; -21.550 ; ID_EX:ID_EX_register|Register_32bits:instruction_val|Rf_Register_8bits:register_component|enARdFF_2:b17|int_q ; EX_MEM:exmem|Register_32bits:alu_output|Rf_Register_8bits:register_component|enARdFF_2:b4|int_q  ; gclock       ; gclock      ; 1.000        ; 0.363      ; 22.911     ;
; -21.549 ; EX_MEM:exmem|Register_32bits:ram_address|Rf_Register_8bits:register_component|enARdFF_2:b7|int_q              ; EX_MEM:exmem|Register_32bits:alu_output|Rf_Register_8bits:register_component|enARdFF_2:b20|int_q ; gclock       ; gclock      ; 1.000        ; 0.369      ; 22.916     ;
; -21.548 ; EX_MEM:exmem|Register_32bits:ram_address|Rf_Register_8bits:register_component|enARdFF_2:b3|int_q              ; EX_MEM:exmem|Register_32bits:alu_output|Rf_Register_8bits:register_component|enARdFF_2:b24|int_q ; gclock       ; gclock      ; 1.000        ; 0.371      ; 22.917     ;
; -21.548 ; EX_MEM:exmem|Register_32bits:ram_address|Rf_Register_8bits:register_component|enARdFF_2:b3|int_q              ; EX_MEM:exmem|Register_32bits:alu_output|Rf_Register_8bits:register_component|enARdFF_2:b25|int_q ; gclock       ; gclock      ; 1.000        ; 0.371      ; 22.917     ;
; -21.541 ; EX_MEM:exmem|Register_5bits:rd|enARdFF_2:b4|int_q                                                             ; EX_MEM:exmem|Register_32bits:alu_output|Rf_Register_8bits:register_component|enARdFF_2:b16|int_q ; gclock       ; gclock      ; 1.000        ; 0.364      ; 22.903     ;
; -21.541 ; MEM_WB:MEMWB|Register_5bits:rd|enARdFF_2:b1|int_q                                                             ; EX_MEM:exmem|Register_32bits:alu_output|Rf_Register_8bits:register_component|enARdFF_2:b3|int_q  ; gclock       ; gclock      ; 1.000        ; 0.363      ; 22.902     ;
; -21.541 ; EX_MEM:exmem|Register_5bits:rd|enARdFF_2:b2|int_q                                                             ; EX_MEM:exmem|Register_32bits:alu_output|Rf_Register_8bits:register_component|enARdFF_2:b3|int_q  ; gclock       ; gclock      ; 1.000        ; 0.362      ; 22.901     ;
; -21.539 ; EX_MEM:exmem|Register_5bits:rd|enARdFF_2:b1|int_q                                                             ; EX_MEM:exmem|Register_32bits:alu_output|Rf_Register_8bits:register_component|enARdFF_2:b4|int_q  ; gclock       ; gclock      ; 1.000        ; 0.363      ; 22.900     ;
; -21.537 ; ID_EX:ID_EX_register|Register_32bits:instruction_val|Rf_Register_8bits:register_component|enARdFF_2:b17|int_q ; EX_MEM:exmem|Register_32bits:alu_output|Rf_Register_8bits:register_component|enARdFF_2:b16|int_q ; gclock       ; gclock      ; 1.000        ; 0.364      ; 22.899     ;
; -21.532 ; EX_MEM:exmem|Register_32bits:ram_address|Rf_Register_8bits:register_component|enARdFF_2:b3|int_q              ; EX_MEM:exmem|Register_32bits:alu_output|Rf_Register_8bits:register_component|enARdFF_2:b22|int_q ; gclock       ; gclock      ; 1.000        ; 0.342      ; 22.872     ;
; -21.531 ; EX_MEM:exmem|Register_5bits:rd|enARdFF_2:b0|int_q                                                             ; EX_MEM:exmem|Register_32bits:alu_output|Rf_Register_8bits:register_component|enARdFF_2:b20|int_q ; gclock       ; gclock      ; 1.000        ; 0.363      ; 22.892     ;
; -21.528 ; EX_MEM:exmem|Register_32bits:ram_address|Rf_Register_8bits:register_component|enARdFF_2:b1|int_q              ; EX_MEM:exmem|Register_32bits:alu_output|Rf_Register_8bits:register_component|enARdFF_2:b3|int_q  ; gclock       ; gclock      ; 1.000        ; 0.368      ; 22.894     ;
; -21.527 ; ID_EX:ID_EX_register|Register_32bits:instruction_val|Rf_Register_8bits:register_component|enARdFF_2:b21|int_q ; EX_MEM:exmem|Register_32bits:alu_output|Rf_Register_8bits:register_component|enARdFF_2:b4|int_q  ; gclock       ; gclock      ; 1.000        ; 0.363      ; 22.888     ;
; -21.526 ; EX_MEM:exmem|Register_5bits:rd|enARdFF_2:b1|int_q                                                             ; EX_MEM:exmem|Register_32bits:alu_output|Rf_Register_8bits:register_component|enARdFF_2:b16|int_q ; gclock       ; gclock      ; 1.000        ; 0.364      ; 22.888     ;
; -21.519 ; MEM_WB:MEMWB|Register_5bits:rd|enARdFF_2:b1|int_q                                                             ; EX_MEM:exmem|Register_32bits:alu_output|Rf_Register_8bits:register_component|enARdFF_2:b20|int_q ; gclock       ; gclock      ; 1.000        ; 0.364      ; 22.881     ;
; -21.519 ; EX_MEM:exmem|Register_5bits:rd|enARdFF_2:b2|int_q                                                             ; EX_MEM:exmem|Register_32bits:alu_output|Rf_Register_8bits:register_component|enARdFF_2:b20|int_q ; gclock       ; gclock      ; 1.000        ; 0.363      ; 22.880     ;
; -21.518 ; EX_MEM:exmem|Register_5bits:rd|enARdFF_2:b3|int_q                                                             ; EX_MEM:exmem|Register_32bits:alu_output|Rf_Register_8bits:register_component|enARdFF_2:b3|int_q  ; gclock       ; gclock      ; 1.000        ; 0.362      ; 22.878     ;
; -21.517 ; EX_MEM:exmem|Register_32bits:ram_address|Rf_Register_8bits:register_component|enARdFF_2:b0|int_q              ; EX_MEM:exmem|Register_32bits:alu_output|Rf_Register_8bits:register_component|enARdFF_2:b4|int_q  ; gclock       ; gclock      ; 1.000        ; 0.368      ; 22.883     ;
; -21.517 ; EX_MEM:exmem|Register_32bits:ram_address|Rf_Register_8bits:register_component|enARdFF_2:b4|int_q              ; EX_MEM:exmem|Register_32bits:alu_output|Rf_Register_8bits:register_component|enARdFF_2:b4|int_q  ; gclock       ; gclock      ; 1.000        ; 0.368      ; 22.883     ;
; -21.514 ; ID_EX:ID_EX_register|Register_32bits:instruction_val|Rf_Register_8bits:register_component|enARdFF_2:b21|int_q ; EX_MEM:exmem|Register_32bits:alu_output|Rf_Register_8bits:register_component|enARdFF_2:b16|int_q ; gclock       ; gclock      ; 1.000        ; 0.364      ; 22.876     ;
; -21.506 ; EX_MEM:exmem|Register_32bits:ram_address|Rf_Register_8bits:register_component|enARdFF_2:b1|int_q              ; EX_MEM:exmem|Register_32bits:alu_output|Rf_Register_8bits:register_component|enARdFF_2:b20|int_q ; gclock       ; gclock      ; 1.000        ; 0.369      ; 22.873     ;
; -21.504 ; EX_MEM:exmem|Register_32bits:ram_address|Rf_Register_8bits:register_component|enARdFF_2:b0|int_q              ; EX_MEM:exmem|Register_32bits:alu_output|Rf_Register_8bits:register_component|enARdFF_2:b16|int_q ; gclock       ; gclock      ; 1.000        ; 0.369      ; 22.871     ;
; -21.504 ; EX_MEM:exmem|Register_32bits:ram_address|Rf_Register_8bits:register_component|enARdFF_2:b4|int_q              ; EX_MEM:exmem|Register_32bits:alu_output|Rf_Register_8bits:register_component|enARdFF_2:b16|int_q ; gclock       ; gclock      ; 1.000        ; 0.369      ; 22.871     ;
; -21.498 ; EX_MEM:exmem|Register_32bits:ram_address|Rf_Register_8bits:register_component|enARdFF_2:b3|int_q              ; EX_MEM:exmem|Register_32bits:alu_output|Rf_Register_8bits:register_component|enARdFF_2:b3|int_q  ; gclock       ; gclock      ; 1.000        ; 0.368      ; 22.864     ;
; -21.496 ; EX_MEM:exmem|Register_5bits:rd|enARdFF_2:b3|int_q                                                             ; EX_MEM:exmem|Register_32bits:alu_output|Rf_Register_8bits:register_component|enARdFF_2:b20|int_q ; gclock       ; gclock      ; 1.000        ; 0.363      ; 22.857     ;
; -21.492 ; ID_EX:ID_EX_register|Register_32bits:instruction_val|Rf_Register_8bits:register_component|enARdFF_2:b16|int_q ; EX_MEM:exmem|Register_32bits:alu_output|Rf_Register_8bits:register_component|enARdFF_2:b4|int_q  ; gclock       ; gclock      ; 1.000        ; 0.371      ; 22.861     ;
; -21.479 ; ID_EX:ID_EX_register|Register_32bits:instruction_val|Rf_Register_8bits:register_component|enARdFF_2:b16|int_q ; EX_MEM:exmem|Register_32bits:alu_output|Rf_Register_8bits:register_component|enARdFF_2:b16|int_q ; gclock       ; gclock      ; 1.000        ; 0.372      ; 22.849     ;
; -21.476 ; EX_MEM:exmem|Register_32bits:ram_address|Rf_Register_8bits:register_component|enARdFF_2:b3|int_q              ; EX_MEM:exmem|Register_32bits:alu_output|Rf_Register_8bits:register_component|enARdFF_2:b20|int_q ; gclock       ; gclock      ; 1.000        ; 0.369      ; 22.843     ;
; -21.467 ; ID_EX:ID_EX_register|Register_32bits:instruction_val|Rf_Register_8bits:register_component|enARdFF_2:b25|int_q ; EX_MEM:exmem|Register_32bits:alu_output|Rf_Register_8bits:register_component|enARdFF_2:b4|int_q  ; gclock       ; gclock      ; 1.000        ; 0.363      ; 22.828     ;
; -21.463 ; EX_MEM:exmem|Register_5bits:rd|enARdFF_2:b4|int_q                                                             ; EX_MEM:exmem|Register_32bits:alu_output|Rf_Register_8bits:register_component|enARdFF_2:b24|int_q ; gclock       ; gclock      ; 1.000        ; 0.366      ; 22.827     ;
; -21.463 ; EX_MEM:exmem|Register_5bits:rd|enARdFF_2:b4|int_q                                                             ; EX_MEM:exmem|Register_32bits:alu_output|Rf_Register_8bits:register_component|enARdFF_2:b25|int_q ; gclock       ; gclock      ; 1.000        ; 0.366      ; 22.827     ;
; -21.459 ; ID_EX:ID_EX_register|Register_32bits:instruction_val|Rf_Register_8bits:register_component|enARdFF_2:b17|int_q ; EX_MEM:exmem|Register_32bits:alu_output|Rf_Register_8bits:register_component|enARdFF_2:b24|int_q ; gclock       ; gclock      ; 1.000        ; 0.366      ; 22.823     ;
; -21.459 ; ID_EX:ID_EX_register|Register_32bits:instruction_val|Rf_Register_8bits:register_component|enARdFF_2:b17|int_q ; EX_MEM:exmem|Register_32bits:alu_output|Rf_Register_8bits:register_component|enARdFF_2:b25|int_q ; gclock       ; gclock      ; 1.000        ; 0.366      ; 22.823     ;
; -21.455 ; ID_EX:ID_EX_register|Register_32bits:instruction_val|Rf_Register_8bits:register_component|enARdFF_2:b22|int_q ; EX_MEM:exmem|Register_32bits:alu_output|Rf_Register_8bits:register_component|enARdFF_2:b4|int_q  ; gclock       ; gclock      ; 1.000        ; 0.362      ; 22.815     ;
; -21.454 ; ID_EX:ID_EX_register|Register_32bits:instruction_val|Rf_Register_8bits:register_component|enARdFF_2:b25|int_q ; EX_MEM:exmem|Register_32bits:alu_output|Rf_Register_8bits:register_component|enARdFF_2:b16|int_q ; gclock       ; gclock      ; 1.000        ; 0.364      ; 22.816     ;
; -21.453 ; ID_EX:ID_EX_register|Register_32bits:instruction_val|Rf_Register_8bits:register_component|enARdFF_2:b24|int_q ; EX_MEM:exmem|Register_32bits:alu_output|Rf_Register_8bits:register_component|enARdFF_2:b4|int_q  ; gclock       ; gclock      ; 1.000        ; 0.363      ; 22.814     ;
; -21.448 ; EX_MEM:exmem|Register_5bits:rd|enARdFF_2:b1|int_q                                                             ; EX_MEM:exmem|Register_32bits:alu_output|Rf_Register_8bits:register_component|enARdFF_2:b24|int_q ; gclock       ; gclock      ; 1.000        ; 0.366      ; 22.812     ;
; -21.448 ; EX_MEM:exmem|Register_5bits:rd|enARdFF_2:b1|int_q                                                             ; EX_MEM:exmem|Register_32bits:alu_output|Rf_Register_8bits:register_component|enARdFF_2:b25|int_q ; gclock       ; gclock      ; 1.000        ; 0.366      ; 22.812     ;
; -21.447 ; EX_MEM:exmem|Register_5bits:rd|enARdFF_2:b4|int_q                                                             ; EX_MEM:exmem|Register_32bits:alu_output|Rf_Register_8bits:register_component|enARdFF_2:b22|int_q ; gclock       ; gclock      ; 1.000        ; 0.337      ; 22.782     ;
; -21.446 ; EX_MEM:exmem|Register_32bits:ram_address|Rf_Register_8bits:register_component|enARdFF_2:b7|int_q              ; EX_MEM:exmem|Register_32bits:alu_output|Rf_Register_8bits:register_component|enARdFF_2:b2|int_q  ; gclock       ; gclock      ; 1.000        ; 0.342      ; 22.786     ;
; -21.445 ; EX_MEM:exmem|Register_32bits:ram_address|Rf_Register_8bits:register_component|enARdFF_2:b7|int_q              ; EX_MEM:exmem|Register_32bits:alu_output|Rf_Register_8bits:register_component|enARdFF_2:b13|int_q ; gclock       ; gclock      ; 1.000        ; 0.342      ; 22.785     ;
; -21.443 ; ID_EX:ID_EX_register|Register_32bits:instruction_val|Rf_Register_8bits:register_component|enARdFF_2:b17|int_q ; EX_MEM:exmem|Register_32bits:alu_output|Rf_Register_8bits:register_component|enARdFF_2:b22|int_q ; gclock       ; gclock      ; 1.000        ; 0.337      ; 22.778     ;
; -21.442 ; ID_EX:ID_EX_register|Register_32bits:instruction_val|Rf_Register_8bits:register_component|enARdFF_2:b22|int_q ; EX_MEM:exmem|Register_32bits:alu_output|Rf_Register_8bits:register_component|enARdFF_2:b16|int_q ; gclock       ; gclock      ; 1.000        ; 0.363      ; 22.803     ;
; -21.440 ; ID_EX:ID_EX_register|Register_32bits:instruction_val|Rf_Register_8bits:register_component|enARdFF_2:b24|int_q ; EX_MEM:exmem|Register_32bits:alu_output|Rf_Register_8bits:register_component|enARdFF_2:b16|int_q ; gclock       ; gclock      ; 1.000        ; 0.364      ; 22.802     ;
; -21.436 ; MEM_WB:MEMWB|Register_5bits:rd|enARdFF_2:b2|int_q                                                             ; EX_MEM:exmem|Register_32bits:alu_output|Rf_Register_8bits:register_component|enARdFF_2:b4|int_q  ; gclock       ; gclock      ; 1.000        ; 0.363      ; 22.797     ;
; -21.436 ; ID_EX:ID_EX_register|Register_32bits:instruction_val|Rf_Register_8bits:register_component|enARdFF_2:b21|int_q ; EX_MEM:exmem|Register_32bits:alu_output|Rf_Register_8bits:register_component|enARdFF_2:b24|int_q ; gclock       ; gclock      ; 1.000        ; 0.366      ; 22.800     ;
; -21.436 ; ID_EX:ID_EX_register|Register_32bits:instruction_val|Rf_Register_8bits:register_component|enARdFF_2:b21|int_q ; EX_MEM:exmem|Register_32bits:alu_output|Rf_Register_8bits:register_component|enARdFF_2:b25|int_q ; gclock       ; gclock      ; 1.000        ; 0.366      ; 22.800     ;
; -21.432 ; EX_MEM:exmem|Register_5bits:rd|enARdFF_2:b1|int_q                                                             ; EX_MEM:exmem|Register_32bits:alu_output|Rf_Register_8bits:register_component|enARdFF_2:b22|int_q ; gclock       ; gclock      ; 1.000        ; 0.337      ; 22.767     ;
; -21.428 ; EX_MEM:exmem|Register_5bits:rd|enARdFF_2:b0|int_q                                                             ; EX_MEM:exmem|Register_32bits:alu_output|Rf_Register_8bits:register_component|enARdFF_2:b2|int_q  ; gclock       ; gclock      ; 1.000        ; 0.336      ; 22.762     ;
; -21.427 ; EX_MEM:exmem|Register_5bits:rd|enARdFF_2:b0|int_q                                                             ; EX_MEM:exmem|Register_32bits:alu_output|Rf_Register_8bits:register_component|enARdFF_2:b13|int_q ; gclock       ; gclock      ; 1.000        ; 0.336      ; 22.761     ;
; -21.426 ; EX_MEM:exmem|Register_32bits:ram_address|Rf_Register_8bits:register_component|enARdFF_2:b0|int_q              ; EX_MEM:exmem|Register_32bits:alu_output|Rf_Register_8bits:register_component|enARdFF_2:b24|int_q ; gclock       ; gclock      ; 1.000        ; 0.371      ; 22.795     ;
; -21.426 ; EX_MEM:exmem|Register_32bits:ram_address|Rf_Register_8bits:register_component|enARdFF_2:b0|int_q              ; EX_MEM:exmem|Register_32bits:alu_output|Rf_Register_8bits:register_component|enARdFF_2:b25|int_q ; gclock       ; gclock      ; 1.000        ; 0.371      ; 22.795     ;
; -21.426 ; EX_MEM:exmem|Register_32bits:ram_address|Rf_Register_8bits:register_component|enARdFF_2:b4|int_q              ; EX_MEM:exmem|Register_32bits:alu_output|Rf_Register_8bits:register_component|enARdFF_2:b24|int_q ; gclock       ; gclock      ; 1.000        ; 0.371      ; 22.795     ;
; -21.426 ; EX_MEM:exmem|Register_32bits:ram_address|Rf_Register_8bits:register_component|enARdFF_2:b4|int_q              ; EX_MEM:exmem|Register_32bits:alu_output|Rf_Register_8bits:register_component|enARdFF_2:b25|int_q ; gclock       ; gclock      ; 1.000        ; 0.371      ; 22.795     ;
; -21.423 ; MEM_WB:MEMWB|Register_5bits:rd|enARdFF_2:b2|int_q                                                             ; EX_MEM:exmem|Register_32bits:alu_output|Rf_Register_8bits:register_component|enARdFF_2:b16|int_q ; gclock       ; gclock      ; 1.000        ; 0.364      ; 22.785     ;
; -21.420 ; ID_EX:ID_EX_register|Register_32bits:instruction_val|Rf_Register_8bits:register_component|enARdFF_2:b21|int_q ; EX_MEM:exmem|Register_32bits:alu_output|Rf_Register_8bits:register_component|enARdFF_2:b22|int_q ; gclock       ; gclock      ; 1.000        ; 0.337      ; 22.755     ;
; -21.419 ; EX_MEM:exmem|Register_32bits:ram_address|Rf_Register_8bits:register_component|enARdFF_2:b5|int_q              ; EX_MEM:exmem|Register_32bits:alu_output|Rf_Register_8bits:register_component|enARdFF_2:b4|int_q  ; gclock       ; gclock      ; 1.000        ; 0.368      ; 22.785     ;
; -21.416 ; MEM_WB:MEMWB|Register_5bits:rd|enARdFF_2:b1|int_q                                                             ; EX_MEM:exmem|Register_32bits:alu_output|Rf_Register_8bits:register_component|enARdFF_2:b2|int_q  ; gclock       ; gclock      ; 1.000        ; 0.337      ; 22.751     ;
; -21.416 ; EX_MEM:exmem|Register_5bits:rd|enARdFF_2:b2|int_q                                                             ; EX_MEM:exmem|Register_32bits:alu_output|Rf_Register_8bits:register_component|enARdFF_2:b2|int_q  ; gclock       ; gclock      ; 1.000        ; 0.336      ; 22.750     ;
; -21.415 ; MEM_WB:MEMWB|Register_5bits:rd|enARdFF_2:b1|int_q                                                             ; EX_MEM:exmem|Register_32bits:alu_output|Rf_Register_8bits:register_component|enARdFF_2:b13|int_q ; gclock       ; gclock      ; 1.000        ; 0.337      ; 22.750     ;
; -21.415 ; EX_MEM:exmem|Register_5bits:rd|enARdFF_2:b2|int_q                                                             ; EX_MEM:exmem|Register_32bits:alu_output|Rf_Register_8bits:register_component|enARdFF_2:b13|int_q ; gclock       ; gclock      ; 1.000        ; 0.336      ; 22.749     ;
; -21.413 ; EX_MEM:exmem|Register_5bits:rd|enARdFF_2:b4|int_q                                                             ; EX_MEM:exmem|Register_32bits:alu_output|Rf_Register_8bits:register_component|enARdFF_2:b3|int_q  ; gclock       ; gclock      ; 1.000        ; 0.363      ; 22.774     ;
; -21.410 ; EX_MEM:exmem|Register_32bits:ram_address|Rf_Register_8bits:register_component|enARdFF_2:b0|int_q              ; EX_MEM:exmem|Register_32bits:alu_output|Rf_Register_8bits:register_component|enARdFF_2:b22|int_q ; gclock       ; gclock      ; 1.000        ; 0.342      ; 22.750     ;
; -21.410 ; EX_MEM:exmem|Register_32bits:ram_address|Rf_Register_8bits:register_component|enARdFF_2:b4|int_q              ; EX_MEM:exmem|Register_32bits:alu_output|Rf_Register_8bits:register_component|enARdFF_2:b22|int_q ; gclock       ; gclock      ; 1.000        ; 0.342      ; 22.750     ;
; -21.409 ; ID_EX:ID_EX_register|Register_32bits:instruction_val|Rf_Register_8bits:register_component|enARdFF_2:b17|int_q ; EX_MEM:exmem|Register_32bits:alu_output|Rf_Register_8bits:register_component|enARdFF_2:b3|int_q  ; gclock       ; gclock      ; 1.000        ; 0.363      ; 22.770     ;
+---------+---------------------------------------------------------------------------------------------------------------+--------------------------------------------------------------------------------------------------+--------------+-------------+--------------+------------+------------+


+-------------------------------------------------------------------------------------------------------------------------------------------------------------------------------------------------------------------------------------------------------------------------------------------------------------------------------------------------------+
; Slow 1200mV 85C Model Hold: 'gclock'                                                                                                                                                                                                                                                                                                                  ;
+-------+------------------------------------------------------------------------------------------------------------------------------------+------------------------------------------------------------------------------------------------------------------------------------+--------------+-------------+--------------+------------+------------+
; Slack ; From Node                                                                                                                          ; To Node                                                                                                                            ; Launch Clock ; Latch Clock ; Relationship ; Clock Skew ; Data Delay ;
+-------+------------------------------------------------------------------------------------------------------------------------------------+------------------------------------------------------------------------------------------------------------------------------------+--------------+-------------+--------------+------------+------------+
; 0.383 ; LoadUseHazard_Fix:LoadUseHazard_FixUnit|Register_32bits:Register_operand2|Rf_Register_8bits:register_component|enARdFF_2:b23|int_q ; LoadUseHazard_Fix:LoadUseHazard_FixUnit|Register_32bits:Register_operand2|Rf_Register_8bits:register_component|enARdFF_2:b23|int_q ; gclock       ; gclock      ; 0.000        ; 0.100      ; 0.669      ;
; 0.383 ; LoadUseHazard_Fix:LoadUseHazard_FixUnit|Register_32bits:Register_operand2|Rf_Register_8bits:register_component|enARdFF_2:b12|int_q ; LoadUseHazard_Fix:LoadUseHazard_FixUnit|Register_32bits:Register_operand2|Rf_Register_8bits:register_component|enARdFF_2:b12|int_q ; gclock       ; gclock      ; 0.000        ; 0.100      ; 0.669      ;
; 0.383 ; LoadUseHazard_Fix:LoadUseHazard_FixUnit|Register_32bits:Register_operand2|Rf_Register_8bits:register_component|enARdFF_2:b9|int_q  ; LoadUseHazard_Fix:LoadUseHazard_FixUnit|Register_32bits:Register_operand2|Rf_Register_8bits:register_component|enARdFF_2:b9|int_q  ; gclock       ; gclock      ; 0.000        ; 0.100      ; 0.669      ;
; 0.383 ; LoadUseHazard_Fix:LoadUseHazard_FixUnit|Register_32bits:Register_operand1|Rf_Register_8bits:register_component|enARdFF_2:b5|int_q  ; LoadUseHazard_Fix:LoadUseHazard_FixUnit|Register_32bits:Register_operand1|Rf_Register_8bits:register_component|enARdFF_2:b5|int_q  ; gclock       ; gclock      ; 0.000        ; 0.100      ; 0.669      ;
; 0.383 ; LoadUseHazard_Fix:LoadUseHazard_FixUnit|Register_32bits:Register_operand2|Rf_Register_8bits:register_component|enARdFF_2:b5|int_q  ; LoadUseHazard_Fix:LoadUseHazard_FixUnit|Register_32bits:Register_operand2|Rf_Register_8bits:register_component|enARdFF_2:b5|int_q  ; gclock       ; gclock      ; 0.000        ; 0.100      ; 0.669      ;
; 0.384 ; LoadUseHazard_Fix:LoadUseHazard_FixUnit|Register_32bits:Register_operand2|Rf_Register_8bits:register_component|enARdFF_2:b7|int_q  ; LoadUseHazard_Fix:LoadUseHazard_FixUnit|Register_32bits:Register_operand2|Rf_Register_8bits:register_component|enARdFF_2:b7|int_q  ; gclock       ; gclock      ; 0.000        ; 0.099      ; 0.669      ;
; 0.389 ; LoadUseHazard_Fix:LoadUseHazard_FixUnit|twobitcounter:twobitcnt|enARdFF_2:lsb|int_q                                                ; LoadUseHazard_Fix:LoadUseHazard_FixUnit|twobitcounter:twobitcnt|enARdFF_2:lsb|int_q                                                ; gclock       ; gclock      ; 0.000        ; 0.099      ; 0.674      ;
; 0.401 ; PC:pc_temp|enARdFF_2:b6|int_q                                                                                                      ; PC:pc_temp|enARdFF_2:b6|int_q                                                                                                      ; gclock       ; gclock      ; 0.000        ; 0.082      ; 0.669      ;
; 0.401 ; LoadUseHazard_Fix:LoadUseHazard_FixUnit|Register_32bits:Register_operand2|Rf_Register_8bits:register_component|enARdFF_2:b0|int_q  ; LoadUseHazard_Fix:LoadUseHazard_FixUnit|Register_32bits:Register_operand2|Rf_Register_8bits:register_component|enARdFF_2:b0|int_q  ; gclock       ; gclock      ; 0.000        ; 0.082      ; 0.669      ;
; 0.401 ; LoadUseHazard_Fix:LoadUseHazard_FixUnit|Register_32bits:Register_operand1|Rf_Register_8bits:register_component|enARdFF_2:b27|int_q ; LoadUseHazard_Fix:LoadUseHazard_FixUnit|Register_32bits:Register_operand1|Rf_Register_8bits:register_component|enARdFF_2:b27|int_q ; gclock       ; gclock      ; 0.000        ; 0.082      ; 0.669      ;
; 0.401 ; LoadUseHazard_Fix:LoadUseHazard_FixUnit|Register_32bits:Register_operand1|Rf_Register_8bits:register_component|enARdFF_2:b23|int_q ; LoadUseHazard_Fix:LoadUseHazard_FixUnit|Register_32bits:Register_operand1|Rf_Register_8bits:register_component|enARdFF_2:b23|int_q ; gclock       ; gclock      ; 0.000        ; 0.082      ; 0.669      ;
; 0.401 ; LoadUseHazard_Fix:LoadUseHazard_FixUnit|Register_32bits:Register_operand2|Rf_Register_8bits:register_component|enARdFF_2:b16|int_q ; LoadUseHazard_Fix:LoadUseHazard_FixUnit|Register_32bits:Register_operand2|Rf_Register_8bits:register_component|enARdFF_2:b16|int_q ; gclock       ; gclock      ; 0.000        ; 0.082      ; 0.669      ;
; 0.401 ; LoadUseHazard_Fix:LoadUseHazard_FixUnit|Register_32bits:Register_operand1|Rf_Register_8bits:register_component|enARdFF_2:b13|int_q ; LoadUseHazard_Fix:LoadUseHazard_FixUnit|Register_32bits:Register_operand1|Rf_Register_8bits:register_component|enARdFF_2:b13|int_q ; gclock       ; gclock      ; 0.000        ; 0.082      ; 0.669      ;
; 0.401 ; LoadUseHazard_Fix:LoadUseHazard_FixUnit|Register_32bits:Register_operand1|Rf_Register_8bits:register_component|enARdFF_2:b9|int_q  ; LoadUseHazard_Fix:LoadUseHazard_FixUnit|Register_32bits:Register_operand1|Rf_Register_8bits:register_component|enARdFF_2:b9|int_q  ; gclock       ; gclock      ; 0.000        ; 0.082      ; 0.669      ;
; 0.401 ; LoadUseHazard_Fix:LoadUseHazard_FixUnit|Register_32bits:Register_operand2|Rf_Register_8bits:register_component|enARdFF_2:b8|int_q  ; LoadUseHazard_Fix:LoadUseHazard_FixUnit|Register_32bits:Register_operand2|Rf_Register_8bits:register_component|enARdFF_2:b8|int_q  ; gclock       ; gclock      ; 0.000        ; 0.082      ; 0.669      ;
; 0.401 ; LoadUseHazard_Fix:LoadUseHazard_FixUnit|Register_32bits:Register_operand2|Rf_Register_8bits:register_component|enARdFF_2:b4|int_q  ; LoadUseHazard_Fix:LoadUseHazard_FixUnit|Register_32bits:Register_operand2|Rf_Register_8bits:register_component|enARdFF_2:b4|int_q  ; gclock       ; gclock      ; 0.000        ; 0.082      ; 0.669      ;
; 0.401 ; LoadUseHazard_Fix:LoadUseHazard_FixUnit|Register_32bits:Register_operand2|Rf_Register_8bits:register_component|enARdFF_2:b1|int_q  ; LoadUseHazard_Fix:LoadUseHazard_FixUnit|Register_32bits:Register_operand2|Rf_Register_8bits:register_component|enARdFF_2:b1|int_q  ; gclock       ; gclock      ; 0.000        ; 0.082      ; 0.669      ;
; 0.401 ; LoadUseHazard_Fix:LoadUseHazard_FixUnit|Register_32bits:Register_operand2|Rf_Register_8bits:register_component|enARdFF_2:b6|int_q  ; LoadUseHazard_Fix:LoadUseHazard_FixUnit|Register_32bits:Register_operand2|Rf_Register_8bits:register_component|enARdFF_2:b6|int_q  ; gclock       ; gclock      ; 0.000        ; 0.082      ; 0.669      ;
; 0.402 ; LoadUseHazard_Fix:LoadUseHazard_FixUnit|Register_32bits:Register_operand1|Rf_Register_8bits:register_component|enARdFF_2:b14|int_q ; LoadUseHazard_Fix:LoadUseHazard_FixUnit|Register_32bits:Register_operand1|Rf_Register_8bits:register_component|enARdFF_2:b14|int_q ; gclock       ; gclock      ; 0.000        ; 0.081      ; 0.669      ;
; 0.402 ; LoadUseHazard_Fix:LoadUseHazard_FixUnit|Register_32bits:Register_operand2|Rf_Register_8bits:register_component|enARdFF_2:b14|int_q ; LoadUseHazard_Fix:LoadUseHazard_FixUnit|Register_32bits:Register_operand2|Rf_Register_8bits:register_component|enARdFF_2:b14|int_q ; gclock       ; gclock      ; 0.000        ; 0.081      ; 0.669      ;
; 0.402 ; LoadUseHazard_Fix:LoadUseHazard_FixUnit|Register_32bits:Register_operand2|Rf_Register_8bits:register_component|enARdFF_2:b13|int_q ; LoadUseHazard_Fix:LoadUseHazard_FixUnit|Register_32bits:Register_operand2|Rf_Register_8bits:register_component|enARdFF_2:b13|int_q ; gclock       ; gclock      ; 0.000        ; 0.081      ; 0.669      ;
; 0.402 ; LoadUseHazard_Fix:LoadUseHazard_FixUnit|Register_32bits:Register_operand2|Rf_Register_8bits:register_component|enARdFF_2:b10|int_q ; LoadUseHazard_Fix:LoadUseHazard_FixUnit|Register_32bits:Register_operand2|Rf_Register_8bits:register_component|enARdFF_2:b10|int_q ; gclock       ; gclock      ; 0.000        ; 0.081      ; 0.669      ;
; 0.402 ; LoadUseHazard_Fix:LoadUseHazard_FixUnit|Register_32bits:Register_operand1|Rf_Register_8bits:register_component|enARdFF_2:b16|int_q ; LoadUseHazard_Fix:LoadUseHazard_FixUnit|Register_32bits:Register_operand1|Rf_Register_8bits:register_component|enARdFF_2:b16|int_q ; gclock       ; gclock      ; 0.000        ; 0.081      ; 0.669      ;
; 0.402 ; PC:pc_temp|enARdFF_2:b2|int_q                                                                                                      ; PC:pc_temp|enARdFF_2:b2|int_q                                                                                                      ; gclock       ; gclock      ; 0.000        ; 0.081      ; 0.669      ;
; 0.402 ; PC:pc_temp|enARdFF_2:b4|int_q                                                                                                      ; PC:pc_temp|enARdFF_2:b4|int_q                                                                                                      ; gclock       ; gclock      ; 0.000        ; 0.081      ; 0.669      ;
; 0.402 ; PC:pc_temp|enARdFF_2:b3|int_q                                                                                                      ; PC:pc_temp|enARdFF_2:b3|int_q                                                                                                      ; gclock       ; gclock      ; 0.000        ; 0.081      ; 0.669      ;
; 0.402 ; PC:pc_temp|enARdFF_2:b0|int_q                                                                                                      ; PC:pc_temp|enARdFF_2:b0|int_q                                                                                                      ; gclock       ; gclock      ; 0.000        ; 0.081      ; 0.669      ;
; 0.402 ; LoadUseHazard_Fix:LoadUseHazard_FixUnit|Register_32bits:Register_operand2|Rf_Register_8bits:register_component|enARdFF_2:b31|int_q ; LoadUseHazard_Fix:LoadUseHazard_FixUnit|Register_32bits:Register_operand2|Rf_Register_8bits:register_component|enARdFF_2:b31|int_q ; gclock       ; gclock      ; 0.000        ; 0.081      ; 0.669      ;
; 0.402 ; LoadUseHazard_Fix:LoadUseHazard_FixUnit|Register_32bits:Register_operand1|Rf_Register_8bits:register_component|enARdFF_2:b31|int_q ; LoadUseHazard_Fix:LoadUseHazard_FixUnit|Register_32bits:Register_operand1|Rf_Register_8bits:register_component|enARdFF_2:b31|int_q ; gclock       ; gclock      ; 0.000        ; 0.081      ; 0.669      ;
; 0.402 ; LoadUseHazard_Fix:LoadUseHazard_FixUnit|Register_32bits:Register_operand2|Rf_Register_8bits:register_component|enARdFF_2:b29|int_q ; LoadUseHazard_Fix:LoadUseHazard_FixUnit|Register_32bits:Register_operand2|Rf_Register_8bits:register_component|enARdFF_2:b29|int_q ; gclock       ; gclock      ; 0.000        ; 0.081      ; 0.669      ;
; 0.402 ; LoadUseHazard_Fix:LoadUseHazard_FixUnit|Register_32bits:Register_operand2|Rf_Register_8bits:register_component|enARdFF_2:b19|int_q ; LoadUseHazard_Fix:LoadUseHazard_FixUnit|Register_32bits:Register_operand2|Rf_Register_8bits:register_component|enARdFF_2:b19|int_q ; gclock       ; gclock      ; 0.000        ; 0.081      ; 0.669      ;
; 0.402 ; LoadUseHazard_Fix:LoadUseHazard_FixUnit|Register_32bits:Register_operand1|Rf_Register_8bits:register_component|enARdFF_2:b18|int_q ; LoadUseHazard_Fix:LoadUseHazard_FixUnit|Register_32bits:Register_operand1|Rf_Register_8bits:register_component|enARdFF_2:b18|int_q ; gclock       ; gclock      ; 0.000        ; 0.081      ; 0.669      ;
; 0.402 ; LoadUseHazard_Fix:LoadUseHazard_FixUnit|Register_32bits:Register_operand2|Rf_Register_8bits:register_component|enARdFF_2:b18|int_q ; LoadUseHazard_Fix:LoadUseHazard_FixUnit|Register_32bits:Register_operand2|Rf_Register_8bits:register_component|enARdFF_2:b18|int_q ; gclock       ; gclock      ; 0.000        ; 0.081      ; 0.669      ;
; 0.402 ; LoadUseHazard_Fix:LoadUseHazard_FixUnit|Register_32bits:Register_operand2|Rf_Register_8bits:register_component|enARdFF_2:b27|int_q ; LoadUseHazard_Fix:LoadUseHazard_FixUnit|Register_32bits:Register_operand2|Rf_Register_8bits:register_component|enARdFF_2:b27|int_q ; gclock       ; gclock      ; 0.000        ; 0.081      ; 0.669      ;
; 0.402 ; LoadUseHazard_Fix:LoadUseHazard_FixUnit|Register_32bits:Register_operand1|Rf_Register_8bits:register_component|enARdFF_2:b26|int_q ; LoadUseHazard_Fix:LoadUseHazard_FixUnit|Register_32bits:Register_operand1|Rf_Register_8bits:register_component|enARdFF_2:b26|int_q ; gclock       ; gclock      ; 0.000        ; 0.081      ; 0.669      ;
; 0.402 ; LoadUseHazard_Fix:LoadUseHazard_FixUnit|Register_32bits:Register_operand2|Rf_Register_8bits:register_component|enARdFF_2:b26|int_q ; LoadUseHazard_Fix:LoadUseHazard_FixUnit|Register_32bits:Register_operand2|Rf_Register_8bits:register_component|enARdFF_2:b26|int_q ; gclock       ; gclock      ; 0.000        ; 0.081      ; 0.669      ;
; 0.402 ; LoadUseHazard_Fix:LoadUseHazard_FixUnit|Register_32bits:Register_operand1|Rf_Register_8bits:register_component|enARdFF_2:b25|int_q ; LoadUseHazard_Fix:LoadUseHazard_FixUnit|Register_32bits:Register_operand1|Rf_Register_8bits:register_component|enARdFF_2:b25|int_q ; gclock       ; gclock      ; 0.000        ; 0.081      ; 0.669      ;
; 0.402 ; LoadUseHazard_Fix:LoadUseHazard_FixUnit|Register_32bits:Register_operand2|Rf_Register_8bits:register_component|enARdFF_2:b25|int_q ; LoadUseHazard_Fix:LoadUseHazard_FixUnit|Register_32bits:Register_operand2|Rf_Register_8bits:register_component|enARdFF_2:b25|int_q ; gclock       ; gclock      ; 0.000        ; 0.081      ; 0.669      ;
; 0.402 ; LoadUseHazard_Fix:LoadUseHazard_FixUnit|Register_32bits:Register_operand1|Rf_Register_8bits:register_component|enARdFF_2:b24|int_q ; LoadUseHazard_Fix:LoadUseHazard_FixUnit|Register_32bits:Register_operand1|Rf_Register_8bits:register_component|enARdFF_2:b24|int_q ; gclock       ; gclock      ; 0.000        ; 0.081      ; 0.669      ;
; 0.402 ; LoadUseHazard_Fix:LoadUseHazard_FixUnit|Register_32bits:Register_operand2|Rf_Register_8bits:register_component|enARdFF_2:b24|int_q ; LoadUseHazard_Fix:LoadUseHazard_FixUnit|Register_32bits:Register_operand2|Rf_Register_8bits:register_component|enARdFF_2:b24|int_q ; gclock       ; gclock      ; 0.000        ; 0.081      ; 0.669      ;
; 0.402 ; LoadUseHazard_Fix:LoadUseHazard_FixUnit|Register_32bits:Register_operand2|Rf_Register_8bits:register_component|enARdFF_2:b22|int_q ; LoadUseHazard_Fix:LoadUseHazard_FixUnit|Register_32bits:Register_operand2|Rf_Register_8bits:register_component|enARdFF_2:b22|int_q ; gclock       ; gclock      ; 0.000        ; 0.081      ; 0.669      ;
; 0.402 ; LoadUseHazard_Fix:LoadUseHazard_FixUnit|Register_32bits:Register_operand2|Rf_Register_8bits:register_component|enARdFF_2:b21|int_q ; LoadUseHazard_Fix:LoadUseHazard_FixUnit|Register_32bits:Register_operand2|Rf_Register_8bits:register_component|enARdFF_2:b21|int_q ; gclock       ; gclock      ; 0.000        ; 0.081      ; 0.669      ;
; 0.402 ; LoadUseHazard_Fix:LoadUseHazard_FixUnit|Register_32bits:Register_operand1|Rf_Register_8bits:register_component|enARdFF_2:b21|int_q ; LoadUseHazard_Fix:LoadUseHazard_FixUnit|Register_32bits:Register_operand1|Rf_Register_8bits:register_component|enARdFF_2:b21|int_q ; gclock       ; gclock      ; 0.000        ; 0.081      ; 0.669      ;
; 0.402 ; LoadUseHazard_Fix:LoadUseHazard_FixUnit|Register_32bits:Register_operand1|Rf_Register_8bits:register_component|enARdFF_2:b20|int_q ; LoadUseHazard_Fix:LoadUseHazard_FixUnit|Register_32bits:Register_operand1|Rf_Register_8bits:register_component|enARdFF_2:b20|int_q ; gclock       ; gclock      ; 0.000        ; 0.081      ; 0.669      ;
; 0.402 ; LoadUseHazard_Fix:LoadUseHazard_FixUnit|Register_32bits:Register_operand2|Rf_Register_8bits:register_component|enARdFF_2:b20|int_q ; LoadUseHazard_Fix:LoadUseHazard_FixUnit|Register_32bits:Register_operand2|Rf_Register_8bits:register_component|enARdFF_2:b20|int_q ; gclock       ; gclock      ; 0.000        ; 0.081      ; 0.669      ;
; 0.402 ; LoadUseHazard_Fix:LoadUseHazard_FixUnit|Register_32bits:Register_operand1|Rf_Register_8bits:register_component|enARdFF_2:b17|int_q ; LoadUseHazard_Fix:LoadUseHazard_FixUnit|Register_32bits:Register_operand1|Rf_Register_8bits:register_component|enARdFF_2:b17|int_q ; gclock       ; gclock      ; 0.000        ; 0.081      ; 0.669      ;
; 0.402 ; LoadUseHazard_Fix:LoadUseHazard_FixUnit|Register_32bits:Register_operand2|Rf_Register_8bits:register_component|enARdFF_2:b17|int_q ; LoadUseHazard_Fix:LoadUseHazard_FixUnit|Register_32bits:Register_operand2|Rf_Register_8bits:register_component|enARdFF_2:b17|int_q ; gclock       ; gclock      ; 0.000        ; 0.081      ; 0.669      ;
; 0.402 ; LoadUseHazard_Fix:LoadUseHazard_FixUnit|Register_32bits:Register_operand1|Rf_Register_8bits:register_component|enARdFF_2:b12|int_q ; LoadUseHazard_Fix:LoadUseHazard_FixUnit|Register_32bits:Register_operand1|Rf_Register_8bits:register_component|enARdFF_2:b12|int_q ; gclock       ; gclock      ; 0.000        ; 0.081      ; 0.669      ;
; 0.402 ; LoadUseHazard_Fix:LoadUseHazard_FixUnit|Register_32bits:Register_operand2|Rf_Register_8bits:register_component|enARdFF_2:b11|int_q ; LoadUseHazard_Fix:LoadUseHazard_FixUnit|Register_32bits:Register_operand2|Rf_Register_8bits:register_component|enARdFF_2:b11|int_q ; gclock       ; gclock      ; 0.000        ; 0.081      ; 0.669      ;
; 0.402 ; LoadUseHazard_Fix:LoadUseHazard_FixUnit|Register_32bits:Register_operand1|Rf_Register_8bits:register_component|enARdFF_2:b15|int_q ; LoadUseHazard_Fix:LoadUseHazard_FixUnit|Register_32bits:Register_operand1|Rf_Register_8bits:register_component|enARdFF_2:b15|int_q ; gclock       ; gclock      ; 0.000        ; 0.081      ; 0.669      ;
; 0.402 ; LoadUseHazard_Fix:LoadUseHazard_FixUnit|Register_32bits:Register_operand2|Rf_Register_8bits:register_component|enARdFF_2:b15|int_q ; LoadUseHazard_Fix:LoadUseHazard_FixUnit|Register_32bits:Register_operand2|Rf_Register_8bits:register_component|enARdFF_2:b15|int_q ; gclock       ; gclock      ; 0.000        ; 0.081      ; 0.669      ;
; 0.402 ; LoadUseHazard_Fix:LoadUseHazard_FixUnit|Register_32bits:Register_operand1|Rf_Register_8bits:register_component|enARdFF_2:b4|int_q  ; LoadUseHazard_Fix:LoadUseHazard_FixUnit|Register_32bits:Register_operand1|Rf_Register_8bits:register_component|enARdFF_2:b4|int_q  ; gclock       ; gclock      ; 0.000        ; 0.081      ; 0.669      ;
; 0.402 ; LoadUseHazard_Fix:LoadUseHazard_FixUnit|Register_32bits:Register_operand1|Rf_Register_8bits:register_component|enARdFF_2:b3|int_q  ; LoadUseHazard_Fix:LoadUseHazard_FixUnit|Register_32bits:Register_operand1|Rf_Register_8bits:register_component|enARdFF_2:b3|int_q  ; gclock       ; gclock      ; 0.000        ; 0.081      ; 0.669      ;
; 0.402 ; LoadUseHazard_Fix:LoadUseHazard_FixUnit|Register_32bits:Register_operand2|Rf_Register_8bits:register_component|enARdFF_2:b3|int_q  ; LoadUseHazard_Fix:LoadUseHazard_FixUnit|Register_32bits:Register_operand2|Rf_Register_8bits:register_component|enARdFF_2:b3|int_q  ; gclock       ; gclock      ; 0.000        ; 0.081      ; 0.669      ;
; 0.430 ; IF_ID:if_id_register|Register_32bits:pc_offset_val|Rf_Register_8bits:register_component|enARdFF_2:b0|int_q                         ; PC:pc_ref|enARdFF_2:b0|int_q                                                                                                       ; gclock       ; gclock      ; 0.000        ; 0.081      ; 0.697      ;
; 0.436 ; PC:pc_ref|enARdFF_2:b0|int_q                                                                                                       ; PC:pc_temp|enARdFF_2:b0|int_q                                                                                                      ; gclock       ; gclock      ; 0.000        ; 0.081      ; 0.703      ;
; 0.437 ; PC:pc_ref|enARdFF_2:b4|int_q                                                                                                       ; IF_ID:if_id_register|Register_32bits:pc_offset_val|Rf_Register_8bits:register_component|enARdFF_2:b4|int_q                         ; gclock       ; gclock      ; 0.000        ; 0.081      ; 0.704      ;
; 0.437 ; PC:pc_temp|enARdFF_2:b5|int_q                                                                                                      ; IF_ID:if_id_register|Register_32bits:pc_offset_val|Rf_Register_8bits:register_component|enARdFF_2:b5|int_q                         ; gclock       ; gclock      ; 0.000        ; 0.081      ; 0.704      ;
; 0.437 ; PC:pc_ref|enARdFF_2:b0|int_q                                                                                                       ; IF_ID:if_id_register|Register_32bits:pc_offset_val|Rf_Register_8bits:register_component|enARdFF_2:b0|int_q                         ; gclock       ; gclock      ; 0.000        ; 0.081      ; 0.704      ;
; 0.444 ; PC:pc_ref|enARdFF_2:b7|int_q                                                                                                       ; IF_ID:if_id_register|Register_32bits:pc_offset_val|Rf_Register_8bits:register_component|enARdFF_2:b7|int_q                         ; gclock       ; gclock      ; 0.000        ; 0.081      ; 0.711      ;
; 0.449 ; PC:pc_ref|enARdFF_2:b2|int_q                                                                                                       ; IF_ID:if_id_register|Register_32bits:pc_offset_val|Rf_Register_8bits:register_component|enARdFF_2:b2|int_q                         ; gclock       ; gclock      ; 0.000        ; 0.081      ; 0.716      ;
; 0.451 ; PC:pc_ref|enARdFF_2:b28|int_q                                                                                                      ; IF_ID:if_id_register|Register_32bits:pc_offset_val|Rf_Register_8bits:register_component|enARdFF_2:b28|int_q                        ; gclock       ; gclock      ; 0.000        ; 0.081      ; 0.718      ;
; 0.451 ; PC:pc_ref|enARdFF_2:b16|int_q                                                                                                      ; IF_ID:if_id_register|Register_32bits:pc_offset_val|Rf_Register_8bits:register_component|enARdFF_2:b16|int_q                        ; gclock       ; gclock      ; 0.000        ; 0.081      ; 0.718      ;
; 0.451 ; PC:pc_ref|enARdFF_2:b15|int_q                                                                                                      ; IF_ID:if_id_register|Register_32bits:pc_offset_val|Rf_Register_8bits:register_component|enARdFF_2:b15|int_q                        ; gclock       ; gclock      ; 0.000        ; 0.081      ; 0.718      ;
; 0.456 ; PC:pc_ref|enARdFF_2:b6|int_q                                                                                                       ; IF_ID:if_id_register|Register_32bits:pc_offset_val|Rf_Register_8bits:register_component|enARdFF_2:b6|int_q                         ; gclock       ; gclock      ; 0.000        ; 0.081      ; 0.723      ;
; 0.457 ; PC:pc_ref|enARdFF_2:b26|int_q                                                                                                      ; IF_ID:if_id_register|Register_32bits:pc_offset_val|Rf_Register_8bits:register_component|enARdFF_2:b26|int_q                        ; gclock       ; gclock      ; 0.000        ; 0.081      ; 0.724      ;
; 0.458 ; PC:pc_ref|enARdFF_2:b9|int_q                                                                                                       ; IF_ID:if_id_register|Register_32bits:pc_offset_val|Rf_Register_8bits:register_component|enARdFF_2:b9|int_q                         ; gclock       ; gclock      ; 0.000        ; 0.081      ; 0.725      ;
; 0.459 ; PC:pc_temp|enARdFF_2:b25|int_q                                                                                                     ; IF_ID:if_id_register|Register_32bits:pc_offset_val|Rf_Register_8bits:register_component|enARdFF_2:b25|int_q                        ; gclock       ; gclock      ; 0.000        ; 0.081      ; 0.726      ;
; 0.477 ; EX_MEM:exmem|Register_5bits:control_signals|enARdFF_2:b0|int_q                                                                     ; MEM_WB:MEMWB|Register_32bits:read_ram|Rf_Register_8bits:register_component|enARdFF_2:b3|int_q                                      ; gclock       ; gclock      ; 0.000        ; 0.082      ; 0.745      ;
; 0.552 ; IF_ID:if_id_register|Register_32bits:pc_offset_val|Rf_Register_8bits:register_component|enARdFF_2:b30|int_q                        ; PC:pc_ref|enARdFF_2:b30|int_q                                                                                                      ; gclock       ; gclock      ; 0.000        ; 0.081      ; 0.819      ;
; 0.552 ; PC:pc_temp|enARdFF_2:b4|int_q                                                                                                      ; IF_ID:if_id_register|Register_32bits:pc_offset_val|Rf_Register_8bits:register_component|enARdFF_2:b4|int_q                         ; gclock       ; gclock      ; 0.000        ; 0.081      ; 0.819      ;
; 0.572 ; PC:pc_ref|enARdFF_2:b31|int_q                                                                                                      ; IF_ID:if_id_register|Register_32bits:pc_offset_val|Rf_Register_8bits:register_component|enARdFF_2:b31|int_q                        ; gclock       ; gclock      ; 0.000        ; 0.081      ; 0.839      ;
; 0.575 ; PC:pc_temp|enARdFF_2:b16|int_q                                                                                                     ; IF_ID:if_id_register|Register_32bits:pc_offset_val|Rf_Register_8bits:register_component|enARdFF_2:b16|int_q                        ; gclock       ; gclock      ; 0.000        ; 0.081      ; 0.842      ;
; 0.590 ; ID_EX:ID_EX_register|Register_32bits:instruction_val|Rf_Register_8bits:register_component|enARdFF_2:b29|int_q                      ; EX_MEM:exmem|Register_32bits:instruction_val|Rf_Register_8bits:register_component|enARdFF_2:b29|int_q                              ; gclock       ; gclock      ; 0.000        ; 0.081      ; 0.857      ;
; 0.594 ; ID_EX:ID_EX_register|Register_32bits:instruction_val|Rf_Register_8bits:register_component|enARdFF_2:b27|int_q                      ; EX_MEM:exmem|Register_32bits:instruction_val|Rf_Register_8bits:register_component|enARdFF_2:b27|int_q                              ; gclock       ; gclock      ; 0.000        ; 0.081      ; 0.861      ;
; 0.598 ; EX_MEM:exmem|Register_32bits:instruction_val|Rf_Register_8bits:register_component|enARdFF_2:b24|int_q                              ; MEM_WB:MEMWB|Register_32bits:instruction_val|Rf_Register_8bits:register_component|enARdFF_2:b24|int_q                              ; gclock       ; gclock      ; 0.000        ; 0.082      ; 0.866      ;
; 0.598 ; EX_MEM:exmem|Register_32bits:instruction_val|Rf_Register_8bits:register_component|enARdFF_2:b18|int_q                              ; MEM_WB:MEMWB|Register_32bits:instruction_val|Rf_Register_8bits:register_component|enARdFF_2:b18|int_q                              ; gclock       ; gclock      ; 0.000        ; 0.082      ; 0.866      ;
; 0.599 ; EX_MEM:exmem|Register_32bits:instruction_val|Rf_Register_8bits:register_component|enARdFF_2:b21|int_q                              ; MEM_WB:MEMWB|Register_32bits:instruction_val|Rf_Register_8bits:register_component|enARdFF_2:b21|int_q                              ; gclock       ; gclock      ; 0.000        ; 0.081      ; 0.866      ;
; 0.599 ; EX_MEM:exmem|Register_32bits:instruction_val|Rf_Register_8bits:register_component|enARdFF_2:b8|int_q                               ; MEM_WB:MEMWB|Register_32bits:instruction_val|Rf_Register_8bits:register_component|enARdFF_2:b8|int_q                               ; gclock       ; gclock      ; 0.000        ; 0.081      ; 0.866      ;
; 0.599 ; EX_MEM:exmem|Register_32bits:instruction_val|Rf_Register_8bits:register_component|enARdFF_2:b2|int_q                               ; MEM_WB:MEMWB|Register_32bits:instruction_val|Rf_Register_8bits:register_component|enARdFF_2:b2|int_q                               ; gclock       ; gclock      ; 0.000        ; 0.081      ; 0.866      ;
; 0.600 ; ID_EX:ID_EX_register|Register_32bits:instruction_val|Rf_Register_8bits:register_component|enARdFF_2:b26|int_q                      ; EX_MEM:exmem|Register_32bits:instruction_val|Rf_Register_8bits:register_component|enARdFF_2:b26|int_q                              ; gclock       ; gclock      ; 0.000        ; 0.082      ; 0.868      ;
; 0.600 ; EX_MEM:exmem|Register_32bits:instruction_val|Rf_Register_8bits:register_component|enARdFF_2:b19|int_q                              ; MEM_WB:MEMWB|Register_32bits:instruction_val|Rf_Register_8bits:register_component|enARdFF_2:b19|int_q                              ; gclock       ; gclock      ; 0.000        ; 0.082      ; 0.868      ;
; 0.600 ; EX_MEM:exmem|Register_32bits:instruction_val|Rf_Register_8bits:register_component|enARdFF_2:b12|int_q                              ; MEM_WB:MEMWB|Register_32bits:instruction_val|Rf_Register_8bits:register_component|enARdFF_2:b12|int_q                              ; gclock       ; gclock      ; 0.000        ; 0.081      ; 0.867      ;
; 0.601 ; EX_MEM:exmem|Register_32bits:instruction_val|Rf_Register_8bits:register_component|enARdFF_2:b14|int_q                              ; MEM_WB:MEMWB|Register_32bits:instruction_val|Rf_Register_8bits:register_component|enARdFF_2:b14|int_q                              ; gclock       ; gclock      ; 0.000        ; 0.081      ; 0.868      ;
; 0.601 ; EX_MEM:exmem|Register_32bits:instruction_val|Rf_Register_8bits:register_component|enARdFF_2:b10|int_q                              ; MEM_WB:MEMWB|Register_32bits:instruction_val|Rf_Register_8bits:register_component|enARdFF_2:b10|int_q                              ; gclock       ; gclock      ; 0.000        ; 0.082      ; 0.869      ;
; 0.601 ; EX_MEM:exmem|Register_32bits:instruction_val|Rf_Register_8bits:register_component|enARdFF_2:b5|int_q                               ; MEM_WB:MEMWB|Register_32bits:instruction_val|Rf_Register_8bits:register_component|enARdFF_2:b5|int_q                               ; gclock       ; gclock      ; 0.000        ; 0.080      ; 0.867      ;
; 0.601 ; EX_MEM:exmem|Register_32bits:instruction_val|Rf_Register_8bits:register_component|enARdFF_2:b1|int_q                               ; MEM_WB:MEMWB|Register_32bits:instruction_val|Rf_Register_8bits:register_component|enARdFF_2:b1|int_q                               ; gclock       ; gclock      ; 0.000        ; 0.081      ; 0.868      ;
; 0.602 ; EX_MEM:exmem|Register_32bits:instruction_val|Rf_Register_8bits:register_component|enARdFF_2:b25|int_q                              ; MEM_WB:MEMWB|Register_32bits:instruction_val|Rf_Register_8bits:register_component|enARdFF_2:b25|int_q                              ; gclock       ; gclock      ; 0.000        ; 0.081      ; 0.869      ;
; 0.603 ; IF_ID:if_id_register|Register_32bits:instruction_val|Rf_Register_8bits:register_component|enARdFF_2:b31|int_q                      ; ID_EX:ID_EX_register|Register_9bits:control_signals_reg|enARdFF_2:b2|int_q                                                         ; gclock       ; gclock      ; 0.000        ; 0.081      ; 0.870      ;
; 0.605 ; EX_MEM:exmem|Register_32bits:instruction_val|Rf_Register_8bits:register_component|enARdFF_2:b31|int_q                              ; MEM_WB:MEMWB|Register_32bits:instruction_val|Rf_Register_8bits:register_component|enARdFF_2:b31|int_q                              ; gclock       ; gclock      ; 0.000        ; 0.081      ; 0.872      ;
; 0.606 ; EX_MEM:exmem|Register_32bits:instruction_val|Rf_Register_8bits:register_component|enARdFF_2:b29|int_q                              ; MEM_WB:MEMWB|Register_32bits:instruction_val|Rf_Register_8bits:register_component|enARdFF_2:b29|int_q                              ; gclock       ; gclock      ; 0.000        ; 0.081      ; 0.873      ;
; 0.606 ; EX_MEM:exmem|Register_32bits:instruction_val|Rf_Register_8bits:register_component|enARdFF_2:b28|int_q                              ; MEM_WB:MEMWB|Register_32bits:instruction_val|Rf_Register_8bits:register_component|enARdFF_2:b28|int_q                              ; gclock       ; gclock      ; 0.000        ; 0.081      ; 0.873      ;
; 0.606 ; IF_ID:if_id_register|Register_32bits:instruction_val|Rf_Register_8bits:register_component|enARdFF_2:b31|int_q                      ; ID_EX:ID_EX_register|Register_9bits:control_signals_reg|enARdFF_2:b1|int_q                                                         ; gclock       ; gclock      ; 0.000        ; 0.081      ; 0.873      ;
; 0.608 ; EX_MEM:exmem|Register_32bits:instruction_val|Rf_Register_8bits:register_component|enARdFF_2:b27|int_q                              ; MEM_WB:MEMWB|Register_32bits:instruction_val|Rf_Register_8bits:register_component|enARdFF_2:b27|int_q                              ; gclock       ; gclock      ; 0.000        ; 0.081      ; 0.875      ;
; 0.614 ; PC:pc_ref|enARdFF_2:b24|int_q                                                                                                      ; IF_ID:if_id_register|Register_32bits:pc_offset_val|Rf_Register_8bits:register_component|enARdFF_2:b24|int_q                        ; gclock       ; gclock      ; 0.000        ; 0.082      ; 0.882      ;
; 0.615 ; PC:pc_ref|enARdFF_2:b29|int_q                                                                                                      ; IF_ID:if_id_register|Register_32bits:pc_offset_val|Rf_Register_8bits:register_component|enARdFF_2:b29|int_q                        ; gclock       ; gclock      ; 0.000        ; 0.080      ; 0.881      ;
; 0.620 ; EX_MEM:exmem|Register_5bits:rd|enARdFF_2:b1|int_q                                                                                  ; MEM_WB:MEMWB|Register_5bits:rd|enARdFF_2:b1|int_q                                                                                  ; gclock       ; gclock      ; 0.000        ; 0.081      ; 0.887      ;
; 0.629 ; EX_MEM:exmem|Register_5bits:rd|enARdFF_2:b4|int_q                                                                                  ; MEM_WB:MEMWB|Register_5bits:rd|enARdFF_2:b4|int_q                                                                                  ; gclock       ; gclock      ; 0.000        ; 0.081      ; 0.896      ;
; 0.632 ; IF_ID:if_id_register|Register_32bits:instruction_val|Rf_Register_8bits:register_component|enARdFF_2:b7|int_q                       ; ID_EX:ID_EX_register|Register_32bits:instruction_val|Rf_Register_8bits:register_component|enARdFF_2:b7|int_q                       ; gclock       ; gclock      ; 0.000        ; 0.080      ; 0.898      ;
; 0.633 ; PC:pc_temp|enARdFF_2:b30|int_q                                                                                                     ; IF_ID:if_id_register|Register_32bits:pc_offset_val|Rf_Register_8bits:register_component|enARdFF_2:b30|int_q                        ; gclock       ; gclock      ; 0.000        ; 0.082      ; 0.901      ;
+-------+------------------------------------------------------------------------------------------------------------------------------------+------------------------------------------------------------------------------------------------------------------------------------+--------------+-------------+--------------+------------+------------+


-----------------------------------------------
; Slow 1200mV 85C Model Metastability Summary ;
-----------------------------------------------
No synchronizer chains to report.


+-------------------------------------------------+
; Slow 1200mV 0C Model Fmax Summary               ;
+-----------+-----------------+------------+------+
; Fmax      ; Restricted Fmax ; Clock Name ; Note ;
+-----------+-----------------+------------+------+
; 48.27 MHz ; 48.27 MHz       ; gclock     ;      ;
+-----------+-----------------+------------+------+
This panel reports FMAX for every clock in the design, regardless of the user-specified clock periods.  FMAX is only computed for paths where the source and destination registers or ports are driven by the same clock.  Paths of different clocks, including generated clocks, are ignored.  For paths between a clock and its inversion, FMAX is computed as if the rising and falling edges are scaled along with FMAX, such that the duty cycle (in terms of a percentage) is maintained. Altera recommends that you always use clock constraints and other slack reports for sign-off analysis.


+------------------------------------+
; Slow 1200mV 0C Model Setup Summary ;
+--------+---------+-----------------+
; Clock  ; Slack   ; End Point TNS   ;
+--------+---------+-----------------+
; gclock ; -19.718 ; -4380.634       ;
+--------+---------+-----------------+


+-----------------------------------+
; Slow 1200mV 0C Model Hold Summary ;
+--------+-------+------------------+
; Clock  ; Slack ; End Point TNS    ;
+--------+-------+------------------+
; gclock ; 0.336 ; 0.000            ;
+--------+-------+------------------+


-----------------------------------------
; Slow 1200mV 0C Model Recovery Summary ;
-----------------------------------------
No paths to report.


----------------------------------------
; Slow 1200mV 0C Model Removal Summary ;
----------------------------------------
No paths to report.


+--------------------------------------------------+
; Slow 1200mV 0C Model Minimum Pulse Width Summary ;
+--------+--------+--------------------------------+
; Clock  ; Slack  ; End Point TNS                  ;
+--------+--------+--------------------------------+
; gclock ; -3.000 ; -1070.914                      ;
+--------+--------+--------------------------------+


+--------------------------------------------------------------------------------------------------------------------------------------------------------------------------------------------------------------------------------------------------------------------------------------------------+
; Slow 1200mV 0C Model Setup: 'gclock'                                                                                                                                                                                                                                                             ;
+---------+---------------------------------------------------------------------------------------------------------------+--------------------------------------------------------------------------------------------------+--------------+-------------+--------------+------------+------------+
; Slack   ; From Node                                                                                                     ; To Node                                                                                          ; Launch Clock ; Latch Clock ; Relationship ; Clock Skew ; Data Delay ;
+---------+---------------------------------------------------------------------------------------------------------------+--------------------------------------------------------------------------------------------------+--------------+-------------+--------------+------------+------------+
; -19.718 ; EX_MEM:exmem|Register_32bits:ram_address|Rf_Register_8bits:register_component|enARdFF_2:b7|int_q              ; EX_MEM:exmem|Register_32bits:alu_output|Rf_Register_8bits:register_component|enARdFF_2:b4|int_q  ; gclock       ; gclock      ; 1.000        ; 0.340      ; 21.057     ;
; -19.701 ; EX_MEM:exmem|Register_32bits:ram_address|Rf_Register_8bits:register_component|enARdFF_2:b7|int_q              ; EX_MEM:exmem|Register_32bits:alu_output|Rf_Register_8bits:register_component|enARdFF_2:b16|int_q ; gclock       ; gclock      ; 1.000        ; 0.341      ; 21.041     ;
; -19.670 ; MEM_WB:MEMWB|Register_5bits:rd|enARdFF_2:b1|int_q                                                             ; EX_MEM:exmem|Register_32bits:alu_output|Rf_Register_8bits:register_component|enARdFF_2:b4|int_q  ; gclock       ; gclock      ; 1.000        ; 0.334      ; 21.003     ;
; -19.653 ; MEM_WB:MEMWB|Register_5bits:rd|enARdFF_2:b1|int_q                                                             ; EX_MEM:exmem|Register_32bits:alu_output|Rf_Register_8bits:register_component|enARdFF_2:b16|int_q ; gclock       ; gclock      ; 1.000        ; 0.335      ; 20.987     ;
; -19.627 ; EX_MEM:exmem|Register_5bits:rd|enARdFF_2:b3|int_q                                                             ; EX_MEM:exmem|Register_32bits:alu_output|Rf_Register_8bits:register_component|enARdFF_2:b4|int_q  ; gclock       ; gclock      ; 1.000        ; 0.333      ; 20.959     ;
; -19.612 ; EX_MEM:exmem|Register_5bits:rd|enARdFF_2:b0|int_q                                                             ; EX_MEM:exmem|Register_32bits:alu_output|Rf_Register_8bits:register_component|enARdFF_2:b4|int_q  ; gclock       ; gclock      ; 1.000        ; 0.333      ; 20.944     ;
; -19.610 ; EX_MEM:exmem|Register_5bits:rd|enARdFF_2:b3|int_q                                                             ; EX_MEM:exmem|Register_32bits:alu_output|Rf_Register_8bits:register_component|enARdFF_2:b16|int_q ; gclock       ; gclock      ; 1.000        ; 0.334      ; 20.943     ;
; -19.609 ; EX_MEM:exmem|Register_32bits:ram_address|Rf_Register_8bits:register_component|enARdFF_2:b7|int_q              ; EX_MEM:exmem|Register_32bits:alu_output|Rf_Register_8bits:register_component|enARdFF_2:b22|int_q ; gclock       ; gclock      ; 1.000        ; 0.317      ; 20.925     ;
; -19.608 ; EX_MEM:exmem|Register_32bits:ram_address|Rf_Register_8bits:register_component|enARdFF_2:b7|int_q              ; EX_MEM:exmem|Register_32bits:alu_output|Rf_Register_8bits:register_component|enARdFF_2:b24|int_q ; gclock       ; gclock      ; 1.000        ; 0.346      ; 20.953     ;
; -19.608 ; EX_MEM:exmem|Register_5bits:rd|enARdFF_2:b2|int_q                                                             ; EX_MEM:exmem|Register_32bits:alu_output|Rf_Register_8bits:register_component|enARdFF_2:b4|int_q  ; gclock       ; gclock      ; 1.000        ; 0.333      ; 20.940     ;
; -19.607 ; EX_MEM:exmem|Register_32bits:ram_address|Rf_Register_8bits:register_component|enARdFF_2:b7|int_q              ; EX_MEM:exmem|Register_32bits:alu_output|Rf_Register_8bits:register_component|enARdFF_2:b25|int_q ; gclock       ; gclock      ; 1.000        ; 0.346      ; 20.952     ;
; -19.602 ; EX_MEM:exmem|Register_32bits:ram_address|Rf_Register_8bits:register_component|enARdFF_2:b1|int_q              ; EX_MEM:exmem|Register_32bits:alu_output|Rf_Register_8bits:register_component|enARdFF_2:b4|int_q  ; gclock       ; gclock      ; 1.000        ; 0.340      ; 20.941     ;
; -19.595 ; EX_MEM:exmem|Register_5bits:rd|enARdFF_2:b0|int_q                                                             ; EX_MEM:exmem|Register_32bits:alu_output|Rf_Register_8bits:register_component|enARdFF_2:b16|int_q ; gclock       ; gclock      ; 1.000        ; 0.334      ; 20.928     ;
; -19.591 ; EX_MEM:exmem|Register_5bits:rd|enARdFF_2:b2|int_q                                                             ; EX_MEM:exmem|Register_32bits:alu_output|Rf_Register_8bits:register_component|enARdFF_2:b16|int_q ; gclock       ; gclock      ; 1.000        ; 0.334      ; 20.924     ;
; -19.589 ; EX_MEM:exmem|Register_32bits:ram_address|Rf_Register_8bits:register_component|enARdFF_2:b3|int_q              ; EX_MEM:exmem|Register_32bits:alu_output|Rf_Register_8bits:register_component|enARdFF_2:b4|int_q  ; gclock       ; gclock      ; 1.000        ; 0.340      ; 20.928     ;
; -19.585 ; EX_MEM:exmem|Register_32bits:ram_address|Rf_Register_8bits:register_component|enARdFF_2:b1|int_q              ; EX_MEM:exmem|Register_32bits:alu_output|Rf_Register_8bits:register_component|enARdFF_2:b16|int_q ; gclock       ; gclock      ; 1.000        ; 0.341      ; 20.925     ;
; -19.576 ; EX_MEM:exmem|Register_32bits:ram_address|Rf_Register_8bits:register_component|enARdFF_2:b4|int_q              ; EX_MEM:exmem|Register_32bits:alu_output|Rf_Register_8bits:register_component|enARdFF_2:b4|int_q  ; gclock       ; gclock      ; 1.000        ; 0.340      ; 20.915     ;
; -19.574 ; EX_MEM:exmem|Register_5bits:rd|enARdFF_2:b4|int_q                                                             ; EX_MEM:exmem|Register_32bits:alu_output|Rf_Register_8bits:register_component|enARdFF_2:b4|int_q  ; gclock       ; gclock      ; 1.000        ; 0.334      ; 20.907     ;
; -19.572 ; EX_MEM:exmem|Register_32bits:ram_address|Rf_Register_8bits:register_component|enARdFF_2:b3|int_q              ; EX_MEM:exmem|Register_32bits:alu_output|Rf_Register_8bits:register_component|enARdFF_2:b16|int_q ; gclock       ; gclock      ; 1.000        ; 0.341      ; 20.912     ;
; -19.566 ; EX_MEM:exmem|Register_32bits:ram_address|Rf_Register_8bits:register_component|enARdFF_2:b7|int_q              ; EX_MEM:exmem|Register_32bits:alu_output|Rf_Register_8bits:register_component|enARdFF_2:b3|int_q  ; gclock       ; gclock      ; 1.000        ; 0.340      ; 20.905     ;
; -19.561 ; MEM_WB:MEMWB|Register_5bits:rd|enARdFF_2:b1|int_q                                                             ; EX_MEM:exmem|Register_32bits:alu_output|Rf_Register_8bits:register_component|enARdFF_2:b22|int_q ; gclock       ; gclock      ; 1.000        ; 0.311      ; 20.871     ;
; -19.560 ; MEM_WB:MEMWB|Register_5bits:rd|enARdFF_2:b1|int_q                                                             ; EX_MEM:exmem|Register_32bits:alu_output|Rf_Register_8bits:register_component|enARdFF_2:b24|int_q ; gclock       ; gclock      ; 1.000        ; 0.340      ; 20.899     ;
; -19.559 ; EX_MEM:exmem|Register_32bits:ram_address|Rf_Register_8bits:register_component|enARdFF_2:b4|int_q              ; EX_MEM:exmem|Register_32bits:alu_output|Rf_Register_8bits:register_component|enARdFF_2:b16|int_q ; gclock       ; gclock      ; 1.000        ; 0.341      ; 20.899     ;
; -19.559 ; MEM_WB:MEMWB|Register_5bits:rd|enARdFF_2:b1|int_q                                                             ; EX_MEM:exmem|Register_32bits:alu_output|Rf_Register_8bits:register_component|enARdFF_2:b25|int_q ; gclock       ; gclock      ; 1.000        ; 0.340      ; 20.898     ;
; -19.558 ; EX_MEM:exmem|Register_32bits:ram_address|Rf_Register_8bits:register_component|enARdFF_2:b0|int_q              ; EX_MEM:exmem|Register_32bits:alu_output|Rf_Register_8bits:register_component|enARdFF_2:b4|int_q  ; gclock       ; gclock      ; 1.000        ; 0.340      ; 20.897     ;
; -19.557 ; EX_MEM:exmem|Register_32bits:ram_address|Rf_Register_8bits:register_component|enARdFF_2:b7|int_q              ; EX_MEM:exmem|Register_32bits:alu_output|Rf_Register_8bits:register_component|enARdFF_2:b20|int_q ; gclock       ; gclock      ; 1.000        ; 0.344      ; 20.900     ;
; -19.557 ; EX_MEM:exmem|Register_5bits:rd|enARdFF_2:b4|int_q                                                             ; EX_MEM:exmem|Register_32bits:alu_output|Rf_Register_8bits:register_component|enARdFF_2:b16|int_q ; gclock       ; gclock      ; 1.000        ; 0.335      ; 20.891     ;
; -19.551 ; ID_EX:ID_EX_register|Register_32bits:instruction_val|Rf_Register_8bits:register_component|enARdFF_2:b17|int_q ; EX_MEM:exmem|Register_32bits:alu_output|Rf_Register_8bits:register_component|enARdFF_2:b4|int_q  ; gclock       ; gclock      ; 1.000        ; 0.334      ; 20.884     ;
; -19.542 ; ID_EX:ID_EX_register|Register_32bits:instruction_val|Rf_Register_8bits:register_component|enARdFF_2:b21|int_q ; EX_MEM:exmem|Register_32bits:alu_output|Rf_Register_8bits:register_component|enARdFF_2:b4|int_q  ; gclock       ; gclock      ; 1.000        ; 0.334      ; 20.875     ;
; -19.541 ; EX_MEM:exmem|Register_32bits:ram_address|Rf_Register_8bits:register_component|enARdFF_2:b0|int_q              ; EX_MEM:exmem|Register_32bits:alu_output|Rf_Register_8bits:register_component|enARdFF_2:b16|int_q ; gclock       ; gclock      ; 1.000        ; 0.341      ; 20.881     ;
; -19.537 ; EX_MEM:exmem|Register_5bits:rd|enARdFF_2:b1|int_q                                                             ; EX_MEM:exmem|Register_32bits:alu_output|Rf_Register_8bits:register_component|enARdFF_2:b4|int_q  ; gclock       ; gclock      ; 1.000        ; 0.334      ; 20.870     ;
; -19.534 ; ID_EX:ID_EX_register|Register_32bits:instruction_val|Rf_Register_8bits:register_component|enARdFF_2:b17|int_q ; EX_MEM:exmem|Register_32bits:alu_output|Rf_Register_8bits:register_component|enARdFF_2:b16|int_q ; gclock       ; gclock      ; 1.000        ; 0.335      ; 20.868     ;
; -19.525 ; ID_EX:ID_EX_register|Register_32bits:instruction_val|Rf_Register_8bits:register_component|enARdFF_2:b21|int_q ; EX_MEM:exmem|Register_32bits:alu_output|Rf_Register_8bits:register_component|enARdFF_2:b16|int_q ; gclock       ; gclock      ; 1.000        ; 0.335      ; 20.859     ;
; -19.520 ; EX_MEM:exmem|Register_5bits:rd|enARdFF_2:b1|int_q                                                             ; EX_MEM:exmem|Register_32bits:alu_output|Rf_Register_8bits:register_component|enARdFF_2:b16|int_q ; gclock       ; gclock      ; 1.000        ; 0.335      ; 20.854     ;
; -19.519 ; ID_EX:ID_EX_register|Register_32bits:instruction_val|Rf_Register_8bits:register_component|enARdFF_2:b25|int_q ; EX_MEM:exmem|Register_32bits:alu_output|Rf_Register_8bits:register_component|enARdFF_2:b4|int_q  ; gclock       ; gclock      ; 1.000        ; 0.334      ; 20.852     ;
; -19.518 ; EX_MEM:exmem|Register_5bits:rd|enARdFF_2:b3|int_q                                                             ; EX_MEM:exmem|Register_32bits:alu_output|Rf_Register_8bits:register_component|enARdFF_2:b22|int_q ; gclock       ; gclock      ; 1.000        ; 0.310      ; 20.827     ;
; -19.518 ; MEM_WB:MEMWB|Register_5bits:rd|enARdFF_2:b1|int_q                                                             ; EX_MEM:exmem|Register_32bits:alu_output|Rf_Register_8bits:register_component|enARdFF_2:b3|int_q  ; gclock       ; gclock      ; 1.000        ; 0.334      ; 20.851     ;
; -19.517 ; EX_MEM:exmem|Register_5bits:rd|enARdFF_2:b3|int_q                                                             ; EX_MEM:exmem|Register_32bits:alu_output|Rf_Register_8bits:register_component|enARdFF_2:b24|int_q ; gclock       ; gclock      ; 1.000        ; 0.339      ; 20.855     ;
; -19.516 ; EX_MEM:exmem|Register_5bits:rd|enARdFF_2:b3|int_q                                                             ; EX_MEM:exmem|Register_32bits:alu_output|Rf_Register_8bits:register_component|enARdFF_2:b25|int_q ; gclock       ; gclock      ; 1.000        ; 0.339      ; 20.854     ;
; -19.509 ; MEM_WB:MEMWB|Register_5bits:rd|enARdFF_2:b1|int_q                                                             ; EX_MEM:exmem|Register_32bits:alu_output|Rf_Register_8bits:register_component|enARdFF_2:b20|int_q ; gclock       ; gclock      ; 1.000        ; 0.338      ; 20.846     ;
; -19.503 ; ID_EX:ID_EX_register|Register_32bits:instruction_val|Rf_Register_8bits:register_component|enARdFF_2:b24|int_q ; EX_MEM:exmem|Register_32bits:alu_output|Rf_Register_8bits:register_component|enARdFF_2:b4|int_q  ; gclock       ; gclock      ; 1.000        ; 0.334      ; 20.836     ;
; -19.503 ; EX_MEM:exmem|Register_5bits:rd|enARdFF_2:b0|int_q                                                             ; EX_MEM:exmem|Register_32bits:alu_output|Rf_Register_8bits:register_component|enARdFF_2:b22|int_q ; gclock       ; gclock      ; 1.000        ; 0.310      ; 20.812     ;
; -19.502 ; ID_EX:ID_EX_register|Register_32bits:instruction_val|Rf_Register_8bits:register_component|enARdFF_2:b25|int_q ; EX_MEM:exmem|Register_32bits:alu_output|Rf_Register_8bits:register_component|enARdFF_2:b16|int_q ; gclock       ; gclock      ; 1.000        ; 0.335      ; 20.836     ;
; -19.502 ; EX_MEM:exmem|Register_5bits:rd|enARdFF_2:b0|int_q                                                             ; EX_MEM:exmem|Register_32bits:alu_output|Rf_Register_8bits:register_component|enARdFF_2:b24|int_q ; gclock       ; gclock      ; 1.000        ; 0.339      ; 20.840     ;
; -19.501 ; EX_MEM:exmem|Register_5bits:rd|enARdFF_2:b0|int_q                                                             ; EX_MEM:exmem|Register_32bits:alu_output|Rf_Register_8bits:register_component|enARdFF_2:b25|int_q ; gclock       ; gclock      ; 1.000        ; 0.339      ; 20.839     ;
; -19.499 ; ID_EX:ID_EX_register|Register_32bits:instruction_val|Rf_Register_8bits:register_component|enARdFF_2:b16|int_q ; EX_MEM:exmem|Register_32bits:alu_output|Rf_Register_8bits:register_component|enARdFF_2:b4|int_q  ; gclock       ; gclock      ; 1.000        ; 0.343      ; 20.841     ;
; -19.499 ; EX_MEM:exmem|Register_5bits:rd|enARdFF_2:b2|int_q                                                             ; EX_MEM:exmem|Register_32bits:alu_output|Rf_Register_8bits:register_component|enARdFF_2:b22|int_q ; gclock       ; gclock      ; 1.000        ; 0.310      ; 20.808     ;
; -19.498 ; EX_MEM:exmem|Register_5bits:rd|enARdFF_2:b2|int_q                                                             ; EX_MEM:exmem|Register_32bits:alu_output|Rf_Register_8bits:register_component|enARdFF_2:b24|int_q ; gclock       ; gclock      ; 1.000        ; 0.339      ; 20.836     ;
; -19.497 ; EX_MEM:exmem|Register_5bits:rd|enARdFF_2:b2|int_q                                                             ; EX_MEM:exmem|Register_32bits:alu_output|Rf_Register_8bits:register_component|enARdFF_2:b25|int_q ; gclock       ; gclock      ; 1.000        ; 0.339      ; 20.835     ;
; -19.493 ; EX_MEM:exmem|Register_32bits:ram_address|Rf_Register_8bits:register_component|enARdFF_2:b1|int_q              ; EX_MEM:exmem|Register_32bits:alu_output|Rf_Register_8bits:register_component|enARdFF_2:b22|int_q ; gclock       ; gclock      ; 1.000        ; 0.317      ; 20.809     ;
; -19.492 ; EX_MEM:exmem|Register_32bits:ram_address|Rf_Register_8bits:register_component|enARdFF_2:b1|int_q              ; EX_MEM:exmem|Register_32bits:alu_output|Rf_Register_8bits:register_component|enARdFF_2:b24|int_q ; gclock       ; gclock      ; 1.000        ; 0.346      ; 20.837     ;
; -19.491 ; EX_MEM:exmem|Register_32bits:ram_address|Rf_Register_8bits:register_component|enARdFF_2:b1|int_q              ; EX_MEM:exmem|Register_32bits:alu_output|Rf_Register_8bits:register_component|enARdFF_2:b25|int_q ; gclock       ; gclock      ; 1.000        ; 0.346      ; 20.836     ;
; -19.487 ; ID_EX:ID_EX_register|Register_32bits:instruction_val|Rf_Register_8bits:register_component|enARdFF_2:b16|int_q ; EX_MEM:exmem|Register_32bits:alu_output|Rf_Register_8bits:register_component|enARdFF_2:b16|int_q ; gclock       ; gclock      ; 1.000        ; 0.344      ; 20.830     ;
; -19.486 ; ID_EX:ID_EX_register|Register_32bits:instruction_val|Rf_Register_8bits:register_component|enARdFF_2:b24|int_q ; EX_MEM:exmem|Register_32bits:alu_output|Rf_Register_8bits:register_component|enARdFF_2:b16|int_q ; gclock       ; gclock      ; 1.000        ; 0.335      ; 20.820     ;
; -19.480 ; EX_MEM:exmem|Register_32bits:ram_address|Rf_Register_8bits:register_component|enARdFF_2:b3|int_q              ; EX_MEM:exmem|Register_32bits:alu_output|Rf_Register_8bits:register_component|enARdFF_2:b22|int_q ; gclock       ; gclock      ; 1.000        ; 0.317      ; 20.796     ;
; -19.479 ; EX_MEM:exmem|Register_32bits:ram_address|Rf_Register_8bits:register_component|enARdFF_2:b3|int_q              ; EX_MEM:exmem|Register_32bits:alu_output|Rf_Register_8bits:register_component|enARdFF_2:b24|int_q ; gclock       ; gclock      ; 1.000        ; 0.346      ; 20.824     ;
; -19.478 ; EX_MEM:exmem|Register_32bits:ram_address|Rf_Register_8bits:register_component|enARdFF_2:b3|int_q              ; EX_MEM:exmem|Register_32bits:alu_output|Rf_Register_8bits:register_component|enARdFF_2:b25|int_q ; gclock       ; gclock      ; 1.000        ; 0.346      ; 20.823     ;
; -19.475 ; EX_MEM:exmem|Register_32bits:ram_address|Rf_Register_8bits:register_component|enARdFF_2:b7|int_q              ; EX_MEM:exmem|Register_32bits:alu_output|Rf_Register_8bits:register_component|enARdFF_2:b2|int_q  ; gclock       ; gclock      ; 1.000        ; 0.318      ; 20.792     ;
; -19.475 ; EX_MEM:exmem|Register_5bits:rd|enARdFF_2:b3|int_q                                                             ; EX_MEM:exmem|Register_32bits:alu_output|Rf_Register_8bits:register_component|enARdFF_2:b3|int_q  ; gclock       ; gclock      ; 1.000        ; 0.333      ; 20.807     ;
; -19.472 ; EX_MEM:exmem|Register_32bits:ram_address|Rf_Register_8bits:register_component|enARdFF_2:b7|int_q              ; EX_MEM:exmem|Register_32bits:alu_output|Rf_Register_8bits:register_component|enARdFF_2:b13|int_q ; gclock       ; gclock      ; 1.000        ; 0.318      ; 20.789     ;
; -19.467 ; EX_MEM:exmem|Register_32bits:ram_address|Rf_Register_8bits:register_component|enARdFF_2:b4|int_q              ; EX_MEM:exmem|Register_32bits:alu_output|Rf_Register_8bits:register_component|enARdFF_2:b22|int_q ; gclock       ; gclock      ; 1.000        ; 0.317      ; 20.783     ;
; -19.466 ; EX_MEM:exmem|Register_32bits:ram_address|Rf_Register_8bits:register_component|enARdFF_2:b4|int_q              ; EX_MEM:exmem|Register_32bits:alu_output|Rf_Register_8bits:register_component|enARdFF_2:b24|int_q ; gclock       ; gclock      ; 1.000        ; 0.346      ; 20.811     ;
; -19.466 ; EX_MEM:exmem|Register_5bits:rd|enARdFF_2:b3|int_q                                                             ; EX_MEM:exmem|Register_32bits:alu_output|Rf_Register_8bits:register_component|enARdFF_2:b20|int_q ; gclock       ; gclock      ; 1.000        ; 0.337      ; 20.802     ;
; -19.465 ; EX_MEM:exmem|Register_5bits:rd|enARdFF_2:b4|int_q                                                             ; EX_MEM:exmem|Register_32bits:alu_output|Rf_Register_8bits:register_component|enARdFF_2:b22|int_q ; gclock       ; gclock      ; 1.000        ; 0.311      ; 20.775     ;
; -19.465 ; EX_MEM:exmem|Register_32bits:ram_address|Rf_Register_8bits:register_component|enARdFF_2:b4|int_q              ; EX_MEM:exmem|Register_32bits:alu_output|Rf_Register_8bits:register_component|enARdFF_2:b25|int_q ; gclock       ; gclock      ; 1.000        ; 0.346      ; 20.810     ;
; -19.464 ; EX_MEM:exmem|Register_5bits:rd|enARdFF_2:b4|int_q                                                             ; EX_MEM:exmem|Register_32bits:alu_output|Rf_Register_8bits:register_component|enARdFF_2:b24|int_q ; gclock       ; gclock      ; 1.000        ; 0.340      ; 20.803     ;
; -19.463 ; EX_MEM:exmem|Register_5bits:rd|enARdFF_2:b4|int_q                                                             ; EX_MEM:exmem|Register_32bits:alu_output|Rf_Register_8bits:register_component|enARdFF_2:b25|int_q ; gclock       ; gclock      ; 1.000        ; 0.340      ; 20.802     ;
; -19.460 ; EX_MEM:exmem|Register_5bits:rd|enARdFF_2:b0|int_q                                                             ; EX_MEM:exmem|Register_32bits:alu_output|Rf_Register_8bits:register_component|enARdFF_2:b3|int_q  ; gclock       ; gclock      ; 1.000        ; 0.333      ; 20.792     ;
; -19.459 ; ID_EX:ID_EX_register|Register_32bits:instruction_val|Rf_Register_8bits:register_component|enARdFF_2:b22|int_q ; EX_MEM:exmem|Register_32bits:alu_output|Rf_Register_8bits:register_component|enARdFF_2:b4|int_q  ; gclock       ; gclock      ; 1.000        ; 0.333      ; 20.791     ;
; -19.456 ; EX_MEM:exmem|Register_5bits:rd|enARdFF_2:b2|int_q                                                             ; EX_MEM:exmem|Register_32bits:alu_output|Rf_Register_8bits:register_component|enARdFF_2:b3|int_q  ; gclock       ; gclock      ; 1.000        ; 0.333      ; 20.788     ;
; -19.451 ; EX_MEM:exmem|Register_5bits:rd|enARdFF_2:b0|int_q                                                             ; EX_MEM:exmem|Register_32bits:alu_output|Rf_Register_8bits:register_component|enARdFF_2:b20|int_q ; gclock       ; gclock      ; 1.000        ; 0.337      ; 20.787     ;
; -19.450 ; EX_MEM:exmem|Register_32bits:ram_address|Rf_Register_8bits:register_component|enARdFF_2:b1|int_q              ; EX_MEM:exmem|Register_32bits:alu_output|Rf_Register_8bits:register_component|enARdFF_2:b3|int_q  ; gclock       ; gclock      ; 1.000        ; 0.340      ; 20.789     ;
; -19.449 ; EX_MEM:exmem|Register_32bits:ram_address|Rf_Register_8bits:register_component|enARdFF_2:b0|int_q              ; EX_MEM:exmem|Register_32bits:alu_output|Rf_Register_8bits:register_component|enARdFF_2:b22|int_q ; gclock       ; gclock      ; 1.000        ; 0.317      ; 20.765     ;
; -19.448 ; EX_MEM:exmem|Register_32bits:ram_address|Rf_Register_8bits:register_component|enARdFF_2:b0|int_q              ; EX_MEM:exmem|Register_32bits:alu_output|Rf_Register_8bits:register_component|enARdFF_2:b24|int_q ; gclock       ; gclock      ; 1.000        ; 0.346      ; 20.793     ;
; -19.447 ; EX_MEM:exmem|Register_32bits:ram_address|Rf_Register_8bits:register_component|enARdFF_2:b0|int_q              ; EX_MEM:exmem|Register_32bits:alu_output|Rf_Register_8bits:register_component|enARdFF_2:b25|int_q ; gclock       ; gclock      ; 1.000        ; 0.346      ; 20.792     ;
; -19.447 ; EX_MEM:exmem|Register_5bits:rd|enARdFF_2:b2|int_q                                                             ; EX_MEM:exmem|Register_32bits:alu_output|Rf_Register_8bits:register_component|enARdFF_2:b20|int_q ; gclock       ; gclock      ; 1.000        ; 0.337      ; 20.783     ;
; -19.445 ; MEM_WB:MEMWB|Register_5bits:rd|enARdFF_2:b2|int_q                                                             ; EX_MEM:exmem|Register_32bits:alu_output|Rf_Register_8bits:register_component|enARdFF_2:b4|int_q  ; gclock       ; gclock      ; 1.000        ; 0.334      ; 20.778     ;
; -19.442 ; ID_EX:ID_EX_register|Register_32bits:instruction_val|Rf_Register_8bits:register_component|enARdFF_2:b22|int_q ; EX_MEM:exmem|Register_32bits:alu_output|Rf_Register_8bits:register_component|enARdFF_2:b16|int_q ; gclock       ; gclock      ; 1.000        ; 0.334      ; 20.775     ;
; -19.442 ; ID_EX:ID_EX_register|Register_32bits:instruction_val|Rf_Register_8bits:register_component|enARdFF_2:b17|int_q ; EX_MEM:exmem|Register_32bits:alu_output|Rf_Register_8bits:register_component|enARdFF_2:b22|int_q ; gclock       ; gclock      ; 1.000        ; 0.311      ; 20.752     ;
; -19.441 ; EX_MEM:exmem|Register_32bits:ram_address|Rf_Register_8bits:register_component|enARdFF_2:b1|int_q              ; EX_MEM:exmem|Register_32bits:alu_output|Rf_Register_8bits:register_component|enARdFF_2:b20|int_q ; gclock       ; gclock      ; 1.000        ; 0.344      ; 20.784     ;
; -19.441 ; ID_EX:ID_EX_register|Register_32bits:instruction_val|Rf_Register_8bits:register_component|enARdFF_2:b17|int_q ; EX_MEM:exmem|Register_32bits:alu_output|Rf_Register_8bits:register_component|enARdFF_2:b24|int_q ; gclock       ; gclock      ; 1.000        ; 0.340      ; 20.780     ;
; -19.440 ; ID_EX:ID_EX_register|Register_32bits:instruction_val|Rf_Register_8bits:register_component|enARdFF_2:b17|int_q ; EX_MEM:exmem|Register_32bits:alu_output|Rf_Register_8bits:register_component|enARdFF_2:b25|int_q ; gclock       ; gclock      ; 1.000        ; 0.340      ; 20.779     ;
; -19.438 ; MEM_WB:MEMWB|Register_5bits:rd|enARdFF_2:b0|int_q                                                             ; EX_MEM:exmem|Register_32bits:alu_output|Rf_Register_8bits:register_component|enARdFF_2:b4|int_q  ; gclock       ; gclock      ; 1.000        ; 0.334      ; 20.771     ;
; -19.437 ; EX_MEM:exmem|Register_32bits:ram_address|Rf_Register_8bits:register_component|enARdFF_2:b3|int_q              ; EX_MEM:exmem|Register_32bits:alu_output|Rf_Register_8bits:register_component|enARdFF_2:b3|int_q  ; gclock       ; gclock      ; 1.000        ; 0.340      ; 20.776     ;
; -19.433 ; ID_EX:ID_EX_register|Register_32bits:instruction_val|Rf_Register_8bits:register_component|enARdFF_2:b21|int_q ; EX_MEM:exmem|Register_32bits:alu_output|Rf_Register_8bits:register_component|enARdFF_2:b22|int_q ; gclock       ; gclock      ; 1.000        ; 0.311      ; 20.743     ;
; -19.432 ; ID_EX:ID_EX_register|Register_32bits:instruction_val|Rf_Register_8bits:register_component|enARdFF_2:b21|int_q ; EX_MEM:exmem|Register_32bits:alu_output|Rf_Register_8bits:register_component|enARdFF_2:b24|int_q ; gclock       ; gclock      ; 1.000        ; 0.340      ; 20.771     ;
; -19.431 ; ID_EX:ID_EX_register|Register_32bits:instruction_val|Rf_Register_8bits:register_component|enARdFF_2:b21|int_q ; EX_MEM:exmem|Register_32bits:alu_output|Rf_Register_8bits:register_component|enARdFF_2:b25|int_q ; gclock       ; gclock      ; 1.000        ; 0.340      ; 20.770     ;
; -19.428 ; MEM_WB:MEMWB|Register_5bits:rd|enARdFF_2:b2|int_q                                                             ; EX_MEM:exmem|Register_32bits:alu_output|Rf_Register_8bits:register_component|enARdFF_2:b16|int_q ; gclock       ; gclock      ; 1.000        ; 0.335      ; 20.762     ;
; -19.428 ; EX_MEM:exmem|Register_5bits:rd|enARdFF_2:b1|int_q                                                             ; EX_MEM:exmem|Register_32bits:alu_output|Rf_Register_8bits:register_component|enARdFF_2:b22|int_q ; gclock       ; gclock      ; 1.000        ; 0.311      ; 20.738     ;
; -19.428 ; EX_MEM:exmem|Register_32bits:ram_address|Rf_Register_8bits:register_component|enARdFF_2:b3|int_q              ; EX_MEM:exmem|Register_32bits:alu_output|Rf_Register_8bits:register_component|enARdFF_2:b20|int_q ; gclock       ; gclock      ; 1.000        ; 0.344      ; 20.771     ;
; -19.427 ; EX_MEM:exmem|Register_5bits:rd|enARdFF_2:b1|int_q                                                             ; EX_MEM:exmem|Register_32bits:alu_output|Rf_Register_8bits:register_component|enARdFF_2:b24|int_q ; gclock       ; gclock      ; 1.000        ; 0.340      ; 20.766     ;
; -19.427 ; MEM_WB:MEMWB|Register_5bits:rd|enARdFF_2:b1|int_q                                                             ; EX_MEM:exmem|Register_32bits:alu_output|Rf_Register_8bits:register_component|enARdFF_2:b2|int_q  ; gclock       ; gclock      ; 1.000        ; 0.312      ; 20.738     ;
; -19.426 ; EX_MEM:exmem|Register_32bits:ram_address|Rf_Register_8bits:register_component|enARdFF_2:b6|int_q              ; EX_MEM:exmem|Register_32bits:alu_output|Rf_Register_8bits:register_component|enARdFF_2:b4|int_q  ; gclock       ; gclock      ; 1.000        ; 0.340      ; 20.765     ;
; -19.426 ; EX_MEM:exmem|Register_5bits:rd|enARdFF_2:b1|int_q                                                             ; EX_MEM:exmem|Register_32bits:alu_output|Rf_Register_8bits:register_component|enARdFF_2:b25|int_q ; gclock       ; gclock      ; 1.000        ; 0.340      ; 20.765     ;
; -19.424 ; EX_MEM:exmem|Register_32bits:ram_address|Rf_Register_8bits:register_component|enARdFF_2:b4|int_q              ; EX_MEM:exmem|Register_32bits:alu_output|Rf_Register_8bits:register_component|enARdFF_2:b3|int_q  ; gclock       ; gclock      ; 1.000        ; 0.340      ; 20.763     ;
; -19.424 ; MEM_WB:MEMWB|Register_5bits:rd|enARdFF_2:b1|int_q                                                             ; EX_MEM:exmem|Register_32bits:alu_output|Rf_Register_8bits:register_component|enARdFF_2:b13|int_q ; gclock       ; gclock      ; 1.000        ; 0.312      ; 20.735     ;
; -19.422 ; EX_MEM:exmem|Register_5bits:rd|enARdFF_2:b4|int_q                                                             ; EX_MEM:exmem|Register_32bits:alu_output|Rf_Register_8bits:register_component|enARdFF_2:b3|int_q  ; gclock       ; gclock      ; 1.000        ; 0.334      ; 20.755     ;
; -19.421 ; MEM_WB:MEMWB|Register_5bits:rd|enARdFF_2:b0|int_q                                                             ; EX_MEM:exmem|Register_32bits:alu_output|Rf_Register_8bits:register_component|enARdFF_2:b16|int_q ; gclock       ; gclock      ; 1.000        ; 0.335      ; 20.755     ;
; -19.415 ; EX_MEM:exmem|Register_32bits:ram_address|Rf_Register_8bits:register_component|enARdFF_2:b4|int_q              ; EX_MEM:exmem|Register_32bits:alu_output|Rf_Register_8bits:register_component|enARdFF_2:b20|int_q ; gclock       ; gclock      ; 1.000        ; 0.344      ; 20.758     ;
; -19.413 ; EX_MEM:exmem|Register_5bits:rd|enARdFF_2:b4|int_q                                                             ; EX_MEM:exmem|Register_32bits:alu_output|Rf_Register_8bits:register_component|enARdFF_2:b20|int_q ; gclock       ; gclock      ; 1.000        ; 0.338      ; 20.750     ;
+---------+---------------------------------------------------------------------------------------------------------------+--------------------------------------------------------------------------------------------------+--------------+-------------+--------------+------------+------------+


+-------------------------------------------------------------------------------------------------------------------------------------------------------------------------------------------------------------------------------------------------------------------------------------------------------------------------------------------------------+
; Slow 1200mV 0C Model Hold: 'gclock'                                                                                                                                                                                                                                                                                                                   ;
+-------+------------------------------------------------------------------------------------------------------------------------------------+------------------------------------------------------------------------------------------------------------------------------------+--------------+-------------+--------------+------------+------------+
; Slack ; From Node                                                                                                                          ; To Node                                                                                                                            ; Launch Clock ; Latch Clock ; Relationship ; Clock Skew ; Data Delay ;
+-------+------------------------------------------------------------------------------------------------------------------------------------+------------------------------------------------------------------------------------------------------------------------------------+--------------+-------------+--------------+------------+------------+
; 0.336 ; LoadUseHazard_Fix:LoadUseHazard_FixUnit|Register_32bits:Register_operand2|Rf_Register_8bits:register_component|enARdFF_2:b23|int_q ; LoadUseHazard_Fix:LoadUseHazard_FixUnit|Register_32bits:Register_operand2|Rf_Register_8bits:register_component|enARdFF_2:b23|int_q ; gclock       ; gclock      ; 0.000        ; 0.090      ; 0.597      ;
; 0.336 ; LoadUseHazard_Fix:LoadUseHazard_FixUnit|Register_32bits:Register_operand2|Rf_Register_8bits:register_component|enARdFF_2:b12|int_q ; LoadUseHazard_Fix:LoadUseHazard_FixUnit|Register_32bits:Register_operand2|Rf_Register_8bits:register_component|enARdFF_2:b12|int_q ; gclock       ; gclock      ; 0.000        ; 0.090      ; 0.597      ;
; 0.336 ; LoadUseHazard_Fix:LoadUseHazard_FixUnit|Register_32bits:Register_operand2|Rf_Register_8bits:register_component|enARdFF_2:b7|int_q  ; LoadUseHazard_Fix:LoadUseHazard_FixUnit|Register_32bits:Register_operand2|Rf_Register_8bits:register_component|enARdFF_2:b7|int_q  ; gclock       ; gclock      ; 0.000        ; 0.090      ; 0.597      ;
; 0.336 ; LoadUseHazard_Fix:LoadUseHazard_FixUnit|Register_32bits:Register_operand1|Rf_Register_8bits:register_component|enARdFF_2:b5|int_q  ; LoadUseHazard_Fix:LoadUseHazard_FixUnit|Register_32bits:Register_operand1|Rf_Register_8bits:register_component|enARdFF_2:b5|int_q  ; gclock       ; gclock      ; 0.000        ; 0.090      ; 0.597      ;
; 0.336 ; LoadUseHazard_Fix:LoadUseHazard_FixUnit|Register_32bits:Register_operand2|Rf_Register_8bits:register_component|enARdFF_2:b5|int_q  ; LoadUseHazard_Fix:LoadUseHazard_FixUnit|Register_32bits:Register_operand2|Rf_Register_8bits:register_component|enARdFF_2:b5|int_q  ; gclock       ; gclock      ; 0.000        ; 0.090      ; 0.597      ;
; 0.337 ; LoadUseHazard_Fix:LoadUseHazard_FixUnit|Register_32bits:Register_operand2|Rf_Register_8bits:register_component|enARdFF_2:b9|int_q  ; LoadUseHazard_Fix:LoadUseHazard_FixUnit|Register_32bits:Register_operand2|Rf_Register_8bits:register_component|enARdFF_2:b9|int_q  ; gclock       ; gclock      ; 0.000        ; 0.089      ; 0.597      ;
; 0.348 ; LoadUseHazard_Fix:LoadUseHazard_FixUnit|twobitcounter:twobitcnt|enARdFF_2:lsb|int_q                                                ; LoadUseHazard_Fix:LoadUseHazard_FixUnit|twobitcounter:twobitcnt|enARdFF_2:lsb|int_q                                                ; gclock       ; gclock      ; 0.000        ; 0.089      ; 0.608      ;
; 0.352 ; LoadUseHazard_Fix:LoadUseHazard_FixUnit|Register_32bits:Register_operand2|Rf_Register_8bits:register_component|enARdFF_2:b0|int_q  ; LoadUseHazard_Fix:LoadUseHazard_FixUnit|Register_32bits:Register_operand2|Rf_Register_8bits:register_component|enARdFF_2:b0|int_q  ; gclock       ; gclock      ; 0.000        ; 0.074      ; 0.597      ;
; 0.352 ; LoadUseHazard_Fix:LoadUseHazard_FixUnit|Register_32bits:Register_operand2|Rf_Register_8bits:register_component|enARdFF_2:b1|int_q  ; LoadUseHazard_Fix:LoadUseHazard_FixUnit|Register_32bits:Register_operand2|Rf_Register_8bits:register_component|enARdFF_2:b1|int_q  ; gclock       ; gclock      ; 0.000        ; 0.074      ; 0.597      ;
; 0.353 ; LoadUseHazard_Fix:LoadUseHazard_FixUnit|Register_32bits:Register_operand1|Rf_Register_8bits:register_component|enARdFF_2:b14|int_q ; LoadUseHazard_Fix:LoadUseHazard_FixUnit|Register_32bits:Register_operand1|Rf_Register_8bits:register_component|enARdFF_2:b14|int_q ; gclock       ; gclock      ; 0.000        ; 0.073      ; 0.597      ;
; 0.353 ; LoadUseHazard_Fix:LoadUseHazard_FixUnit|Register_32bits:Register_operand2|Rf_Register_8bits:register_component|enARdFF_2:b14|int_q ; LoadUseHazard_Fix:LoadUseHazard_FixUnit|Register_32bits:Register_operand2|Rf_Register_8bits:register_component|enARdFF_2:b14|int_q ; gclock       ; gclock      ; 0.000        ; 0.073      ; 0.597      ;
; 0.353 ; LoadUseHazard_Fix:LoadUseHazard_FixUnit|Register_32bits:Register_operand2|Rf_Register_8bits:register_component|enARdFF_2:b13|int_q ; LoadUseHazard_Fix:LoadUseHazard_FixUnit|Register_32bits:Register_operand2|Rf_Register_8bits:register_component|enARdFF_2:b13|int_q ; gclock       ; gclock      ; 0.000        ; 0.073      ; 0.597      ;
; 0.353 ; LoadUseHazard_Fix:LoadUseHazard_FixUnit|Register_32bits:Register_operand2|Rf_Register_8bits:register_component|enARdFF_2:b10|int_q ; LoadUseHazard_Fix:LoadUseHazard_FixUnit|Register_32bits:Register_operand2|Rf_Register_8bits:register_component|enARdFF_2:b10|int_q ; gclock       ; gclock      ; 0.000        ; 0.073      ; 0.597      ;
; 0.353 ; LoadUseHazard_Fix:LoadUseHazard_FixUnit|Register_32bits:Register_operand1|Rf_Register_8bits:register_component|enARdFF_2:b16|int_q ; LoadUseHazard_Fix:LoadUseHazard_FixUnit|Register_32bits:Register_operand1|Rf_Register_8bits:register_component|enARdFF_2:b16|int_q ; gclock       ; gclock      ; 0.000        ; 0.073      ; 0.597      ;
; 0.353 ; PC:pc_temp|enARdFF_2:b2|int_q                                                                                                      ; PC:pc_temp|enARdFF_2:b2|int_q                                                                                                      ; gclock       ; gclock      ; 0.000        ; 0.073      ; 0.597      ;
; 0.353 ; PC:pc_temp|enARdFF_2:b3|int_q                                                                                                      ; PC:pc_temp|enARdFF_2:b3|int_q                                                                                                      ; gclock       ; gclock      ; 0.000        ; 0.073      ; 0.597      ;
; 0.353 ; PC:pc_temp|enARdFF_2:b6|int_q                                                                                                      ; PC:pc_temp|enARdFF_2:b6|int_q                                                                                                      ; gclock       ; gclock      ; 0.000        ; 0.073      ; 0.597      ;
; 0.353 ; PC:pc_temp|enARdFF_2:b0|int_q                                                                                                      ; PC:pc_temp|enARdFF_2:b0|int_q                                                                                                      ; gclock       ; gclock      ; 0.000        ; 0.073      ; 0.597      ;
; 0.353 ; LoadUseHazard_Fix:LoadUseHazard_FixUnit|Register_32bits:Register_operand2|Rf_Register_8bits:register_component|enARdFF_2:b31|int_q ; LoadUseHazard_Fix:LoadUseHazard_FixUnit|Register_32bits:Register_operand2|Rf_Register_8bits:register_component|enARdFF_2:b31|int_q ; gclock       ; gclock      ; 0.000        ; 0.073      ; 0.597      ;
; 0.353 ; LoadUseHazard_Fix:LoadUseHazard_FixUnit|Register_32bits:Register_operand1|Rf_Register_8bits:register_component|enARdFF_2:b31|int_q ; LoadUseHazard_Fix:LoadUseHazard_FixUnit|Register_32bits:Register_operand1|Rf_Register_8bits:register_component|enARdFF_2:b31|int_q ; gclock       ; gclock      ; 0.000        ; 0.073      ; 0.597      ;
; 0.353 ; LoadUseHazard_Fix:LoadUseHazard_FixUnit|Register_32bits:Register_operand2|Rf_Register_8bits:register_component|enARdFF_2:b29|int_q ; LoadUseHazard_Fix:LoadUseHazard_FixUnit|Register_32bits:Register_operand2|Rf_Register_8bits:register_component|enARdFF_2:b29|int_q ; gclock       ; gclock      ; 0.000        ; 0.073      ; 0.597      ;
; 0.353 ; LoadUseHazard_Fix:LoadUseHazard_FixUnit|Register_32bits:Register_operand2|Rf_Register_8bits:register_component|enARdFF_2:b19|int_q ; LoadUseHazard_Fix:LoadUseHazard_FixUnit|Register_32bits:Register_operand2|Rf_Register_8bits:register_component|enARdFF_2:b19|int_q ; gclock       ; gclock      ; 0.000        ; 0.073      ; 0.597      ;
; 0.353 ; LoadUseHazard_Fix:LoadUseHazard_FixUnit|Register_32bits:Register_operand1|Rf_Register_8bits:register_component|enARdFF_2:b18|int_q ; LoadUseHazard_Fix:LoadUseHazard_FixUnit|Register_32bits:Register_operand1|Rf_Register_8bits:register_component|enARdFF_2:b18|int_q ; gclock       ; gclock      ; 0.000        ; 0.073      ; 0.597      ;
; 0.353 ; LoadUseHazard_Fix:LoadUseHazard_FixUnit|Register_32bits:Register_operand2|Rf_Register_8bits:register_component|enARdFF_2:b18|int_q ; LoadUseHazard_Fix:LoadUseHazard_FixUnit|Register_32bits:Register_operand2|Rf_Register_8bits:register_component|enARdFF_2:b18|int_q ; gclock       ; gclock      ; 0.000        ; 0.073      ; 0.597      ;
; 0.353 ; LoadUseHazard_Fix:LoadUseHazard_FixUnit|Register_32bits:Register_operand1|Rf_Register_8bits:register_component|enARdFF_2:b27|int_q ; LoadUseHazard_Fix:LoadUseHazard_FixUnit|Register_32bits:Register_operand1|Rf_Register_8bits:register_component|enARdFF_2:b27|int_q ; gclock       ; gclock      ; 0.000        ; 0.073      ; 0.597      ;
; 0.353 ; LoadUseHazard_Fix:LoadUseHazard_FixUnit|Register_32bits:Register_operand1|Rf_Register_8bits:register_component|enARdFF_2:b26|int_q ; LoadUseHazard_Fix:LoadUseHazard_FixUnit|Register_32bits:Register_operand1|Rf_Register_8bits:register_component|enARdFF_2:b26|int_q ; gclock       ; gclock      ; 0.000        ; 0.073      ; 0.597      ;
; 0.353 ; LoadUseHazard_Fix:LoadUseHazard_FixUnit|Register_32bits:Register_operand2|Rf_Register_8bits:register_component|enARdFF_2:b26|int_q ; LoadUseHazard_Fix:LoadUseHazard_FixUnit|Register_32bits:Register_operand2|Rf_Register_8bits:register_component|enARdFF_2:b26|int_q ; gclock       ; gclock      ; 0.000        ; 0.073      ; 0.597      ;
; 0.353 ; LoadUseHazard_Fix:LoadUseHazard_FixUnit|Register_32bits:Register_operand1|Rf_Register_8bits:register_component|enARdFF_2:b25|int_q ; LoadUseHazard_Fix:LoadUseHazard_FixUnit|Register_32bits:Register_operand1|Rf_Register_8bits:register_component|enARdFF_2:b25|int_q ; gclock       ; gclock      ; 0.000        ; 0.073      ; 0.597      ;
; 0.353 ; LoadUseHazard_Fix:LoadUseHazard_FixUnit|Register_32bits:Register_operand2|Rf_Register_8bits:register_component|enARdFF_2:b25|int_q ; LoadUseHazard_Fix:LoadUseHazard_FixUnit|Register_32bits:Register_operand2|Rf_Register_8bits:register_component|enARdFF_2:b25|int_q ; gclock       ; gclock      ; 0.000        ; 0.073      ; 0.597      ;
; 0.353 ; LoadUseHazard_Fix:LoadUseHazard_FixUnit|Register_32bits:Register_operand1|Rf_Register_8bits:register_component|enARdFF_2:b24|int_q ; LoadUseHazard_Fix:LoadUseHazard_FixUnit|Register_32bits:Register_operand1|Rf_Register_8bits:register_component|enARdFF_2:b24|int_q ; gclock       ; gclock      ; 0.000        ; 0.073      ; 0.597      ;
; 0.353 ; LoadUseHazard_Fix:LoadUseHazard_FixUnit|Register_32bits:Register_operand1|Rf_Register_8bits:register_component|enARdFF_2:b23|int_q ; LoadUseHazard_Fix:LoadUseHazard_FixUnit|Register_32bits:Register_operand1|Rf_Register_8bits:register_component|enARdFF_2:b23|int_q ; gclock       ; gclock      ; 0.000        ; 0.073      ; 0.597      ;
; 0.353 ; LoadUseHazard_Fix:LoadUseHazard_FixUnit|Register_32bits:Register_operand2|Rf_Register_8bits:register_component|enARdFF_2:b22|int_q ; LoadUseHazard_Fix:LoadUseHazard_FixUnit|Register_32bits:Register_operand2|Rf_Register_8bits:register_component|enARdFF_2:b22|int_q ; gclock       ; gclock      ; 0.000        ; 0.073      ; 0.597      ;
; 0.353 ; LoadUseHazard_Fix:LoadUseHazard_FixUnit|Register_32bits:Register_operand2|Rf_Register_8bits:register_component|enARdFF_2:b21|int_q ; LoadUseHazard_Fix:LoadUseHazard_FixUnit|Register_32bits:Register_operand2|Rf_Register_8bits:register_component|enARdFF_2:b21|int_q ; gclock       ; gclock      ; 0.000        ; 0.073      ; 0.597      ;
; 0.353 ; LoadUseHazard_Fix:LoadUseHazard_FixUnit|Register_32bits:Register_operand1|Rf_Register_8bits:register_component|enARdFF_2:b21|int_q ; LoadUseHazard_Fix:LoadUseHazard_FixUnit|Register_32bits:Register_operand1|Rf_Register_8bits:register_component|enARdFF_2:b21|int_q ; gclock       ; gclock      ; 0.000        ; 0.073      ; 0.597      ;
; 0.353 ; LoadUseHazard_Fix:LoadUseHazard_FixUnit|Register_32bits:Register_operand1|Rf_Register_8bits:register_component|enARdFF_2:b20|int_q ; LoadUseHazard_Fix:LoadUseHazard_FixUnit|Register_32bits:Register_operand1|Rf_Register_8bits:register_component|enARdFF_2:b20|int_q ; gclock       ; gclock      ; 0.000        ; 0.073      ; 0.597      ;
; 0.353 ; LoadUseHazard_Fix:LoadUseHazard_FixUnit|Register_32bits:Register_operand2|Rf_Register_8bits:register_component|enARdFF_2:b20|int_q ; LoadUseHazard_Fix:LoadUseHazard_FixUnit|Register_32bits:Register_operand2|Rf_Register_8bits:register_component|enARdFF_2:b20|int_q ; gclock       ; gclock      ; 0.000        ; 0.073      ; 0.597      ;
; 0.353 ; LoadUseHazard_Fix:LoadUseHazard_FixUnit|Register_32bits:Register_operand1|Rf_Register_8bits:register_component|enARdFF_2:b17|int_q ; LoadUseHazard_Fix:LoadUseHazard_FixUnit|Register_32bits:Register_operand1|Rf_Register_8bits:register_component|enARdFF_2:b17|int_q ; gclock       ; gclock      ; 0.000        ; 0.073      ; 0.597      ;
; 0.353 ; LoadUseHazard_Fix:LoadUseHazard_FixUnit|Register_32bits:Register_operand2|Rf_Register_8bits:register_component|enARdFF_2:b17|int_q ; LoadUseHazard_Fix:LoadUseHazard_FixUnit|Register_32bits:Register_operand2|Rf_Register_8bits:register_component|enARdFF_2:b17|int_q ; gclock       ; gclock      ; 0.000        ; 0.073      ; 0.597      ;
; 0.353 ; LoadUseHazard_Fix:LoadUseHazard_FixUnit|Register_32bits:Register_operand2|Rf_Register_8bits:register_component|enARdFF_2:b16|int_q ; LoadUseHazard_Fix:LoadUseHazard_FixUnit|Register_32bits:Register_operand2|Rf_Register_8bits:register_component|enARdFF_2:b16|int_q ; gclock       ; gclock      ; 0.000        ; 0.073      ; 0.597      ;
; 0.353 ; LoadUseHazard_Fix:LoadUseHazard_FixUnit|Register_32bits:Register_operand1|Rf_Register_8bits:register_component|enARdFF_2:b13|int_q ; LoadUseHazard_Fix:LoadUseHazard_FixUnit|Register_32bits:Register_operand1|Rf_Register_8bits:register_component|enARdFF_2:b13|int_q ; gclock       ; gclock      ; 0.000        ; 0.073      ; 0.597      ;
; 0.353 ; LoadUseHazard_Fix:LoadUseHazard_FixUnit|Register_32bits:Register_operand1|Rf_Register_8bits:register_component|enARdFF_2:b12|int_q ; LoadUseHazard_Fix:LoadUseHazard_FixUnit|Register_32bits:Register_operand1|Rf_Register_8bits:register_component|enARdFF_2:b12|int_q ; gclock       ; gclock      ; 0.000        ; 0.073      ; 0.597      ;
; 0.353 ; LoadUseHazard_Fix:LoadUseHazard_FixUnit|Register_32bits:Register_operand2|Rf_Register_8bits:register_component|enARdFF_2:b11|int_q ; LoadUseHazard_Fix:LoadUseHazard_FixUnit|Register_32bits:Register_operand2|Rf_Register_8bits:register_component|enARdFF_2:b11|int_q ; gclock       ; gclock      ; 0.000        ; 0.073      ; 0.597      ;
; 0.353 ; LoadUseHazard_Fix:LoadUseHazard_FixUnit|Register_32bits:Register_operand1|Rf_Register_8bits:register_component|enARdFF_2:b9|int_q  ; LoadUseHazard_Fix:LoadUseHazard_FixUnit|Register_32bits:Register_operand1|Rf_Register_8bits:register_component|enARdFF_2:b9|int_q  ; gclock       ; gclock      ; 0.000        ; 0.073      ; 0.597      ;
; 0.353 ; LoadUseHazard_Fix:LoadUseHazard_FixUnit|Register_32bits:Register_operand2|Rf_Register_8bits:register_component|enARdFF_2:b8|int_q  ; LoadUseHazard_Fix:LoadUseHazard_FixUnit|Register_32bits:Register_operand2|Rf_Register_8bits:register_component|enARdFF_2:b8|int_q  ; gclock       ; gclock      ; 0.000        ; 0.073      ; 0.597      ;
; 0.353 ; LoadUseHazard_Fix:LoadUseHazard_FixUnit|Register_32bits:Register_operand1|Rf_Register_8bits:register_component|enARdFF_2:b15|int_q ; LoadUseHazard_Fix:LoadUseHazard_FixUnit|Register_32bits:Register_operand1|Rf_Register_8bits:register_component|enARdFF_2:b15|int_q ; gclock       ; gclock      ; 0.000        ; 0.073      ; 0.597      ;
; 0.353 ; LoadUseHazard_Fix:LoadUseHazard_FixUnit|Register_32bits:Register_operand2|Rf_Register_8bits:register_component|enARdFF_2:b15|int_q ; LoadUseHazard_Fix:LoadUseHazard_FixUnit|Register_32bits:Register_operand2|Rf_Register_8bits:register_component|enARdFF_2:b15|int_q ; gclock       ; gclock      ; 0.000        ; 0.073      ; 0.597      ;
; 0.353 ; LoadUseHazard_Fix:LoadUseHazard_FixUnit|Register_32bits:Register_operand1|Rf_Register_8bits:register_component|enARdFF_2:b3|int_q  ; LoadUseHazard_Fix:LoadUseHazard_FixUnit|Register_32bits:Register_operand1|Rf_Register_8bits:register_component|enARdFF_2:b3|int_q  ; gclock       ; gclock      ; 0.000        ; 0.073      ; 0.597      ;
; 0.353 ; LoadUseHazard_Fix:LoadUseHazard_FixUnit|Register_32bits:Register_operand2|Rf_Register_8bits:register_component|enARdFF_2:b3|int_q  ; LoadUseHazard_Fix:LoadUseHazard_FixUnit|Register_32bits:Register_operand2|Rf_Register_8bits:register_component|enARdFF_2:b3|int_q  ; gclock       ; gclock      ; 0.000        ; 0.073      ; 0.597      ;
; 0.354 ; PC:pc_temp|enARdFF_2:b4|int_q                                                                                                      ; PC:pc_temp|enARdFF_2:b4|int_q                                                                                                      ; gclock       ; gclock      ; 0.000        ; 0.072      ; 0.597      ;
; 0.354 ; LoadUseHazard_Fix:LoadUseHazard_FixUnit|Register_32bits:Register_operand2|Rf_Register_8bits:register_component|enARdFF_2:b27|int_q ; LoadUseHazard_Fix:LoadUseHazard_FixUnit|Register_32bits:Register_operand2|Rf_Register_8bits:register_component|enARdFF_2:b27|int_q ; gclock       ; gclock      ; 0.000        ; 0.072      ; 0.597      ;
; 0.354 ; LoadUseHazard_Fix:LoadUseHazard_FixUnit|Register_32bits:Register_operand2|Rf_Register_8bits:register_component|enARdFF_2:b24|int_q ; LoadUseHazard_Fix:LoadUseHazard_FixUnit|Register_32bits:Register_operand2|Rf_Register_8bits:register_component|enARdFF_2:b24|int_q ; gclock       ; gclock      ; 0.000        ; 0.072      ; 0.597      ;
; 0.354 ; LoadUseHazard_Fix:LoadUseHazard_FixUnit|Register_32bits:Register_operand2|Rf_Register_8bits:register_component|enARdFF_2:b4|int_q  ; LoadUseHazard_Fix:LoadUseHazard_FixUnit|Register_32bits:Register_operand2|Rf_Register_8bits:register_component|enARdFF_2:b4|int_q  ; gclock       ; gclock      ; 0.000        ; 0.072      ; 0.597      ;
; 0.354 ; LoadUseHazard_Fix:LoadUseHazard_FixUnit|Register_32bits:Register_operand1|Rf_Register_8bits:register_component|enARdFF_2:b4|int_q  ; LoadUseHazard_Fix:LoadUseHazard_FixUnit|Register_32bits:Register_operand1|Rf_Register_8bits:register_component|enARdFF_2:b4|int_q  ; gclock       ; gclock      ; 0.000        ; 0.072      ; 0.597      ;
; 0.354 ; LoadUseHazard_Fix:LoadUseHazard_FixUnit|Register_32bits:Register_operand2|Rf_Register_8bits:register_component|enARdFF_2:b6|int_q  ; LoadUseHazard_Fix:LoadUseHazard_FixUnit|Register_32bits:Register_operand2|Rf_Register_8bits:register_component|enARdFF_2:b6|int_q  ; gclock       ; gclock      ; 0.000        ; 0.072      ; 0.597      ;
; 0.396 ; IF_ID:if_id_register|Register_32bits:pc_offset_val|Rf_Register_8bits:register_component|enARdFF_2:b0|int_q                         ; PC:pc_ref|enARdFF_2:b0|int_q                                                                                                       ; gclock       ; gclock      ; 0.000        ; 0.073      ; 0.640      ;
; 0.402 ; PC:pc_ref|enARdFF_2:b0|int_q                                                                                                       ; IF_ID:if_id_register|Register_32bits:pc_offset_val|Rf_Register_8bits:register_component|enARdFF_2:b0|int_q                         ; gclock       ; gclock      ; 0.000        ; 0.073      ; 0.646      ;
; 0.402 ; PC:pc_ref|enARdFF_2:b0|int_q                                                                                                       ; PC:pc_temp|enARdFF_2:b0|int_q                                                                                                      ; gclock       ; gclock      ; 0.000        ; 0.073      ; 0.646      ;
; 0.404 ; PC:pc_ref|enARdFF_2:b4|int_q                                                                                                       ; IF_ID:if_id_register|Register_32bits:pc_offset_val|Rf_Register_8bits:register_component|enARdFF_2:b4|int_q                         ; gclock       ; gclock      ; 0.000        ; 0.072      ; 0.647      ;
; 0.404 ; PC:pc_temp|enARdFF_2:b5|int_q                                                                                                      ; IF_ID:if_id_register|Register_32bits:pc_offset_val|Rf_Register_8bits:register_component|enARdFF_2:b5|int_q                         ; gclock       ; gclock      ; 0.000        ; 0.072      ; 0.647      ;
; 0.411 ; PC:pc_ref|enARdFF_2:b7|int_q                                                                                                       ; IF_ID:if_id_register|Register_32bits:pc_offset_val|Rf_Register_8bits:register_component|enARdFF_2:b7|int_q                         ; gclock       ; gclock      ; 0.000        ; 0.072      ; 0.654      ;
; 0.413 ; PC:pc_ref|enARdFF_2:b2|int_q                                                                                                       ; IF_ID:if_id_register|Register_32bits:pc_offset_val|Rf_Register_8bits:register_component|enARdFF_2:b2|int_q                         ; gclock       ; gclock      ; 0.000        ; 0.073      ; 0.657      ;
; 0.415 ; PC:pc_ref|enARdFF_2:b28|int_q                                                                                                      ; IF_ID:if_id_register|Register_32bits:pc_offset_val|Rf_Register_8bits:register_component|enARdFF_2:b28|int_q                        ; gclock       ; gclock      ; 0.000        ; 0.073      ; 0.659      ;
; 0.416 ; PC:pc_ref|enARdFF_2:b16|int_q                                                                                                      ; IF_ID:if_id_register|Register_32bits:pc_offset_val|Rf_Register_8bits:register_component|enARdFF_2:b16|int_q                        ; gclock       ; gclock      ; 0.000        ; 0.073      ; 0.660      ;
; 0.416 ; PC:pc_ref|enARdFF_2:b15|int_q                                                                                                      ; IF_ID:if_id_register|Register_32bits:pc_offset_val|Rf_Register_8bits:register_component|enARdFF_2:b15|int_q                        ; gclock       ; gclock      ; 0.000        ; 0.073      ; 0.660      ;
; 0.421 ; PC:pc_ref|enARdFF_2:b26|int_q                                                                                                      ; IF_ID:if_id_register|Register_32bits:pc_offset_val|Rf_Register_8bits:register_component|enARdFF_2:b26|int_q                        ; gclock       ; gclock      ; 0.000        ; 0.073      ; 0.665      ;
; 0.421 ; PC:pc_ref|enARdFF_2:b6|int_q                                                                                                       ; IF_ID:if_id_register|Register_32bits:pc_offset_val|Rf_Register_8bits:register_component|enARdFF_2:b6|int_q                         ; gclock       ; gclock      ; 0.000        ; 0.072      ; 0.664      ;
; 0.423 ; PC:pc_ref|enARdFF_2:b9|int_q                                                                                                       ; IF_ID:if_id_register|Register_32bits:pc_offset_val|Rf_Register_8bits:register_component|enARdFF_2:b9|int_q                         ; gclock       ; gclock      ; 0.000        ; 0.072      ; 0.666      ;
; 0.425 ; PC:pc_temp|enARdFF_2:b25|int_q                                                                                                     ; IF_ID:if_id_register|Register_32bits:pc_offset_val|Rf_Register_8bits:register_component|enARdFF_2:b25|int_q                        ; gclock       ; gclock      ; 0.000        ; 0.072      ; 0.668      ;
; 0.439 ; EX_MEM:exmem|Register_5bits:control_signals|enARdFF_2:b0|int_q                                                                     ; MEM_WB:MEMWB|Register_32bits:read_ram|Rf_Register_8bits:register_component|enARdFF_2:b3|int_q                                      ; gclock       ; gclock      ; 0.000        ; 0.073      ; 0.683      ;
; 0.500 ; IF_ID:if_id_register|Register_32bits:pc_offset_val|Rf_Register_8bits:register_component|enARdFF_2:b30|int_q                        ; PC:pc_ref|enARdFF_2:b30|int_q                                                                                                      ; gclock       ; gclock      ; 0.000        ; 0.073      ; 0.744      ;
; 0.507 ; PC:pc_temp|enARdFF_2:b4|int_q                                                                                                      ; IF_ID:if_id_register|Register_32bits:pc_offset_val|Rf_Register_8bits:register_component|enARdFF_2:b4|int_q                         ; gclock       ; gclock      ; 0.000        ; 0.072      ; 0.750      ;
; 0.523 ; PC:pc_ref|enARdFF_2:b31|int_q                                                                                                      ; IF_ID:if_id_register|Register_32bits:pc_offset_val|Rf_Register_8bits:register_component|enARdFF_2:b31|int_q                        ; gclock       ; gclock      ; 0.000        ; 0.073      ; 0.767      ;
; 0.527 ; PC:pc_temp|enARdFF_2:b16|int_q                                                                                                     ; IF_ID:if_id_register|Register_32bits:pc_offset_val|Rf_Register_8bits:register_component|enARdFF_2:b16|int_q                        ; gclock       ; gclock      ; 0.000        ; 0.073      ; 0.771      ;
; 0.544 ; ID_EX:ID_EX_register|Register_32bits:instruction_val|Rf_Register_8bits:register_component|enARdFF_2:b29|int_q                      ; EX_MEM:exmem|Register_32bits:instruction_val|Rf_Register_8bits:register_component|enARdFF_2:b29|int_q                              ; gclock       ; gclock      ; 0.000        ; 0.072      ; 0.787      ;
; 0.547 ; EX_MEM:exmem|Register_32bits:instruction_val|Rf_Register_8bits:register_component|enARdFF_2:b24|int_q                              ; MEM_WB:MEMWB|Register_32bits:instruction_val|Rf_Register_8bits:register_component|enARdFF_2:b24|int_q                              ; gclock       ; gclock      ; 0.000        ; 0.073      ; 0.791      ;
; 0.547 ; EX_MEM:exmem|Register_32bits:instruction_val|Rf_Register_8bits:register_component|enARdFF_2:b18|int_q                              ; MEM_WB:MEMWB|Register_32bits:instruction_val|Rf_Register_8bits:register_component|enARdFF_2:b18|int_q                              ; gclock       ; gclock      ; 0.000        ; 0.073      ; 0.791      ;
; 0.547 ; EX_MEM:exmem|Register_32bits:instruction_val|Rf_Register_8bits:register_component|enARdFF_2:b2|int_q                               ; MEM_WB:MEMWB|Register_32bits:instruction_val|Rf_Register_8bits:register_component|enARdFF_2:b2|int_q                               ; gclock       ; gclock      ; 0.000        ; 0.072      ; 0.790      ;
; 0.548 ; ID_EX:ID_EX_register|Register_32bits:instruction_val|Rf_Register_8bits:register_component|enARdFF_2:b27|int_q                      ; EX_MEM:exmem|Register_32bits:instruction_val|Rf_Register_8bits:register_component|enARdFF_2:b27|int_q                              ; gclock       ; gclock      ; 0.000        ; 0.073      ; 0.792      ;
; 0.548 ; ID_EX:ID_EX_register|Register_32bits:instruction_val|Rf_Register_8bits:register_component|enARdFF_2:b26|int_q                      ; EX_MEM:exmem|Register_32bits:instruction_val|Rf_Register_8bits:register_component|enARdFF_2:b26|int_q                              ; gclock       ; gclock      ; 0.000        ; 0.073      ; 0.792      ;
; 0.548 ; EX_MEM:exmem|Register_32bits:instruction_val|Rf_Register_8bits:register_component|enARdFF_2:b21|int_q                              ; MEM_WB:MEMWB|Register_32bits:instruction_val|Rf_Register_8bits:register_component|enARdFF_2:b21|int_q                              ; gclock       ; gclock      ; 0.000        ; 0.072      ; 0.791      ;
; 0.548 ; EX_MEM:exmem|Register_32bits:instruction_val|Rf_Register_8bits:register_component|enARdFF_2:b12|int_q                              ; MEM_WB:MEMWB|Register_32bits:instruction_val|Rf_Register_8bits:register_component|enARdFF_2:b12|int_q                              ; gclock       ; gclock      ; 0.000        ; 0.073      ; 0.792      ;
; 0.548 ; EX_MEM:exmem|Register_32bits:instruction_val|Rf_Register_8bits:register_component|enARdFF_2:b8|int_q                               ; MEM_WB:MEMWB|Register_32bits:instruction_val|Rf_Register_8bits:register_component|enARdFF_2:b8|int_q                               ; gclock       ; gclock      ; 0.000        ; 0.072      ; 0.791      ;
; 0.549 ; EX_MEM:exmem|Register_32bits:instruction_val|Rf_Register_8bits:register_component|enARdFF_2:b19|int_q                              ; MEM_WB:MEMWB|Register_32bits:instruction_val|Rf_Register_8bits:register_component|enARdFF_2:b19|int_q                              ; gclock       ; gclock      ; 0.000        ; 0.073      ; 0.793      ;
; 0.549 ; EX_MEM:exmem|Register_32bits:instruction_val|Rf_Register_8bits:register_component|enARdFF_2:b10|int_q                              ; MEM_WB:MEMWB|Register_32bits:instruction_val|Rf_Register_8bits:register_component|enARdFF_2:b10|int_q                              ; gclock       ; gclock      ; 0.000        ; 0.073      ; 0.793      ;
; 0.549 ; EX_MEM:exmem|Register_32bits:instruction_val|Rf_Register_8bits:register_component|enARdFF_2:b5|int_q                               ; MEM_WB:MEMWB|Register_32bits:instruction_val|Rf_Register_8bits:register_component|enARdFF_2:b5|int_q                               ; gclock       ; gclock      ; 0.000        ; 0.072      ; 0.792      ;
; 0.550 ; EX_MEM:exmem|Register_32bits:instruction_val|Rf_Register_8bits:register_component|enARdFF_2:b25|int_q                              ; MEM_WB:MEMWB|Register_32bits:instruction_val|Rf_Register_8bits:register_component|enARdFF_2:b25|int_q                              ; gclock       ; gclock      ; 0.000        ; 0.072      ; 0.793      ;
; 0.550 ; EX_MEM:exmem|Register_32bits:instruction_val|Rf_Register_8bits:register_component|enARdFF_2:b14|int_q                              ; MEM_WB:MEMWB|Register_32bits:instruction_val|Rf_Register_8bits:register_component|enARdFF_2:b14|int_q                              ; gclock       ; gclock      ; 0.000        ; 0.072      ; 0.793      ;
; 0.550 ; EX_MEM:exmem|Register_32bits:instruction_val|Rf_Register_8bits:register_component|enARdFF_2:b1|int_q                               ; MEM_WB:MEMWB|Register_32bits:instruction_val|Rf_Register_8bits:register_component|enARdFF_2:b1|int_q                               ; gclock       ; gclock      ; 0.000        ; 0.072      ; 0.793      ;
; 0.552 ; IF_ID:if_id_register|Register_32bits:instruction_val|Rf_Register_8bits:register_component|enARdFF_2:b31|int_q                      ; ID_EX:ID_EX_register|Register_9bits:control_signals_reg|enARdFF_2:b2|int_q                                                         ; gclock       ; gclock      ; 0.000        ; 0.073      ; 0.796      ;
; 0.554 ; EX_MEM:exmem|Register_32bits:instruction_val|Rf_Register_8bits:register_component|enARdFF_2:b31|int_q                              ; MEM_WB:MEMWB|Register_32bits:instruction_val|Rf_Register_8bits:register_component|enARdFF_2:b31|int_q                              ; gclock       ; gclock      ; 0.000        ; 0.072      ; 0.797      ;
; 0.554 ; EX_MEM:exmem|Register_32bits:instruction_val|Rf_Register_8bits:register_component|enARdFF_2:b28|int_q                              ; MEM_WB:MEMWB|Register_32bits:instruction_val|Rf_Register_8bits:register_component|enARdFF_2:b28|int_q                              ; gclock       ; gclock      ; 0.000        ; 0.072      ; 0.797      ;
; 0.555 ; EX_MEM:exmem|Register_32bits:instruction_val|Rf_Register_8bits:register_component|enARdFF_2:b29|int_q                              ; MEM_WB:MEMWB|Register_32bits:instruction_val|Rf_Register_8bits:register_component|enARdFF_2:b29|int_q                              ; gclock       ; gclock      ; 0.000        ; 0.072      ; 0.798      ;
; 0.555 ; EX_MEM:exmem|Register_32bits:instruction_val|Rf_Register_8bits:register_component|enARdFF_2:b27|int_q                              ; MEM_WB:MEMWB|Register_32bits:instruction_val|Rf_Register_8bits:register_component|enARdFF_2:b27|int_q                              ; gclock       ; gclock      ; 0.000        ; 0.073      ; 0.799      ;
; 0.556 ; IF_ID:if_id_register|Register_32bits:instruction_val|Rf_Register_8bits:register_component|enARdFF_2:b31|int_q                      ; ID_EX:ID_EX_register|Register_9bits:control_signals_reg|enARdFF_2:b1|int_q                                                         ; gclock       ; gclock      ; 0.000        ; 0.073      ; 0.800      ;
; 0.566 ; EX_MEM:exmem|Register_5bits:rd|enARdFF_2:b1|int_q                                                                                  ; MEM_WB:MEMWB|Register_5bits:rd|enARdFF_2:b1|int_q                                                                                  ; gclock       ; gclock      ; 0.000        ; 0.073      ; 0.810      ;
; 0.567 ; PC:pc_ref|enARdFF_2:b24|int_q                                                                                                      ; IF_ID:if_id_register|Register_32bits:pc_offset_val|Rf_Register_8bits:register_component|enARdFF_2:b24|int_q                        ; gclock       ; gclock      ; 0.000        ; 0.073      ; 0.811      ;
; 0.571 ; PC:pc_ref|enARdFF_2:b29|int_q                                                                                                      ; IF_ID:if_id_register|Register_32bits:pc_offset_val|Rf_Register_8bits:register_component|enARdFF_2:b29|int_q                        ; gclock       ; gclock      ; 0.000        ; 0.071      ; 0.813      ;
; 0.575 ; EX_MEM:exmem|Register_5bits:rd|enARdFF_2:b4|int_q                                                                                  ; MEM_WB:MEMWB|Register_5bits:rd|enARdFF_2:b4|int_q                                                                                  ; gclock       ; gclock      ; 0.000        ; 0.073      ; 0.819      ;
; 0.580 ; ID_EX:ID_EX_register|Register_32bits:instruction_val|Rf_Register_8bits:register_component|enARdFF_2:b13|int_q                      ; EX_MEM:exmem|Register_32bits:instruction_val|Rf_Register_8bits:register_component|enARdFF_2:b13|int_q                              ; gclock       ; gclock      ; 0.000        ; 0.073      ; 0.824      ;
; 0.581 ; IF_ID:if_id_register|Register_32bits:instruction_val|Rf_Register_8bits:register_component|enARdFF_2:b7|int_q                       ; ID_EX:ID_EX_register|Register_32bits:instruction_val|Rf_Register_8bits:register_component|enARdFF_2:b7|int_q                       ; gclock       ; gclock      ; 0.000        ; 0.071      ; 0.823      ;
+-------+------------------------------------------------------------------------------------------------------------------------------------+------------------------------------------------------------------------------------------------------------------------------------+--------------+-------------+--------------+------------+------------+


----------------------------------------------
; Slow 1200mV 0C Model Metastability Summary ;
----------------------------------------------
No synchronizer chains to report.


+------------------------------------+
; Fast 1200mV 0C Model Setup Summary ;
+--------+--------+------------------+
; Clock  ; Slack  ; End Point TNS    ;
+--------+--------+------------------+
; gclock ; -9.920 ; -2034.413        ;
+--------+--------+------------------+


+-----------------------------------+
; Fast 1200mV 0C Model Hold Summary ;
+--------+-------+------------------+
; Clock  ; Slack ; End Point TNS    ;
+--------+-------+------------------+
; gclock ; 0.172 ; 0.000            ;
+--------+-------+------------------+


-----------------------------------------
; Fast 1200mV 0C Model Recovery Summary ;
-----------------------------------------
No paths to report.


----------------------------------------
; Fast 1200mV 0C Model Removal Summary ;
----------------------------------------
No paths to report.


+--------------------------------------------------+
; Fast 1200mV 0C Model Minimum Pulse Width Summary ;
+--------+--------+--------------------------------+
; Clock  ; Slack  ; End Point TNS                  ;
+--------+--------+--------------------------------+
; gclock ; -3.000 ; -887.153                       ;
+--------+--------+--------------------------------+


+-------------------------------------------------------------------------------------------------------------------------------------------------------------------------------------------------------------------------------------------------------------------------------------------------+
; Fast 1200mV 0C Model Setup: 'gclock'                                                                                                                                                                                                                                                            ;
+--------+---------------------------------------------------------------------------------------------------------------+--------------------------------------------------------------------------------------------------+--------------+-------------+--------------+------------+------------+
; Slack  ; From Node                                                                                                     ; To Node                                                                                          ; Launch Clock ; Latch Clock ; Relationship ; Clock Skew ; Data Delay ;
+--------+---------------------------------------------------------------------------------------------------------------+--------------------------------------------------------------------------------------------------+--------------+-------------+--------------+------------+------------+
; -9.920 ; MEM_WB:MEMWB|Register_5bits:rd|enARdFF_2:b1|int_q                                                             ; EX_MEM:exmem|Register_32bits:alu_output|Rf_Register_8bits:register_component|enARdFF_2:b4|int_q  ; gclock       ; gclock      ; 1.000        ; 0.160      ; 11.067     ;
; -9.917 ; MEM_WB:MEMWB|Register_5bits:rd|enARdFF_2:b1|int_q                                                             ; EX_MEM:exmem|Register_32bits:alu_output|Rf_Register_8bits:register_component|enARdFF_2:b16|int_q ; gclock       ; gclock      ; 1.000        ; 0.160      ; 11.064     ;
; -9.886 ; MEM_WB:MEMWB|Register_5bits:rd|enARdFF_2:b1|int_q                                                             ; EX_MEM:exmem|Register_32bits:alu_output|Rf_Register_8bits:register_component|enARdFF_2:b24|int_q ; gclock       ; gclock      ; 1.000        ; 0.165      ; 11.038     ;
; -9.885 ; MEM_WB:MEMWB|Register_5bits:rd|enARdFF_2:b1|int_q                                                             ; EX_MEM:exmem|Register_32bits:alu_output|Rf_Register_8bits:register_component|enARdFF_2:b25|int_q ; gclock       ; gclock      ; 1.000        ; 0.165      ; 11.037     ;
; -9.885 ; EX_MEM:exmem|Register_5bits:rd|enARdFF_2:b0|int_q                                                             ; EX_MEM:exmem|Register_32bits:alu_output|Rf_Register_8bits:register_component|enARdFF_2:b4|int_q  ; gclock       ; gclock      ; 1.000        ; 0.160      ; 11.032     ;
; -9.882 ; EX_MEM:exmem|Register_5bits:rd|enARdFF_2:b0|int_q                                                             ; EX_MEM:exmem|Register_32bits:alu_output|Rf_Register_8bits:register_component|enARdFF_2:b16|int_q ; gclock       ; gclock      ; 1.000        ; 0.160      ; 11.029     ;
; -9.878 ; MEM_WB:MEMWB|Register_5bits:rd|enARdFF_2:b1|int_q                                                             ; EX_MEM:exmem|Register_32bits:alu_output|Rf_Register_8bits:register_component|enARdFF_2:b22|int_q ; gclock       ; gclock      ; 1.000        ; 0.154      ; 11.019     ;
; -9.875 ; EX_MEM:exmem|Register_5bits:rd|enARdFF_2:b2|int_q                                                             ; EX_MEM:exmem|Register_32bits:alu_output|Rf_Register_8bits:register_component|enARdFF_2:b4|int_q  ; gclock       ; gclock      ; 1.000        ; 0.160      ; 11.022     ;
; -9.872 ; EX_MEM:exmem|Register_32bits:ram_address|Rf_Register_8bits:register_component|enARdFF_2:b7|int_q              ; EX_MEM:exmem|Register_32bits:alu_output|Rf_Register_8bits:register_component|enARdFF_2:b4|int_q  ; gclock       ; gclock      ; 1.000        ; 0.162      ; 11.021     ;
; -9.872 ; EX_MEM:exmem|Register_5bits:rd|enARdFF_2:b2|int_q                                                             ; EX_MEM:exmem|Register_32bits:alu_output|Rf_Register_8bits:register_component|enARdFF_2:b16|int_q ; gclock       ; gclock      ; 1.000        ; 0.160      ; 11.019     ;
; -9.869 ; EX_MEM:exmem|Register_32bits:ram_address|Rf_Register_8bits:register_component|enARdFF_2:b7|int_q              ; EX_MEM:exmem|Register_32bits:alu_output|Rf_Register_8bits:register_component|enARdFF_2:b16|int_q ; gclock       ; gclock      ; 1.000        ; 0.162      ; 11.018     ;
; -9.868 ; EX_MEM:exmem|Register_5bits:rd|enARdFF_2:b3|int_q                                                             ; EX_MEM:exmem|Register_32bits:alu_output|Rf_Register_8bits:register_component|enARdFF_2:b4|int_q  ; gclock       ; gclock      ; 1.000        ; 0.160      ; 11.015     ;
; -9.865 ; EX_MEM:exmem|Register_5bits:rd|enARdFF_2:b3|int_q                                                             ; EX_MEM:exmem|Register_32bits:alu_output|Rf_Register_8bits:register_component|enARdFF_2:b16|int_q ; gclock       ; gclock      ; 1.000        ; 0.160      ; 11.012     ;
; -9.862 ; MEM_WB:MEMWB|Register_5bits:rd|enARdFF_2:b1|int_q                                                             ; EX_MEM:exmem|Register_32bits:alu_output|Rf_Register_8bits:register_component|enARdFF_2:b3|int_q  ; gclock       ; gclock      ; 1.000        ; 0.160      ; 11.009     ;
; -9.856 ; EX_MEM:exmem|Register_32bits:ram_address|Rf_Register_8bits:register_component|enARdFF_2:b1|int_q              ; EX_MEM:exmem|Register_32bits:alu_output|Rf_Register_8bits:register_component|enARdFF_2:b4|int_q  ; gclock       ; gclock      ; 1.000        ; 0.162      ; 11.005     ;
; -9.853 ; EX_MEM:exmem|Register_32bits:ram_address|Rf_Register_8bits:register_component|enARdFF_2:b1|int_q              ; EX_MEM:exmem|Register_32bits:alu_output|Rf_Register_8bits:register_component|enARdFF_2:b16|int_q ; gclock       ; gclock      ; 1.000        ; 0.162      ; 11.002     ;
; -9.851 ; EX_MEM:exmem|Register_5bits:rd|enARdFF_2:b0|int_q                                                             ; EX_MEM:exmem|Register_32bits:alu_output|Rf_Register_8bits:register_component|enARdFF_2:b24|int_q ; gclock       ; gclock      ; 1.000        ; 0.165      ; 11.003     ;
; -9.850 ; EX_MEM:exmem|Register_5bits:rd|enARdFF_2:b0|int_q                                                             ; EX_MEM:exmem|Register_32bits:alu_output|Rf_Register_8bits:register_component|enARdFF_2:b25|int_q ; gclock       ; gclock      ; 1.000        ; 0.165      ; 11.002     ;
; -9.843 ; EX_MEM:exmem|Register_5bits:rd|enARdFF_2:b0|int_q                                                             ; EX_MEM:exmem|Register_32bits:alu_output|Rf_Register_8bits:register_component|enARdFF_2:b22|int_q ; gclock       ; gclock      ; 1.000        ; 0.154      ; 10.984     ;
; -9.841 ; EX_MEM:exmem|Register_5bits:rd|enARdFF_2:b2|int_q                                                             ; EX_MEM:exmem|Register_32bits:alu_output|Rf_Register_8bits:register_component|enARdFF_2:b24|int_q ; gclock       ; gclock      ; 1.000        ; 0.165      ; 10.993     ;
; -9.840 ; MEM_WB:MEMWB|Register_5bits:rd|enARdFF_2:b1|int_q                                                             ; EX_MEM:exmem|Register_32bits:alu_output|Rf_Register_8bits:register_component|enARdFF_2:b20|int_q ; gclock       ; gclock      ; 1.000        ; 0.163      ; 10.990     ;
; -9.840 ; EX_MEM:exmem|Register_5bits:rd|enARdFF_2:b2|int_q                                                             ; EX_MEM:exmem|Register_32bits:alu_output|Rf_Register_8bits:register_component|enARdFF_2:b25|int_q ; gclock       ; gclock      ; 1.000        ; 0.165      ; 10.992     ;
; -9.838 ; EX_MEM:exmem|Register_32bits:ram_address|Rf_Register_8bits:register_component|enARdFF_2:b7|int_q              ; EX_MEM:exmem|Register_32bits:alu_output|Rf_Register_8bits:register_component|enARdFF_2:b24|int_q ; gclock       ; gclock      ; 1.000        ; 0.167      ; 10.992     ;
; -9.837 ; EX_MEM:exmem|Register_32bits:ram_address|Rf_Register_8bits:register_component|enARdFF_2:b7|int_q              ; EX_MEM:exmem|Register_32bits:alu_output|Rf_Register_8bits:register_component|enARdFF_2:b25|int_q ; gclock       ; gclock      ; 1.000        ; 0.167      ; 10.991     ;
; -9.834 ; EX_MEM:exmem|Register_5bits:rd|enARdFF_2:b3|int_q                                                             ; EX_MEM:exmem|Register_32bits:alu_output|Rf_Register_8bits:register_component|enARdFF_2:b24|int_q ; gclock       ; gclock      ; 1.000        ; 0.165      ; 10.986     ;
; -9.833 ; ID_EX:ID_EX_register|Register_32bits:instruction_val|Rf_Register_8bits:register_component|enARdFF_2:b22|int_q ; EX_MEM:exmem|Register_32bits:alu_output|Rf_Register_8bits:register_component|enARdFF_2:b4|int_q  ; gclock       ; gclock      ; 1.000        ; 0.160      ; 10.980     ;
; -9.833 ; EX_MEM:exmem|Register_5bits:rd|enARdFF_2:b3|int_q                                                             ; EX_MEM:exmem|Register_32bits:alu_output|Rf_Register_8bits:register_component|enARdFF_2:b25|int_q ; gclock       ; gclock      ; 1.000        ; 0.165      ; 10.985     ;
; -9.833 ; EX_MEM:exmem|Register_5bits:rd|enARdFF_2:b2|int_q                                                             ; EX_MEM:exmem|Register_32bits:alu_output|Rf_Register_8bits:register_component|enARdFF_2:b22|int_q ; gclock       ; gclock      ; 1.000        ; 0.154      ; 10.974     ;
; -9.830 ; ID_EX:ID_EX_register|Register_32bits:instruction_val|Rf_Register_8bits:register_component|enARdFF_2:b22|int_q ; EX_MEM:exmem|Register_32bits:alu_output|Rf_Register_8bits:register_component|enARdFF_2:b16|int_q ; gclock       ; gclock      ; 1.000        ; 0.160      ; 10.977     ;
; -9.830 ; EX_MEM:exmem|Register_32bits:ram_address|Rf_Register_8bits:register_component|enARdFF_2:b7|int_q              ; EX_MEM:exmem|Register_32bits:alu_output|Rf_Register_8bits:register_component|enARdFF_2:b22|int_q ; gclock       ; gclock      ; 1.000        ; 0.156      ; 10.973     ;
; -9.827 ; EX_MEM:exmem|Register_5bits:rd|enARdFF_2:b0|int_q                                                             ; EX_MEM:exmem|Register_32bits:alu_output|Rf_Register_8bits:register_component|enARdFF_2:b3|int_q  ; gclock       ; gclock      ; 1.000        ; 0.160      ; 10.974     ;
; -9.826 ; EX_MEM:exmem|Register_5bits:rd|enARdFF_2:b3|int_q                                                             ; EX_MEM:exmem|Register_32bits:alu_output|Rf_Register_8bits:register_component|enARdFF_2:b22|int_q ; gclock       ; gclock      ; 1.000        ; 0.154      ; 10.967     ;
; -9.826 ; EX_MEM:exmem|Register_32bits:ram_address|Rf_Register_8bits:register_component|enARdFF_2:b3|int_q              ; EX_MEM:exmem|Register_32bits:alu_output|Rf_Register_8bits:register_component|enARdFF_2:b4|int_q  ; gclock       ; gclock      ; 1.000        ; 0.162      ; 10.975     ;
; -9.823 ; EX_MEM:exmem|Register_32bits:ram_address|Rf_Register_8bits:register_component|enARdFF_2:b3|int_q              ; EX_MEM:exmem|Register_32bits:alu_output|Rf_Register_8bits:register_component|enARdFF_2:b16|int_q ; gclock       ; gclock      ; 1.000        ; 0.162      ; 10.972     ;
; -9.822 ; EX_MEM:exmem|Register_32bits:ram_address|Rf_Register_8bits:register_component|enARdFF_2:b1|int_q              ; EX_MEM:exmem|Register_32bits:alu_output|Rf_Register_8bits:register_component|enARdFF_2:b24|int_q ; gclock       ; gclock      ; 1.000        ; 0.167      ; 10.976     ;
; -9.821 ; EX_MEM:exmem|Register_32bits:ram_address|Rf_Register_8bits:register_component|enARdFF_2:b1|int_q              ; EX_MEM:exmem|Register_32bits:alu_output|Rf_Register_8bits:register_component|enARdFF_2:b25|int_q ; gclock       ; gclock      ; 1.000        ; 0.167      ; 10.975     ;
; -9.819 ; EX_MEM:exmem|Register_5bits:rd|enARdFF_2:b1|int_q                                                             ; EX_MEM:exmem|Register_32bits:alu_output|Rf_Register_8bits:register_component|enARdFF_2:b4|int_q  ; gclock       ; gclock      ; 1.000        ; 0.160      ; 10.966     ;
; -9.818 ; EX_MEM:exmem|Register_32bits:ram_address|Rf_Register_8bits:register_component|enARdFF_2:b0|int_q              ; EX_MEM:exmem|Register_32bits:alu_output|Rf_Register_8bits:register_component|enARdFF_2:b4|int_q  ; gclock       ; gclock      ; 1.000        ; 0.162      ; 10.967     ;
; -9.817 ; EX_MEM:exmem|Register_5bits:rd|enARdFF_2:b2|int_q                                                             ; EX_MEM:exmem|Register_32bits:alu_output|Rf_Register_8bits:register_component|enARdFF_2:b3|int_q  ; gclock       ; gclock      ; 1.000        ; 0.160      ; 10.964     ;
; -9.816 ; MEM_WB:MEMWB|Register_5bits:rd|enARdFF_2:b1|int_q                                                             ; EX_MEM:exmem|Register_32bits:alu_output|Rf_Register_8bits:register_component|enARdFF_2:b2|int_q  ; gclock       ; gclock      ; 1.000        ; 0.154      ; 10.957     ;
; -9.816 ; MEM_WB:MEMWB|Register_5bits:rd|enARdFF_2:b1|int_q                                                             ; EX_MEM:exmem|Register_32bits:alu_output|Rf_Register_8bits:register_component|enARdFF_2:b13|int_q ; gclock       ; gclock      ; 1.000        ; 0.154      ; 10.957     ;
; -9.816 ; EX_MEM:exmem|Register_5bits:rd|enARdFF_2:b1|int_q                                                             ; EX_MEM:exmem|Register_32bits:alu_output|Rf_Register_8bits:register_component|enARdFF_2:b16|int_q ; gclock       ; gclock      ; 1.000        ; 0.160      ; 10.963     ;
; -9.815 ; EX_MEM:exmem|Register_32bits:ram_address|Rf_Register_8bits:register_component|enARdFF_2:b0|int_q              ; EX_MEM:exmem|Register_32bits:alu_output|Rf_Register_8bits:register_component|enARdFF_2:b16|int_q ; gclock       ; gclock      ; 1.000        ; 0.162      ; 10.964     ;
; -9.814 ; EX_MEM:exmem|Register_32bits:ram_address|Rf_Register_8bits:register_component|enARdFF_2:b1|int_q              ; EX_MEM:exmem|Register_32bits:alu_output|Rf_Register_8bits:register_component|enARdFF_2:b22|int_q ; gclock       ; gclock      ; 1.000        ; 0.156      ; 10.957     ;
; -9.814 ; EX_MEM:exmem|Register_32bits:ram_address|Rf_Register_8bits:register_component|enARdFF_2:b7|int_q              ; EX_MEM:exmem|Register_32bits:alu_output|Rf_Register_8bits:register_component|enARdFF_2:b3|int_q  ; gclock       ; gclock      ; 1.000        ; 0.162      ; 10.963     ;
; -9.810 ; EX_MEM:exmem|Register_5bits:rd|enARdFF_2:b3|int_q                                                             ; EX_MEM:exmem|Register_32bits:alu_output|Rf_Register_8bits:register_component|enARdFF_2:b3|int_q  ; gclock       ; gclock      ; 1.000        ; 0.160      ; 10.957     ;
; -9.805 ; EX_MEM:exmem|Register_5bits:rd|enARdFF_2:b0|int_q                                                             ; EX_MEM:exmem|Register_32bits:alu_output|Rf_Register_8bits:register_component|enARdFF_2:b20|int_q ; gclock       ; gclock      ; 1.000        ; 0.163      ; 10.955     ;
; -9.804 ; ID_EX:ID_EX_register|Register_32bits:instruction_val|Rf_Register_8bits:register_component|enARdFF_2:b21|int_q ; EX_MEM:exmem|Register_32bits:alu_output|Rf_Register_8bits:register_component|enARdFF_2:b4|int_q  ; gclock       ; gclock      ; 1.000        ; 0.160      ; 10.951     ;
; -9.801 ; ID_EX:ID_EX_register|Register_32bits:instruction_val|Rf_Register_8bits:register_component|enARdFF_2:b21|int_q ; EX_MEM:exmem|Register_32bits:alu_output|Rf_Register_8bits:register_component|enARdFF_2:b16|int_q ; gclock       ; gclock      ; 1.000        ; 0.160      ; 10.948     ;
; -9.799 ; ID_EX:ID_EX_register|Register_32bits:instruction_val|Rf_Register_8bits:register_component|enARdFF_2:b22|int_q ; EX_MEM:exmem|Register_32bits:alu_output|Rf_Register_8bits:register_component|enARdFF_2:b24|int_q ; gclock       ; gclock      ; 1.000        ; 0.165      ; 10.951     ;
; -9.798 ; ID_EX:ID_EX_register|Register_32bits:instruction_val|Rf_Register_8bits:register_component|enARdFF_2:b22|int_q ; EX_MEM:exmem|Register_32bits:alu_output|Rf_Register_8bits:register_component|enARdFF_2:b25|int_q ; gclock       ; gclock      ; 1.000        ; 0.165      ; 10.950     ;
; -9.798 ; EX_MEM:exmem|Register_32bits:ram_address|Rf_Register_8bits:register_component|enARdFF_2:b1|int_q              ; EX_MEM:exmem|Register_32bits:alu_output|Rf_Register_8bits:register_component|enARdFF_2:b3|int_q  ; gclock       ; gclock      ; 1.000        ; 0.162      ; 10.947     ;
; -9.795 ; EX_MEM:exmem|Register_5bits:rd|enARdFF_2:b2|int_q                                                             ; EX_MEM:exmem|Register_32bits:alu_output|Rf_Register_8bits:register_component|enARdFF_2:b20|int_q ; gclock       ; gclock      ; 1.000        ; 0.163      ; 10.945     ;
; -9.792 ; EX_MEM:exmem|Register_32bits:ram_address|Rf_Register_8bits:register_component|enARdFF_2:b3|int_q              ; EX_MEM:exmem|Register_32bits:alu_output|Rf_Register_8bits:register_component|enARdFF_2:b24|int_q ; gclock       ; gclock      ; 1.000        ; 0.167      ; 10.946     ;
; -9.792 ; EX_MEM:exmem|Register_32bits:ram_address|Rf_Register_8bits:register_component|enARdFF_2:b7|int_q              ; EX_MEM:exmem|Register_32bits:alu_output|Rf_Register_8bits:register_component|enARdFF_2:b20|int_q ; gclock       ; gclock      ; 1.000        ; 0.165      ; 10.944     ;
; -9.791 ; ID_EX:ID_EX_register|Register_32bits:instruction_val|Rf_Register_8bits:register_component|enARdFF_2:b22|int_q ; EX_MEM:exmem|Register_32bits:alu_output|Rf_Register_8bits:register_component|enARdFF_2:b22|int_q ; gclock       ; gclock      ; 1.000        ; 0.154      ; 10.932     ;
; -9.791 ; EX_MEM:exmem|Register_32bits:ram_address|Rf_Register_8bits:register_component|enARdFF_2:b3|int_q              ; EX_MEM:exmem|Register_32bits:alu_output|Rf_Register_8bits:register_component|enARdFF_2:b25|int_q ; gclock       ; gclock      ; 1.000        ; 0.167      ; 10.945     ;
; -9.788 ; EX_MEM:exmem|Register_5bits:rd|enARdFF_2:b3|int_q                                                             ; EX_MEM:exmem|Register_32bits:alu_output|Rf_Register_8bits:register_component|enARdFF_2:b20|int_q ; gclock       ; gclock      ; 1.000        ; 0.163      ; 10.938     ;
; -9.786 ; MEM_WB:MEMWB|Register_5bits:rd|enARdFF_2:b2|int_q                                                             ; EX_MEM:exmem|Register_32bits:alu_output|Rf_Register_8bits:register_component|enARdFF_2:b4|int_q  ; gclock       ; gclock      ; 1.000        ; 0.160      ; 10.933     ;
; -9.785 ; EX_MEM:exmem|Register_5bits:rd|enARdFF_2:b1|int_q                                                             ; EX_MEM:exmem|Register_32bits:alu_output|Rf_Register_8bits:register_component|enARdFF_2:b24|int_q ; gclock       ; gclock      ; 1.000        ; 0.165      ; 10.937     ;
; -9.785 ; EX_MEM:exmem|Register_32bits:ram_address|Rf_Register_8bits:register_component|enARdFF_2:b4|int_q              ; EX_MEM:exmem|Register_32bits:alu_output|Rf_Register_8bits:register_component|enARdFF_2:b4|int_q  ; gclock       ; gclock      ; 1.000        ; 0.162      ; 10.934     ;
; -9.784 ; EX_MEM:exmem|Register_5bits:rd|enARdFF_2:b1|int_q                                                             ; EX_MEM:exmem|Register_32bits:alu_output|Rf_Register_8bits:register_component|enARdFF_2:b25|int_q ; gclock       ; gclock      ; 1.000        ; 0.165      ; 10.936     ;
; -9.784 ; EX_MEM:exmem|Register_32bits:ram_address|Rf_Register_8bits:register_component|enARdFF_2:b0|int_q              ; EX_MEM:exmem|Register_32bits:alu_output|Rf_Register_8bits:register_component|enARdFF_2:b24|int_q ; gclock       ; gclock      ; 1.000        ; 0.167      ; 10.938     ;
; -9.784 ; EX_MEM:exmem|Register_32bits:ram_address|Rf_Register_8bits:register_component|enARdFF_2:b3|int_q              ; EX_MEM:exmem|Register_32bits:alu_output|Rf_Register_8bits:register_component|enARdFF_2:b22|int_q ; gclock       ; gclock      ; 1.000        ; 0.156      ; 10.927     ;
; -9.783 ; MEM_WB:MEMWB|Register_5bits:rd|enARdFF_2:b2|int_q                                                             ; EX_MEM:exmem|Register_32bits:alu_output|Rf_Register_8bits:register_component|enARdFF_2:b16|int_q ; gclock       ; gclock      ; 1.000        ; 0.160      ; 10.930     ;
; -9.783 ; EX_MEM:exmem|Register_32bits:ram_address|Rf_Register_8bits:register_component|enARdFF_2:b0|int_q              ; EX_MEM:exmem|Register_32bits:alu_output|Rf_Register_8bits:register_component|enARdFF_2:b25|int_q ; gclock       ; gclock      ; 1.000        ; 0.167      ; 10.937     ;
; -9.782 ; EX_MEM:exmem|Register_32bits:ram_address|Rf_Register_8bits:register_component|enARdFF_2:b4|int_q              ; EX_MEM:exmem|Register_32bits:alu_output|Rf_Register_8bits:register_component|enARdFF_2:b16|int_q ; gclock       ; gclock      ; 1.000        ; 0.162      ; 10.931     ;
; -9.781 ; EX_MEM:exmem|Register_5bits:rd|enARdFF_2:b0|int_q                                                             ; EX_MEM:exmem|Register_32bits:alu_output|Rf_Register_8bits:register_component|enARdFF_2:b2|int_q  ; gclock       ; gclock      ; 1.000        ; 0.154      ; 10.922     ;
; -9.781 ; EX_MEM:exmem|Register_5bits:rd|enARdFF_2:b0|int_q                                                             ; EX_MEM:exmem|Register_32bits:alu_output|Rf_Register_8bits:register_component|enARdFF_2:b13|int_q ; gclock       ; gclock      ; 1.000        ; 0.154      ; 10.922     ;
; -9.777 ; EX_MEM:exmem|Register_5bits:rd|enARdFF_2:b4|int_q                                                             ; EX_MEM:exmem|Register_32bits:alu_output|Rf_Register_8bits:register_component|enARdFF_2:b4|int_q  ; gclock       ; gclock      ; 1.000        ; 0.160      ; 10.924     ;
; -9.777 ; EX_MEM:exmem|Register_5bits:rd|enARdFF_2:b1|int_q                                                             ; EX_MEM:exmem|Register_32bits:alu_output|Rf_Register_8bits:register_component|enARdFF_2:b22|int_q ; gclock       ; gclock      ; 1.000        ; 0.154      ; 10.918     ;
; -9.777 ; MEM_WB:MEMWB|Register_5bits:rd|enARdFF_2:b4|int_q                                                             ; EX_MEM:exmem|Register_32bits:alu_output|Rf_Register_8bits:register_component|enARdFF_2:b4|int_q  ; gclock       ; gclock      ; 1.000        ; 0.160      ; 10.924     ;
; -9.776 ; MEM_WB:MEMWB|Register_5bits:rd|enARdFF_2:b1|int_q                                                             ; EX_MEM:exmem|Register_32bits:alu_output|Rf_Register_8bits:register_component|enARdFF_2:b6|int_q  ; gclock       ; gclock      ; 1.000        ; 0.163      ; 10.926     ;
; -9.776 ; EX_MEM:exmem|Register_32bits:ram_address|Rf_Register_8bits:register_component|enARdFF_2:b1|int_q              ; EX_MEM:exmem|Register_32bits:alu_output|Rf_Register_8bits:register_component|enARdFF_2:b20|int_q ; gclock       ; gclock      ; 1.000        ; 0.165      ; 10.928     ;
; -9.776 ; EX_MEM:exmem|Register_32bits:ram_address|Rf_Register_8bits:register_component|enARdFF_2:b0|int_q              ; EX_MEM:exmem|Register_32bits:alu_output|Rf_Register_8bits:register_component|enARdFF_2:b22|int_q ; gclock       ; gclock      ; 1.000        ; 0.156      ; 10.919     ;
; -9.775 ; ID_EX:ID_EX_register|Register_32bits:instruction_val|Rf_Register_8bits:register_component|enARdFF_2:b22|int_q ; EX_MEM:exmem|Register_32bits:alu_output|Rf_Register_8bits:register_component|enARdFF_2:b3|int_q  ; gclock       ; gclock      ; 1.000        ; 0.160      ; 10.922     ;
; -9.774 ; EX_MEM:exmem|Register_5bits:rd|enARdFF_2:b4|int_q                                                             ; EX_MEM:exmem|Register_32bits:alu_output|Rf_Register_8bits:register_component|enARdFF_2:b16|int_q ; gclock       ; gclock      ; 1.000        ; 0.160      ; 10.921     ;
; -9.774 ; MEM_WB:MEMWB|Register_5bits:rd|enARdFF_2:b4|int_q                                                             ; EX_MEM:exmem|Register_32bits:alu_output|Rf_Register_8bits:register_component|enARdFF_2:b16|int_q ; gclock       ; gclock      ; 1.000        ; 0.160      ; 10.921     ;
; -9.772 ; ID_EX:ID_EX_register|Register_32bits:instruction_val|Rf_Register_8bits:register_component|enARdFF_2:b17|int_q ; EX_MEM:exmem|Register_32bits:alu_output|Rf_Register_8bits:register_component|enARdFF_2:b4|int_q  ; gclock       ; gclock      ; 1.000        ; 0.160      ; 10.919     ;
; -9.771 ; EX_MEM:exmem|Register_5bits:rd|enARdFF_2:b2|int_q                                                             ; EX_MEM:exmem|Register_32bits:alu_output|Rf_Register_8bits:register_component|enARdFF_2:b2|int_q  ; gclock       ; gclock      ; 1.000        ; 0.154      ; 10.912     ;
; -9.771 ; EX_MEM:exmem|Register_5bits:rd|enARdFF_2:b2|int_q                                                             ; EX_MEM:exmem|Register_32bits:alu_output|Rf_Register_8bits:register_component|enARdFF_2:b13|int_q ; gclock       ; gclock      ; 1.000        ; 0.154      ; 10.912     ;
; -9.770 ; MEM_WB:MEMWB|Register_5bits:rd|enARdFF_2:b1|int_q                                                             ; EX_MEM:exmem|Register_32bits:alu_output|Rf_Register_8bits:register_component|enARdFF_2:b31|int_q ; gclock       ; gclock      ; 1.000        ; 0.164      ; 10.921     ;
; -9.770 ; ID_EX:ID_EX_register|Register_32bits:instruction_val|Rf_Register_8bits:register_component|enARdFF_2:b21|int_q ; EX_MEM:exmem|Register_32bits:alu_output|Rf_Register_8bits:register_component|enARdFF_2:b24|int_q ; gclock       ; gclock      ; 1.000        ; 0.165      ; 10.922     ;
; -9.770 ; ID_EX:ID_EX_register|Register_32bits:instruction_val|Rf_Register_8bits:register_component|enARdFF_2:b16|int_q ; EX_MEM:exmem|Register_32bits:alu_output|Rf_Register_8bits:register_component|enARdFF_2:b4|int_q  ; gclock       ; gclock      ; 1.000        ; 0.167      ; 10.924     ;
; -9.769 ; ID_EX:ID_EX_register|Register_32bits:instruction_val|Rf_Register_8bits:register_component|enARdFF_2:b21|int_q ; EX_MEM:exmem|Register_32bits:alu_output|Rf_Register_8bits:register_component|enARdFF_2:b25|int_q ; gclock       ; gclock      ; 1.000        ; 0.165      ; 10.921     ;
; -9.769 ; ID_EX:ID_EX_register|Register_32bits:instruction_val|Rf_Register_8bits:register_component|enARdFF_2:b17|int_q ; EX_MEM:exmem|Register_32bits:alu_output|Rf_Register_8bits:register_component|enARdFF_2:b16|int_q ; gclock       ; gclock      ; 1.000        ; 0.160      ; 10.916     ;
; -9.768 ; EX_MEM:exmem|Register_32bits:ram_address|Rf_Register_8bits:register_component|enARdFF_2:b3|int_q              ; EX_MEM:exmem|Register_32bits:alu_output|Rf_Register_8bits:register_component|enARdFF_2:b3|int_q  ; gclock       ; gclock      ; 1.000        ; 0.162      ; 10.917     ;
; -9.768 ; EX_MEM:exmem|Register_32bits:ram_address|Rf_Register_8bits:register_component|enARdFF_2:b7|int_q              ; EX_MEM:exmem|Register_32bits:alu_output|Rf_Register_8bits:register_component|enARdFF_2:b2|int_q  ; gclock       ; gclock      ; 1.000        ; 0.156      ; 10.911     ;
; -9.768 ; EX_MEM:exmem|Register_32bits:ram_address|Rf_Register_8bits:register_component|enARdFF_2:b7|int_q              ; EX_MEM:exmem|Register_32bits:alu_output|Rf_Register_8bits:register_component|enARdFF_2:b13|int_q ; gclock       ; gclock      ; 1.000        ; 0.156      ; 10.911     ;
; -9.767 ; ID_EX:ID_EX_register|Register_32bits:instruction_val|Rf_Register_8bits:register_component|enARdFF_2:b24|int_q ; EX_MEM:exmem|Register_32bits:alu_output|Rf_Register_8bits:register_component|enARdFF_2:b4|int_q  ; gclock       ; gclock      ; 1.000        ; 0.160      ; 10.914     ;
; -9.767 ; ID_EX:ID_EX_register|Register_32bits:instruction_val|Rf_Register_8bits:register_component|enARdFF_2:b16|int_q ; EX_MEM:exmem|Register_32bits:alu_output|Rf_Register_8bits:register_component|enARdFF_2:b16|int_q ; gclock       ; gclock      ; 1.000        ; 0.167      ; 10.921     ;
; -9.764 ; EX_MEM:exmem|Register_5bits:rd|enARdFF_2:b3|int_q                                                             ; EX_MEM:exmem|Register_32bits:alu_output|Rf_Register_8bits:register_component|enARdFF_2:b2|int_q  ; gclock       ; gclock      ; 1.000        ; 0.154      ; 10.905     ;
; -9.764 ; EX_MEM:exmem|Register_5bits:rd|enARdFF_2:b3|int_q                                                             ; EX_MEM:exmem|Register_32bits:alu_output|Rf_Register_8bits:register_component|enARdFF_2:b13|int_q ; gclock       ; gclock      ; 1.000        ; 0.154      ; 10.905     ;
; -9.764 ; ID_EX:ID_EX_register|Register_32bits:instruction_val|Rf_Register_8bits:register_component|enARdFF_2:b24|int_q ; EX_MEM:exmem|Register_32bits:alu_output|Rf_Register_8bits:register_component|enARdFF_2:b16|int_q ; gclock       ; gclock      ; 1.000        ; 0.160      ; 10.911     ;
; -9.764 ; ID_EX:ID_EX_register|Register_32bits:instruction_val|Rf_Register_8bits:register_component|enARdFF_2:b25|int_q ; EX_MEM:exmem|Register_32bits:alu_output|Rf_Register_8bits:register_component|enARdFF_2:b4|int_q  ; gclock       ; gclock      ; 1.000        ; 0.160      ; 10.911     ;
; -9.762 ; ID_EX:ID_EX_register|Register_32bits:instruction_val|Rf_Register_8bits:register_component|enARdFF_2:b21|int_q ; EX_MEM:exmem|Register_32bits:alu_output|Rf_Register_8bits:register_component|enARdFF_2:b22|int_q ; gclock       ; gclock      ; 1.000        ; 0.154      ; 10.903     ;
; -9.761 ; EX_MEM:exmem|Register_5bits:rd|enARdFF_2:b1|int_q                                                             ; EX_MEM:exmem|Register_32bits:alu_output|Rf_Register_8bits:register_component|enARdFF_2:b3|int_q  ; gclock       ; gclock      ; 1.000        ; 0.160      ; 10.908     ;
; -9.761 ; ID_EX:ID_EX_register|Register_32bits:instruction_val|Rf_Register_8bits:register_component|enARdFF_2:b25|int_q ; EX_MEM:exmem|Register_32bits:alu_output|Rf_Register_8bits:register_component|enARdFF_2:b16|int_q ; gclock       ; gclock      ; 1.000        ; 0.160      ; 10.908     ;
; -9.760 ; EX_MEM:exmem|Register_32bits:ram_address|Rf_Register_8bits:register_component|enARdFF_2:b0|int_q              ; EX_MEM:exmem|Register_32bits:alu_output|Rf_Register_8bits:register_component|enARdFF_2:b3|int_q  ; gclock       ; gclock      ; 1.000        ; 0.162      ; 10.909     ;
; -9.757 ; MEM_WB:MEMWB|Register_5bits:rd|enARdFF_2:b1|int_q                                                             ; EX_MEM:exmem|Register_32bits:alu_output|Rf_Register_8bits:register_component|enARdFF_2:b15|int_q ; gclock       ; gclock      ; 1.000        ; 0.160      ; 10.904     ;
+--------+---------------------------------------------------------------------------------------------------------------+--------------------------------------------------------------------------------------------------+--------------+-------------+--------------+------------+------------+


+-------------------------------------------------------------------------------------------------------------------------------------------------------------------------------------------------------------------------------------------------------------------------------------------------------------------------------------------------------+
; Fast 1200mV 0C Model Hold: 'gclock'                                                                                                                                                                                                                                                                                                                   ;
+-------+------------------------------------------------------------------------------------------------------------------------------------+------------------------------------------------------------------------------------------------------------------------------------+--------------+-------------+--------------+------------+------------+
; Slack ; From Node                                                                                                                          ; To Node                                                                                                                            ; Launch Clock ; Latch Clock ; Relationship ; Clock Skew ; Data Delay ;
+-------+------------------------------------------------------------------------------------------------------------------------------------+------------------------------------------------------------------------------------------------------------------------------------+--------------+-------------+--------------+------------+------------+
; 0.172 ; LoadUseHazard_Fix:LoadUseHazard_FixUnit|Register_32bits:Register_operand2|Rf_Register_8bits:register_component|enARdFF_2:b23|int_q ; LoadUseHazard_Fix:LoadUseHazard_FixUnit|Register_32bits:Register_operand2|Rf_Register_8bits:register_component|enARdFF_2:b23|int_q ; gclock       ; gclock      ; 0.000        ; 0.051      ; 0.307      ;
; 0.172 ; LoadUseHazard_Fix:LoadUseHazard_FixUnit|Register_32bits:Register_operand2|Rf_Register_8bits:register_component|enARdFF_2:b9|int_q  ; LoadUseHazard_Fix:LoadUseHazard_FixUnit|Register_32bits:Register_operand2|Rf_Register_8bits:register_component|enARdFF_2:b9|int_q  ; gclock       ; gclock      ; 0.000        ; 0.051      ; 0.307      ;
; 0.172 ; LoadUseHazard_Fix:LoadUseHazard_FixUnit|Register_32bits:Register_operand1|Rf_Register_8bits:register_component|enARdFF_2:b5|int_q  ; LoadUseHazard_Fix:LoadUseHazard_FixUnit|Register_32bits:Register_operand1|Rf_Register_8bits:register_component|enARdFF_2:b5|int_q  ; gclock       ; gclock      ; 0.000        ; 0.051      ; 0.307      ;
; 0.172 ; LoadUseHazard_Fix:LoadUseHazard_FixUnit|Register_32bits:Register_operand2|Rf_Register_8bits:register_component|enARdFF_2:b5|int_q  ; LoadUseHazard_Fix:LoadUseHazard_FixUnit|Register_32bits:Register_operand2|Rf_Register_8bits:register_component|enARdFF_2:b5|int_q  ; gclock       ; gclock      ; 0.000        ; 0.051      ; 0.307      ;
; 0.173 ; LoadUseHazard_Fix:LoadUseHazard_FixUnit|Register_32bits:Register_operand2|Rf_Register_8bits:register_component|enARdFF_2:b12|int_q ; LoadUseHazard_Fix:LoadUseHazard_FixUnit|Register_32bits:Register_operand2|Rf_Register_8bits:register_component|enARdFF_2:b12|int_q ; gclock       ; gclock      ; 0.000        ; 0.050      ; 0.307      ;
; 0.173 ; LoadUseHazard_Fix:LoadUseHazard_FixUnit|Register_32bits:Register_operand2|Rf_Register_8bits:register_component|enARdFF_2:b7|int_q  ; LoadUseHazard_Fix:LoadUseHazard_FixUnit|Register_32bits:Register_operand2|Rf_Register_8bits:register_component|enARdFF_2:b7|int_q  ; gclock       ; gclock      ; 0.000        ; 0.050      ; 0.307      ;
; 0.180 ; LoadUseHazard_Fix:LoadUseHazard_FixUnit|twobitcounter:twobitcnt|enARdFF_2:lsb|int_q                                                ; LoadUseHazard_Fix:LoadUseHazard_FixUnit|twobitcounter:twobitcnt|enARdFF_2:lsb|int_q                                                ; gclock       ; gclock      ; 0.000        ; 0.050      ; 0.314      ;
; 0.180 ; LoadUseHazard_Fix:LoadUseHazard_FixUnit|Register_32bits:Register_operand2|Rf_Register_8bits:register_component|enARdFF_2:b0|int_q  ; LoadUseHazard_Fix:LoadUseHazard_FixUnit|Register_32bits:Register_operand2|Rf_Register_8bits:register_component|enARdFF_2:b0|int_q  ; gclock       ; gclock      ; 0.000        ; 0.043      ; 0.307      ;
; 0.180 ; LoadUseHazard_Fix:LoadUseHazard_FixUnit|Register_32bits:Register_operand1|Rf_Register_8bits:register_component|enARdFF_2:b18|int_q ; LoadUseHazard_Fix:LoadUseHazard_FixUnit|Register_32bits:Register_operand1|Rf_Register_8bits:register_component|enARdFF_2:b18|int_q ; gclock       ; gclock      ; 0.000        ; 0.043      ; 0.307      ;
; 0.180 ; LoadUseHazard_Fix:LoadUseHazard_FixUnit|Register_32bits:Register_operand2|Rf_Register_8bits:register_component|enARdFF_2:b18|int_q ; LoadUseHazard_Fix:LoadUseHazard_FixUnit|Register_32bits:Register_operand2|Rf_Register_8bits:register_component|enARdFF_2:b18|int_q ; gclock       ; gclock      ; 0.000        ; 0.043      ; 0.307      ;
; 0.180 ; LoadUseHazard_Fix:LoadUseHazard_FixUnit|Register_32bits:Register_operand2|Rf_Register_8bits:register_component|enARdFF_2:b27|int_q ; LoadUseHazard_Fix:LoadUseHazard_FixUnit|Register_32bits:Register_operand2|Rf_Register_8bits:register_component|enARdFF_2:b27|int_q ; gclock       ; gclock      ; 0.000        ; 0.043      ; 0.307      ;
; 0.180 ; LoadUseHazard_Fix:LoadUseHazard_FixUnit|Register_32bits:Register_operand1|Rf_Register_8bits:register_component|enARdFF_2:b17|int_q ; LoadUseHazard_Fix:LoadUseHazard_FixUnit|Register_32bits:Register_operand1|Rf_Register_8bits:register_component|enARdFF_2:b17|int_q ; gclock       ; gclock      ; 0.000        ; 0.043      ; 0.307      ;
; 0.180 ; LoadUseHazard_Fix:LoadUseHazard_FixUnit|Register_32bits:Register_operand2|Rf_Register_8bits:register_component|enARdFF_2:b17|int_q ; LoadUseHazard_Fix:LoadUseHazard_FixUnit|Register_32bits:Register_operand2|Rf_Register_8bits:register_component|enARdFF_2:b17|int_q ; gclock       ; gclock      ; 0.000        ; 0.043      ; 0.307      ;
; 0.180 ; LoadUseHazard_Fix:LoadUseHazard_FixUnit|Register_32bits:Register_operand1|Rf_Register_8bits:register_component|enARdFF_2:b13|int_q ; LoadUseHazard_Fix:LoadUseHazard_FixUnit|Register_32bits:Register_operand1|Rf_Register_8bits:register_component|enARdFF_2:b13|int_q ; gclock       ; gclock      ; 0.000        ; 0.043      ; 0.307      ;
; 0.180 ; LoadUseHazard_Fix:LoadUseHazard_FixUnit|Register_32bits:Register_operand2|Rf_Register_8bits:register_component|enARdFF_2:b8|int_q  ; LoadUseHazard_Fix:LoadUseHazard_FixUnit|Register_32bits:Register_operand2|Rf_Register_8bits:register_component|enARdFF_2:b8|int_q  ; gclock       ; gclock      ; 0.000        ; 0.043      ; 0.307      ;
; 0.180 ; LoadUseHazard_Fix:LoadUseHazard_FixUnit|Register_32bits:Register_operand2|Rf_Register_8bits:register_component|enARdFF_2:b1|int_q  ; LoadUseHazard_Fix:LoadUseHazard_FixUnit|Register_32bits:Register_operand2|Rf_Register_8bits:register_component|enARdFF_2:b1|int_q  ; gclock       ; gclock      ; 0.000        ; 0.043      ; 0.307      ;
; 0.181 ; LoadUseHazard_Fix:LoadUseHazard_FixUnit|Register_32bits:Register_operand1|Rf_Register_8bits:register_component|enARdFF_2:b14|int_q ; LoadUseHazard_Fix:LoadUseHazard_FixUnit|Register_32bits:Register_operand1|Rf_Register_8bits:register_component|enARdFF_2:b14|int_q ; gclock       ; gclock      ; 0.000        ; 0.042      ; 0.307      ;
; 0.181 ; LoadUseHazard_Fix:LoadUseHazard_FixUnit|Register_32bits:Register_operand2|Rf_Register_8bits:register_component|enARdFF_2:b14|int_q ; LoadUseHazard_Fix:LoadUseHazard_FixUnit|Register_32bits:Register_operand2|Rf_Register_8bits:register_component|enARdFF_2:b14|int_q ; gclock       ; gclock      ; 0.000        ; 0.042      ; 0.307      ;
; 0.181 ; LoadUseHazard_Fix:LoadUseHazard_FixUnit|Register_32bits:Register_operand2|Rf_Register_8bits:register_component|enARdFF_2:b13|int_q ; LoadUseHazard_Fix:LoadUseHazard_FixUnit|Register_32bits:Register_operand2|Rf_Register_8bits:register_component|enARdFF_2:b13|int_q ; gclock       ; gclock      ; 0.000        ; 0.042      ; 0.307      ;
; 0.181 ; LoadUseHazard_Fix:LoadUseHazard_FixUnit|Register_32bits:Register_operand2|Rf_Register_8bits:register_component|enARdFF_2:b10|int_q ; LoadUseHazard_Fix:LoadUseHazard_FixUnit|Register_32bits:Register_operand2|Rf_Register_8bits:register_component|enARdFF_2:b10|int_q ; gclock       ; gclock      ; 0.000        ; 0.042      ; 0.307      ;
; 0.181 ; LoadUseHazard_Fix:LoadUseHazard_FixUnit|Register_32bits:Register_operand1|Rf_Register_8bits:register_component|enARdFF_2:b16|int_q ; LoadUseHazard_Fix:LoadUseHazard_FixUnit|Register_32bits:Register_operand1|Rf_Register_8bits:register_component|enARdFF_2:b16|int_q ; gclock       ; gclock      ; 0.000        ; 0.042      ; 0.307      ;
; 0.181 ; PC:pc_temp|enARdFF_2:b2|int_q                                                                                                      ; PC:pc_temp|enARdFF_2:b2|int_q                                                                                                      ; gclock       ; gclock      ; 0.000        ; 0.042      ; 0.307      ;
; 0.181 ; PC:pc_temp|enARdFF_2:b4|int_q                                                                                                      ; PC:pc_temp|enARdFF_2:b4|int_q                                                                                                      ; gclock       ; gclock      ; 0.000        ; 0.042      ; 0.307      ;
; 0.181 ; PC:pc_temp|enARdFF_2:b3|int_q                                                                                                      ; PC:pc_temp|enARdFF_2:b3|int_q                                                                                                      ; gclock       ; gclock      ; 0.000        ; 0.042      ; 0.307      ;
; 0.181 ; PC:pc_temp|enARdFF_2:b6|int_q                                                                                                      ; PC:pc_temp|enARdFF_2:b6|int_q                                                                                                      ; gclock       ; gclock      ; 0.000        ; 0.042      ; 0.307      ;
; 0.181 ; PC:pc_temp|enARdFF_2:b0|int_q                                                                                                      ; PC:pc_temp|enARdFF_2:b0|int_q                                                                                                      ; gclock       ; gclock      ; 0.000        ; 0.042      ; 0.307      ;
; 0.181 ; LoadUseHazard_Fix:LoadUseHazard_FixUnit|Register_32bits:Register_operand2|Rf_Register_8bits:register_component|enARdFF_2:b31|int_q ; LoadUseHazard_Fix:LoadUseHazard_FixUnit|Register_32bits:Register_operand2|Rf_Register_8bits:register_component|enARdFF_2:b31|int_q ; gclock       ; gclock      ; 0.000        ; 0.042      ; 0.307      ;
; 0.181 ; LoadUseHazard_Fix:LoadUseHazard_FixUnit|Register_32bits:Register_operand1|Rf_Register_8bits:register_component|enARdFF_2:b31|int_q ; LoadUseHazard_Fix:LoadUseHazard_FixUnit|Register_32bits:Register_operand1|Rf_Register_8bits:register_component|enARdFF_2:b31|int_q ; gclock       ; gclock      ; 0.000        ; 0.042      ; 0.307      ;
; 0.181 ; LoadUseHazard_Fix:LoadUseHazard_FixUnit|Register_32bits:Register_operand2|Rf_Register_8bits:register_component|enARdFF_2:b29|int_q ; LoadUseHazard_Fix:LoadUseHazard_FixUnit|Register_32bits:Register_operand2|Rf_Register_8bits:register_component|enARdFF_2:b29|int_q ; gclock       ; gclock      ; 0.000        ; 0.042      ; 0.307      ;
; 0.181 ; LoadUseHazard_Fix:LoadUseHazard_FixUnit|Register_32bits:Register_operand2|Rf_Register_8bits:register_component|enARdFF_2:b19|int_q ; LoadUseHazard_Fix:LoadUseHazard_FixUnit|Register_32bits:Register_operand2|Rf_Register_8bits:register_component|enARdFF_2:b19|int_q ; gclock       ; gclock      ; 0.000        ; 0.042      ; 0.307      ;
; 0.181 ; LoadUseHazard_Fix:LoadUseHazard_FixUnit|Register_32bits:Register_operand1|Rf_Register_8bits:register_component|enARdFF_2:b27|int_q ; LoadUseHazard_Fix:LoadUseHazard_FixUnit|Register_32bits:Register_operand1|Rf_Register_8bits:register_component|enARdFF_2:b27|int_q ; gclock       ; gclock      ; 0.000        ; 0.042      ; 0.307      ;
; 0.181 ; LoadUseHazard_Fix:LoadUseHazard_FixUnit|Register_32bits:Register_operand1|Rf_Register_8bits:register_component|enARdFF_2:b26|int_q ; LoadUseHazard_Fix:LoadUseHazard_FixUnit|Register_32bits:Register_operand1|Rf_Register_8bits:register_component|enARdFF_2:b26|int_q ; gclock       ; gclock      ; 0.000        ; 0.042      ; 0.307      ;
; 0.181 ; LoadUseHazard_Fix:LoadUseHazard_FixUnit|Register_32bits:Register_operand2|Rf_Register_8bits:register_component|enARdFF_2:b26|int_q ; LoadUseHazard_Fix:LoadUseHazard_FixUnit|Register_32bits:Register_operand2|Rf_Register_8bits:register_component|enARdFF_2:b26|int_q ; gclock       ; gclock      ; 0.000        ; 0.042      ; 0.307      ;
; 0.181 ; LoadUseHazard_Fix:LoadUseHazard_FixUnit|Register_32bits:Register_operand1|Rf_Register_8bits:register_component|enARdFF_2:b25|int_q ; LoadUseHazard_Fix:LoadUseHazard_FixUnit|Register_32bits:Register_operand1|Rf_Register_8bits:register_component|enARdFF_2:b25|int_q ; gclock       ; gclock      ; 0.000        ; 0.042      ; 0.307      ;
; 0.181 ; LoadUseHazard_Fix:LoadUseHazard_FixUnit|Register_32bits:Register_operand2|Rf_Register_8bits:register_component|enARdFF_2:b25|int_q ; LoadUseHazard_Fix:LoadUseHazard_FixUnit|Register_32bits:Register_operand2|Rf_Register_8bits:register_component|enARdFF_2:b25|int_q ; gclock       ; gclock      ; 0.000        ; 0.042      ; 0.307      ;
; 0.181 ; LoadUseHazard_Fix:LoadUseHazard_FixUnit|Register_32bits:Register_operand1|Rf_Register_8bits:register_component|enARdFF_2:b24|int_q ; LoadUseHazard_Fix:LoadUseHazard_FixUnit|Register_32bits:Register_operand1|Rf_Register_8bits:register_component|enARdFF_2:b24|int_q ; gclock       ; gclock      ; 0.000        ; 0.042      ; 0.307      ;
; 0.181 ; LoadUseHazard_Fix:LoadUseHazard_FixUnit|Register_32bits:Register_operand2|Rf_Register_8bits:register_component|enARdFF_2:b24|int_q ; LoadUseHazard_Fix:LoadUseHazard_FixUnit|Register_32bits:Register_operand2|Rf_Register_8bits:register_component|enARdFF_2:b24|int_q ; gclock       ; gclock      ; 0.000        ; 0.042      ; 0.307      ;
; 0.181 ; LoadUseHazard_Fix:LoadUseHazard_FixUnit|Register_32bits:Register_operand1|Rf_Register_8bits:register_component|enARdFF_2:b23|int_q ; LoadUseHazard_Fix:LoadUseHazard_FixUnit|Register_32bits:Register_operand1|Rf_Register_8bits:register_component|enARdFF_2:b23|int_q ; gclock       ; gclock      ; 0.000        ; 0.042      ; 0.307      ;
; 0.181 ; LoadUseHazard_Fix:LoadUseHazard_FixUnit|Register_32bits:Register_operand2|Rf_Register_8bits:register_component|enARdFF_2:b22|int_q ; LoadUseHazard_Fix:LoadUseHazard_FixUnit|Register_32bits:Register_operand2|Rf_Register_8bits:register_component|enARdFF_2:b22|int_q ; gclock       ; gclock      ; 0.000        ; 0.042      ; 0.307      ;
; 0.181 ; LoadUseHazard_Fix:LoadUseHazard_FixUnit|Register_32bits:Register_operand2|Rf_Register_8bits:register_component|enARdFF_2:b21|int_q ; LoadUseHazard_Fix:LoadUseHazard_FixUnit|Register_32bits:Register_operand2|Rf_Register_8bits:register_component|enARdFF_2:b21|int_q ; gclock       ; gclock      ; 0.000        ; 0.042      ; 0.307      ;
; 0.181 ; LoadUseHazard_Fix:LoadUseHazard_FixUnit|Register_32bits:Register_operand1|Rf_Register_8bits:register_component|enARdFF_2:b21|int_q ; LoadUseHazard_Fix:LoadUseHazard_FixUnit|Register_32bits:Register_operand1|Rf_Register_8bits:register_component|enARdFF_2:b21|int_q ; gclock       ; gclock      ; 0.000        ; 0.042      ; 0.307      ;
; 0.181 ; LoadUseHazard_Fix:LoadUseHazard_FixUnit|Register_32bits:Register_operand1|Rf_Register_8bits:register_component|enARdFF_2:b20|int_q ; LoadUseHazard_Fix:LoadUseHazard_FixUnit|Register_32bits:Register_operand1|Rf_Register_8bits:register_component|enARdFF_2:b20|int_q ; gclock       ; gclock      ; 0.000        ; 0.042      ; 0.307      ;
; 0.181 ; LoadUseHazard_Fix:LoadUseHazard_FixUnit|Register_32bits:Register_operand2|Rf_Register_8bits:register_component|enARdFF_2:b20|int_q ; LoadUseHazard_Fix:LoadUseHazard_FixUnit|Register_32bits:Register_operand2|Rf_Register_8bits:register_component|enARdFF_2:b20|int_q ; gclock       ; gclock      ; 0.000        ; 0.042      ; 0.307      ;
; 0.181 ; LoadUseHazard_Fix:LoadUseHazard_FixUnit|Register_32bits:Register_operand2|Rf_Register_8bits:register_component|enARdFF_2:b16|int_q ; LoadUseHazard_Fix:LoadUseHazard_FixUnit|Register_32bits:Register_operand2|Rf_Register_8bits:register_component|enARdFF_2:b16|int_q ; gclock       ; gclock      ; 0.000        ; 0.042      ; 0.307      ;
; 0.181 ; LoadUseHazard_Fix:LoadUseHazard_FixUnit|Register_32bits:Register_operand1|Rf_Register_8bits:register_component|enARdFF_2:b12|int_q ; LoadUseHazard_Fix:LoadUseHazard_FixUnit|Register_32bits:Register_operand1|Rf_Register_8bits:register_component|enARdFF_2:b12|int_q ; gclock       ; gclock      ; 0.000        ; 0.042      ; 0.307      ;
; 0.181 ; LoadUseHazard_Fix:LoadUseHazard_FixUnit|Register_32bits:Register_operand2|Rf_Register_8bits:register_component|enARdFF_2:b11|int_q ; LoadUseHazard_Fix:LoadUseHazard_FixUnit|Register_32bits:Register_operand2|Rf_Register_8bits:register_component|enARdFF_2:b11|int_q ; gclock       ; gclock      ; 0.000        ; 0.042      ; 0.307      ;
; 0.181 ; LoadUseHazard_Fix:LoadUseHazard_FixUnit|Register_32bits:Register_operand1|Rf_Register_8bits:register_component|enARdFF_2:b9|int_q  ; LoadUseHazard_Fix:LoadUseHazard_FixUnit|Register_32bits:Register_operand1|Rf_Register_8bits:register_component|enARdFF_2:b9|int_q  ; gclock       ; gclock      ; 0.000        ; 0.042      ; 0.307      ;
; 0.181 ; LoadUseHazard_Fix:LoadUseHazard_FixUnit|Register_32bits:Register_operand1|Rf_Register_8bits:register_component|enARdFF_2:b15|int_q ; LoadUseHazard_Fix:LoadUseHazard_FixUnit|Register_32bits:Register_operand1|Rf_Register_8bits:register_component|enARdFF_2:b15|int_q ; gclock       ; gclock      ; 0.000        ; 0.042      ; 0.307      ;
; 0.181 ; LoadUseHazard_Fix:LoadUseHazard_FixUnit|Register_32bits:Register_operand2|Rf_Register_8bits:register_component|enARdFF_2:b15|int_q ; LoadUseHazard_Fix:LoadUseHazard_FixUnit|Register_32bits:Register_operand2|Rf_Register_8bits:register_component|enARdFF_2:b15|int_q ; gclock       ; gclock      ; 0.000        ; 0.042      ; 0.307      ;
; 0.181 ; LoadUseHazard_Fix:LoadUseHazard_FixUnit|Register_32bits:Register_operand2|Rf_Register_8bits:register_component|enARdFF_2:b4|int_q  ; LoadUseHazard_Fix:LoadUseHazard_FixUnit|Register_32bits:Register_operand2|Rf_Register_8bits:register_component|enARdFF_2:b4|int_q  ; gclock       ; gclock      ; 0.000        ; 0.042      ; 0.307      ;
; 0.181 ; LoadUseHazard_Fix:LoadUseHazard_FixUnit|Register_32bits:Register_operand1|Rf_Register_8bits:register_component|enARdFF_2:b4|int_q  ; LoadUseHazard_Fix:LoadUseHazard_FixUnit|Register_32bits:Register_operand1|Rf_Register_8bits:register_component|enARdFF_2:b4|int_q  ; gclock       ; gclock      ; 0.000        ; 0.042      ; 0.307      ;
; 0.181 ; LoadUseHazard_Fix:LoadUseHazard_FixUnit|Register_32bits:Register_operand2|Rf_Register_8bits:register_component|enARdFF_2:b6|int_q  ; LoadUseHazard_Fix:LoadUseHazard_FixUnit|Register_32bits:Register_operand2|Rf_Register_8bits:register_component|enARdFF_2:b6|int_q  ; gclock       ; gclock      ; 0.000        ; 0.042      ; 0.307      ;
; 0.181 ; LoadUseHazard_Fix:LoadUseHazard_FixUnit|Register_32bits:Register_operand1|Rf_Register_8bits:register_component|enARdFF_2:b3|int_q  ; LoadUseHazard_Fix:LoadUseHazard_FixUnit|Register_32bits:Register_operand1|Rf_Register_8bits:register_component|enARdFF_2:b3|int_q  ; gclock       ; gclock      ; 0.000        ; 0.042      ; 0.307      ;
; 0.181 ; LoadUseHazard_Fix:LoadUseHazard_FixUnit|Register_32bits:Register_operand2|Rf_Register_8bits:register_component|enARdFF_2:b3|int_q  ; LoadUseHazard_Fix:LoadUseHazard_FixUnit|Register_32bits:Register_operand2|Rf_Register_8bits:register_component|enARdFF_2:b3|int_q  ; gclock       ; gclock      ; 0.000        ; 0.042      ; 0.307      ;
; 0.189 ; IF_ID:if_id_register|Register_32bits:pc_offset_val|Rf_Register_8bits:register_component|enARdFF_2:b0|int_q                         ; PC:pc_ref|enARdFF_2:b0|int_q                                                                                                       ; gclock       ; gclock      ; 0.000        ; 0.042      ; 0.315      ;
; 0.193 ; PC:pc_ref|enARdFF_2:b0|int_q                                                                                                       ; IF_ID:if_id_register|Register_32bits:pc_offset_val|Rf_Register_8bits:register_component|enARdFF_2:b0|int_q                         ; gclock       ; gclock      ; 0.000        ; 0.042      ; 0.319      ;
; 0.193 ; PC:pc_ref|enARdFF_2:b0|int_q                                                                                                       ; PC:pc_temp|enARdFF_2:b0|int_q                                                                                                      ; gclock       ; gclock      ; 0.000        ; 0.042      ; 0.319      ;
; 0.194 ; PC:pc_ref|enARdFF_2:b4|int_q                                                                                                       ; IF_ID:if_id_register|Register_32bits:pc_offset_val|Rf_Register_8bits:register_component|enARdFF_2:b4|int_q                         ; gclock       ; gclock      ; 0.000        ; 0.042      ; 0.320      ;
; 0.194 ; PC:pc_temp|enARdFF_2:b5|int_q                                                                                                      ; IF_ID:if_id_register|Register_32bits:pc_offset_val|Rf_Register_8bits:register_component|enARdFF_2:b5|int_q                         ; gclock       ; gclock      ; 0.000        ; 0.042      ; 0.320      ;
; 0.197 ; PC:pc_ref|enARdFF_2:b7|int_q                                                                                                       ; IF_ID:if_id_register|Register_32bits:pc_offset_val|Rf_Register_8bits:register_component|enARdFF_2:b7|int_q                         ; gclock       ; gclock      ; 0.000        ; 0.042      ; 0.323      ;
; 0.199 ; PC:pc_ref|enARdFF_2:b28|int_q                                                                                                      ; IF_ID:if_id_register|Register_32bits:pc_offset_val|Rf_Register_8bits:register_component|enARdFF_2:b28|int_q                        ; gclock       ; gclock      ; 0.000        ; 0.042      ; 0.325      ;
; 0.199 ; PC:pc_ref|enARdFF_2:b2|int_q                                                                                                       ; IF_ID:if_id_register|Register_32bits:pc_offset_val|Rf_Register_8bits:register_component|enARdFF_2:b2|int_q                         ; gclock       ; gclock      ; 0.000        ; 0.042      ; 0.325      ;
; 0.200 ; PC:pc_ref|enARdFF_2:b16|int_q                                                                                                      ; IF_ID:if_id_register|Register_32bits:pc_offset_val|Rf_Register_8bits:register_component|enARdFF_2:b16|int_q                        ; gclock       ; gclock      ; 0.000        ; 0.042      ; 0.326      ;
; 0.200 ; PC:pc_ref|enARdFF_2:b15|int_q                                                                                                      ; IF_ID:if_id_register|Register_32bits:pc_offset_val|Rf_Register_8bits:register_component|enARdFF_2:b15|int_q                        ; gclock       ; gclock      ; 0.000        ; 0.042      ; 0.326      ;
; 0.202 ; PC:pc_ref|enARdFF_2:b6|int_q                                                                                                       ; IF_ID:if_id_register|Register_32bits:pc_offset_val|Rf_Register_8bits:register_component|enARdFF_2:b6|int_q                         ; gclock       ; gclock      ; 0.000        ; 0.042      ; 0.328      ;
; 0.203 ; PC:pc_ref|enARdFF_2:b9|int_q                                                                                                       ; IF_ID:if_id_register|Register_32bits:pc_offset_val|Rf_Register_8bits:register_component|enARdFF_2:b9|int_q                         ; gclock       ; gclock      ; 0.000        ; 0.042      ; 0.329      ;
; 0.204 ; PC:pc_ref|enARdFF_2:b26|int_q                                                                                                      ; IF_ID:if_id_register|Register_32bits:pc_offset_val|Rf_Register_8bits:register_component|enARdFF_2:b26|int_q                        ; gclock       ; gclock      ; 0.000        ; 0.042      ; 0.330      ;
; 0.205 ; PC:pc_temp|enARdFF_2:b25|int_q                                                                                                     ; IF_ID:if_id_register|Register_32bits:pc_offset_val|Rf_Register_8bits:register_component|enARdFF_2:b25|int_q                        ; gclock       ; gclock      ; 0.000        ; 0.042      ; 0.331      ;
; 0.216 ; EX_MEM:exmem|Register_5bits:control_signals|enARdFF_2:b0|int_q                                                                     ; MEM_WB:MEMWB|Register_32bits:read_ram|Rf_Register_8bits:register_component|enARdFF_2:b3|int_q                                      ; gclock       ; gclock      ; 0.000        ; 0.043      ; 0.343      ;
; 0.247 ; PC:pc_temp|enARdFF_2:b4|int_q                                                                                                      ; IF_ID:if_id_register|Register_32bits:pc_offset_val|Rf_Register_8bits:register_component|enARdFF_2:b4|int_q                         ; gclock       ; gclock      ; 0.000        ; 0.042      ; 0.373      ;
; 0.254 ; IF_ID:if_id_register|Register_32bits:pc_offset_val|Rf_Register_8bits:register_component|enARdFF_2:b30|int_q                        ; PC:pc_ref|enARdFF_2:b30|int_q                                                                                                      ; gclock       ; gclock      ; 0.000        ; 0.041      ; 0.379      ;
; 0.256 ; ID_EX:ID_EX_register|Register_32bits:instruction_val|Rf_Register_8bits:register_component|enARdFF_2:b29|int_q                      ; EX_MEM:exmem|Register_32bits:instruction_val|Rf_Register_8bits:register_component|enARdFF_2:b29|int_q                              ; gclock       ; gclock      ; 0.000        ; 0.042      ; 0.382      ;
; 0.257 ; ID_EX:ID_EX_register|Register_32bits:instruction_val|Rf_Register_8bits:register_component|enARdFF_2:b27|int_q                      ; EX_MEM:exmem|Register_32bits:instruction_val|Rf_Register_8bits:register_component|enARdFF_2:b27|int_q                              ; gclock       ; gclock      ; 0.000        ; 0.042      ; 0.383      ;
; 0.258 ; PC:pc_temp|enARdFF_2:b16|int_q                                                                                                     ; IF_ID:if_id_register|Register_32bits:pc_offset_val|Rf_Register_8bits:register_component|enARdFF_2:b16|int_q                        ; gclock       ; gclock      ; 0.000        ; 0.042      ; 0.384      ;
; 0.259 ; PC:pc_ref|enARdFF_2:b31|int_q                                                                                                      ; IF_ID:if_id_register|Register_32bits:pc_offset_val|Rf_Register_8bits:register_component|enARdFF_2:b31|int_q                        ; gclock       ; gclock      ; 0.000        ; 0.041      ; 0.384      ;
; 0.261 ; EX_MEM:exmem|Register_32bits:instruction_val|Rf_Register_8bits:register_component|enARdFF_2:b24|int_q                              ; MEM_WB:MEMWB|Register_32bits:instruction_val|Rf_Register_8bits:register_component|enARdFF_2:b24|int_q                              ; gclock       ; gclock      ; 0.000        ; 0.042      ; 0.387      ;
; 0.261 ; EX_MEM:exmem|Register_32bits:instruction_val|Rf_Register_8bits:register_component|enARdFF_2:b21|int_q                              ; MEM_WB:MEMWB|Register_32bits:instruction_val|Rf_Register_8bits:register_component|enARdFF_2:b21|int_q                              ; gclock       ; gclock      ; 0.000        ; 0.042      ; 0.387      ;
; 0.261 ; EX_MEM:exmem|Register_32bits:instruction_val|Rf_Register_8bits:register_component|enARdFF_2:b18|int_q                              ; MEM_WB:MEMWB|Register_32bits:instruction_val|Rf_Register_8bits:register_component|enARdFF_2:b18|int_q                              ; gclock       ; gclock      ; 0.000        ; 0.042      ; 0.387      ;
; 0.261 ; EX_MEM:exmem|Register_32bits:instruction_val|Rf_Register_8bits:register_component|enARdFF_2:b8|int_q                               ; MEM_WB:MEMWB|Register_32bits:instruction_val|Rf_Register_8bits:register_component|enARdFF_2:b8|int_q                               ; gclock       ; gclock      ; 0.000        ; 0.042      ; 0.387      ;
; 0.261 ; EX_MEM:exmem|Register_32bits:instruction_val|Rf_Register_8bits:register_component|enARdFF_2:b5|int_q                               ; MEM_WB:MEMWB|Register_32bits:instruction_val|Rf_Register_8bits:register_component|enARdFF_2:b5|int_q                               ; gclock       ; gclock      ; 0.000        ; 0.042      ; 0.387      ;
; 0.261 ; EX_MEM:exmem|Register_32bits:instruction_val|Rf_Register_8bits:register_component|enARdFF_2:b2|int_q                               ; MEM_WB:MEMWB|Register_32bits:instruction_val|Rf_Register_8bits:register_component|enARdFF_2:b2|int_q                               ; gclock       ; gclock      ; 0.000        ; 0.042      ; 0.387      ;
; 0.262 ; ID_EX:ID_EX_register|Register_32bits:instruction_val|Rf_Register_8bits:register_component|enARdFF_2:b26|int_q                      ; EX_MEM:exmem|Register_32bits:instruction_val|Rf_Register_8bits:register_component|enARdFF_2:b26|int_q                              ; gclock       ; gclock      ; 0.000        ; 0.042      ; 0.388      ;
; 0.262 ; EX_MEM:exmem|Register_32bits:instruction_val|Rf_Register_8bits:register_component|enARdFF_2:b12|int_q                              ; MEM_WB:MEMWB|Register_32bits:instruction_val|Rf_Register_8bits:register_component|enARdFF_2:b12|int_q                              ; gclock       ; gclock      ; 0.000        ; 0.042      ; 0.388      ;
; 0.263 ; EX_MEM:exmem|Register_32bits:instruction_val|Rf_Register_8bits:register_component|enARdFF_2:b19|int_q                              ; MEM_WB:MEMWB|Register_32bits:instruction_val|Rf_Register_8bits:register_component|enARdFF_2:b19|int_q                              ; gclock       ; gclock      ; 0.000        ; 0.042      ; 0.389      ;
; 0.263 ; EX_MEM:exmem|Register_32bits:instruction_val|Rf_Register_8bits:register_component|enARdFF_2:b14|int_q                              ; MEM_WB:MEMWB|Register_32bits:instruction_val|Rf_Register_8bits:register_component|enARdFF_2:b14|int_q                              ; gclock       ; gclock      ; 0.000        ; 0.042      ; 0.389      ;
; 0.263 ; EX_MEM:exmem|Register_32bits:instruction_val|Rf_Register_8bits:register_component|enARdFF_2:b1|int_q                               ; MEM_WB:MEMWB|Register_32bits:instruction_val|Rf_Register_8bits:register_component|enARdFF_2:b1|int_q                               ; gclock       ; gclock      ; 0.000        ; 0.042      ; 0.389      ;
; 0.264 ; EX_MEM:exmem|Register_32bits:instruction_val|Rf_Register_8bits:register_component|enARdFF_2:b25|int_q                              ; MEM_WB:MEMWB|Register_32bits:instruction_val|Rf_Register_8bits:register_component|enARdFF_2:b25|int_q                              ; gclock       ; gclock      ; 0.000        ; 0.042      ; 0.390      ;
; 0.264 ; EX_MEM:exmem|Register_32bits:instruction_val|Rf_Register_8bits:register_component|enARdFF_2:b10|int_q                              ; MEM_WB:MEMWB|Register_32bits:instruction_val|Rf_Register_8bits:register_component|enARdFF_2:b10|int_q                              ; gclock       ; gclock      ; 0.000        ; 0.042      ; 0.390      ;
; 0.265 ; EX_MEM:exmem|Register_32bits:instruction_val|Rf_Register_8bits:register_component|enARdFF_2:b31|int_q                              ; MEM_WB:MEMWB|Register_32bits:instruction_val|Rf_Register_8bits:register_component|enARdFF_2:b31|int_q                              ; gclock       ; gclock      ; 0.000        ; 0.042      ; 0.391      ;
; 0.265 ; EX_MEM:exmem|Register_32bits:instruction_val|Rf_Register_8bits:register_component|enARdFF_2:b28|int_q                              ; MEM_WB:MEMWB|Register_32bits:instruction_val|Rf_Register_8bits:register_component|enARdFF_2:b28|int_q                              ; gclock       ; gclock      ; 0.000        ; 0.042      ; 0.391      ;
; 0.266 ; EX_MEM:exmem|Register_32bits:instruction_val|Rf_Register_8bits:register_component|enARdFF_2:b29|int_q                              ; MEM_WB:MEMWB|Register_32bits:instruction_val|Rf_Register_8bits:register_component|enARdFF_2:b29|int_q                              ; gclock       ; gclock      ; 0.000        ; 0.042      ; 0.392      ;
; 0.266 ; PC:pc_ref|enARdFF_2:b24|int_q                                                                                                      ; IF_ID:if_id_register|Register_32bits:pc_offset_val|Rf_Register_8bits:register_component|enARdFF_2:b24|int_q                        ; gclock       ; gclock      ; 0.000        ; 0.043      ; 0.393      ;
; 0.267 ; EX_MEM:exmem|Register_32bits:instruction_val|Rf_Register_8bits:register_component|enARdFF_2:b27|int_q                              ; MEM_WB:MEMWB|Register_32bits:instruction_val|Rf_Register_8bits:register_component|enARdFF_2:b27|int_q                              ; gclock       ; gclock      ; 0.000        ; 0.042      ; 0.393      ;
; 0.268 ; PC:pc_ref|enARdFF_2:b29|int_q                                                                                                      ; IF_ID:if_id_register|Register_32bits:pc_offset_val|Rf_Register_8bits:register_component|enARdFF_2:b29|int_q                        ; gclock       ; gclock      ; 0.000        ; 0.042      ; 0.394      ;
; 0.270 ; EX_MEM:exmem|Register_5bits:rd|enARdFF_2:b1|int_q                                                                                  ; MEM_WB:MEMWB|Register_5bits:rd|enARdFF_2:b1|int_q                                                                                  ; gclock       ; gclock      ; 0.000        ; 0.043      ; 0.397      ;
; 0.273 ; IF_ID:if_id_register|Register_32bits:instruction_val|Rf_Register_8bits:register_component|enARdFF_2:b7|int_q                       ; ID_EX:ID_EX_register|Register_32bits:instruction_val|Rf_Register_8bits:register_component|enARdFF_2:b7|int_q                       ; gclock       ; gclock      ; 0.000        ; 0.042      ; 0.399      ;
; 0.275 ; IF_ID:if_id_register|Register_32bits:instruction_val|Rf_Register_8bits:register_component|enARdFF_2:b31|int_q                      ; ID_EX:ID_EX_register|Register_9bits:control_signals_reg|enARdFF_2:b2|int_q                                                         ; gclock       ; gclock      ; 0.000        ; 0.042      ; 0.401      ;
; 0.276 ; IF_ID:if_id_register|Register_32bits:instruction_val|Rf_Register_8bits:register_component|enARdFF_2:b6|int_q                       ; ID_EX:ID_EX_register|Register_32bits:instruction_val|Rf_Register_8bits:register_component|enARdFF_2:b6|int_q                       ; gclock       ; gclock      ; 0.000        ; 0.042      ; 0.402      ;
; 0.277 ; EX_MEM:exmem|Register_5bits:rd|enARdFF_2:b4|int_q                                                                                  ; MEM_WB:MEMWB|Register_5bits:rd|enARdFF_2:b4|int_q                                                                                  ; gclock       ; gclock      ; 0.000        ; 0.043      ; 0.404      ;
; 0.279 ; PC:pc_temp|enARdFF_2:b30|int_q                                                                                                     ; IF_ID:if_id_register|Register_32bits:pc_offset_val|Rf_Register_8bits:register_component|enARdFF_2:b30|int_q                        ; gclock       ; gclock      ; 0.000        ; 0.042      ; 0.405      ;
+-------+------------------------------------------------------------------------------------------------------------------------------------+------------------------------------------------------------------------------------------------------------------------------------+--------------+-------------+--------------+------------+------------+


----------------------------------------------
; Fast 1200mV 0C Model Metastability Summary ;
----------------------------------------------
No synchronizer chains to report.


+---------------------------------------------------------------------------------+
; Multicorner Timing Analysis Summary                                             ;
+------------------+-----------+-------+----------+---------+---------------------+
; Clock            ; Setup     ; Hold  ; Recovery ; Removal ; Minimum Pulse Width ;
+------------------+-----------+-------+----------+---------+---------------------+
; Worst-case Slack ; -21.712   ; 0.172 ; N/A      ; N/A     ; -3.000              ;
;  gclock          ; -21.712   ; 0.172 ; N/A      ; N/A     ; -3.000              ;
; Design-wide TNS  ; -4849.822 ; 0.0   ; 0.0      ; 0.0     ; -1070.958           ;
;  gclock          ; -4849.822 ; 0.000 ; N/A      ; N/A     ; -1070.958           ;
+------------------+-----------+-------+----------+---------+---------------------+


+-----------------------------------------------------------------------------------------------------------------------------------------------------------------------------------------------------------------------------------------------------------------------------------------------------------------------------------------------------------------------------------------------------------------------+
; Board Trace Model Assignments                                                                                                                                                                                                                                                                                                                                                                                         ;
+--------------------+--------------+-------------------+-------------------------+-------------------------+---------------+---------------------+----------------+------------------+--------+------------------+------------------------+------------------------+--------------+---------------+-----------------+-------+---------------------+--------------------+---------------+-----------------+-------------+
; Pin                ; I/O Standard ; Near Tline Length ; Near Tline L per Length ; Near Tline C per Length ; Near Series R ; Near Differential R ; Near Pull-up R ; Near Pull-down R ; Near C ; Far Tline Length ; Far Tline L per Length ; Far Tline C per Length ; Far Series R ; Far Pull-up R ; Far Pull-down R ; Far C ; Termination Voltage ; Far Differential R ; EBD File Name ; EBD Signal Name ; EBD Far-end ;
+--------------------+--------------+-------------------+-------------------------+-------------------------+---------------+---------------------+----------------+------------------+--------+------------------+------------------------+------------------------+--------------+---------------+-----------------+-------+---------------------+--------------------+---------------+-----------------+-------------+
; MuxOut[0]          ; 2.5 V        ; 0 in              ; 0 H/in                  ; 0 F/in                  ; short         ; -                   ; open           ; open             ; open   ; 0 in             ; 0 H/in                 ; 0 F/in                 ; short        ; open          ; open            ; open  ; 0 V                 ; -                  ; n/a           ; n/a             ; n/a         ;
; MuxOut[1]          ; 2.5 V        ; 0 in              ; 0 H/in                  ; 0 F/in                  ; short         ; -                   ; open           ; open             ; open   ; 0 in             ; 0 H/in                 ; 0 F/in                 ; short        ; open          ; open            ; open  ; 0 V                 ; -                  ; n/a           ; n/a             ; n/a         ;
; MuxOut[2]          ; 2.5 V        ; 0 in              ; 0 H/in                  ; 0 F/in                  ; short         ; -                   ; open           ; open             ; open   ; 0 in             ; 0 H/in                 ; 0 F/in                 ; short        ; open          ; open            ; open  ; 0 V                 ; -                  ; n/a           ; n/a             ; n/a         ;
; MuxOut[3]          ; 2.5 V        ; 0 in              ; 0 H/in                  ; 0 F/in                  ; short         ; -                   ; open           ; open             ; open   ; 0 in             ; 0 H/in                 ; 0 F/in                 ; short        ; open          ; open            ; open  ; 0 V                 ; -                  ; n/a           ; n/a             ; n/a         ;
; MuxOut[4]          ; 2.5 V        ; 0 in              ; 0 H/in                  ; 0 F/in                  ; short         ; -                   ; open           ; open             ; open   ; 0 in             ; 0 H/in                 ; 0 F/in                 ; short        ; open          ; open            ; open  ; 0 V                 ; -                  ; n/a           ; n/a             ; n/a         ;
; MuxOut[5]          ; 2.5 V        ; 0 in              ; 0 H/in                  ; 0 F/in                  ; short         ; -                   ; open           ; open             ; open   ; 0 in             ; 0 H/in                 ; 0 F/in                 ; short        ; open          ; open            ; open  ; 0 V                 ; -                  ; n/a           ; n/a             ; n/a         ;
; MuxOut[6]          ; 2.5 V        ; 0 in              ; 0 H/in                  ; 0 F/in                  ; short         ; -                   ; open           ; open             ; open   ; 0 in             ; 0 H/in                 ; 0 F/in                 ; short        ; open          ; open            ; open  ; 0 V                 ; -                  ; n/a           ; n/a             ; n/a         ;
; MuxOut[7]          ; 2.5 V        ; 0 in              ; 0 H/in                  ; 0 F/in                  ; short         ; -                   ; open           ; open             ; open   ; 0 in             ; 0 H/in                 ; 0 F/in                 ; short        ; open          ; open            ; open  ; 0 V                 ; -                  ; n/a           ; n/a             ; n/a         ;
; MuxOut[8]          ; 2.5 V        ; 0 in              ; 0 H/in                  ; 0 F/in                  ; short         ; -                   ; open           ; open             ; open   ; 0 in             ; 0 H/in                 ; 0 F/in                 ; short        ; open          ; open            ; open  ; 0 V                 ; -                  ; n/a           ; n/a             ; n/a         ;
; MuxOut[9]          ; 2.5 V        ; 0 in              ; 0 H/in                  ; 0 F/in                  ; short         ; -                   ; open           ; open             ; open   ; 0 in             ; 0 H/in                 ; 0 F/in                 ; short        ; open          ; open            ; open  ; 0 V                 ; -                  ; n/a           ; n/a             ; n/a         ;
; MuxOut[10]         ; 2.5 V        ; 0 in              ; 0 H/in                  ; 0 F/in                  ; short         ; -                   ; open           ; open             ; open   ; 0 in             ; 0 H/in                 ; 0 F/in                 ; short        ; open          ; open            ; open  ; 0 V                 ; -                  ; n/a           ; n/a             ; n/a         ;
; MuxOut[11]         ; 2.5 V        ; 0 in              ; 0 H/in                  ; 0 F/in                  ; short         ; -                   ; open           ; open             ; open   ; 0 in             ; 0 H/in                 ; 0 F/in                 ; short        ; open          ; open            ; open  ; 0 V                 ; -                  ; n/a           ; n/a             ; n/a         ;
; MuxOut[12]         ; 2.5 V        ; 0 in              ; 0 H/in                  ; 0 F/in                  ; short         ; -                   ; open           ; open             ; open   ; 0 in             ; 0 H/in                 ; 0 F/in                 ; short        ; open          ; open            ; open  ; 0 V                 ; -                  ; n/a           ; n/a             ; n/a         ;
; MuxOut[13]         ; 2.5 V        ; 0 in              ; 0 H/in                  ; 0 F/in                  ; short         ; -                   ; open           ; open             ; open   ; 0 in             ; 0 H/in                 ; 0 F/in                 ; short        ; open          ; open            ; open  ; 0 V                 ; -                  ; n/a           ; n/a             ; n/a         ;
; MuxOut[14]         ; 2.5 V        ; 0 in              ; 0 H/in                  ; 0 F/in                  ; short         ; -                   ; open           ; open             ; open   ; 0 in             ; 0 H/in                 ; 0 F/in                 ; short        ; open          ; open            ; open  ; 0 V                 ; -                  ; n/a           ; n/a             ; n/a         ;
; MuxOut[15]         ; 2.5 V        ; 0 in              ; 0 H/in                  ; 0 F/in                  ; short         ; -                   ; open           ; open             ; open   ; 0 in             ; 0 H/in                 ; 0 F/in                 ; short        ; open          ; open            ; open  ; 0 V                 ; -                  ; n/a           ; n/a             ; n/a         ;
; MuxOut[16]         ; 2.5 V        ; 0 in              ; 0 H/in                  ; 0 F/in                  ; short         ; -                   ; open           ; open             ; open   ; 0 in             ; 0 H/in                 ; 0 F/in                 ; short        ; open          ; open            ; open  ; 0 V                 ; -                  ; n/a           ; n/a             ; n/a         ;
; MuxOut[17]         ; 2.5 V        ; 0 in              ; 0 H/in                  ; 0 F/in                  ; short         ; -                   ; open           ; open             ; open   ; 0 in             ; 0 H/in                 ; 0 F/in                 ; short        ; open          ; open            ; open  ; 0 V                 ; -                  ; n/a           ; n/a             ; n/a         ;
; MuxOut[18]         ; 2.5 V        ; 0 in              ; 0 H/in                  ; 0 F/in                  ; short         ; -                   ; open           ; open             ; open   ; 0 in             ; 0 H/in                 ; 0 F/in                 ; short        ; open          ; open            ; open  ; 0 V                 ; -                  ; n/a           ; n/a             ; n/a         ;
; MuxOut[19]         ; 2.5 V        ; 0 in              ; 0 H/in                  ; 0 F/in                  ; short         ; -                   ; open           ; open             ; open   ; 0 in             ; 0 H/in                 ; 0 F/in                 ; short        ; open          ; open            ; open  ; 0 V                 ; -                  ; n/a           ; n/a             ; n/a         ;
; MuxOut[20]         ; 2.5 V        ; 0 in              ; 0 H/in                  ; 0 F/in                  ; short         ; -                   ; open           ; open             ; open   ; 0 in             ; 0 H/in                 ; 0 F/in                 ; short        ; open          ; open            ; open  ; 0 V                 ; -                  ; n/a           ; n/a             ; n/a         ;
; MuxOut[21]         ; 2.5 V        ; 0 in              ; 0 H/in                  ; 0 F/in                  ; short         ; -                   ; open           ; open             ; open   ; 0 in             ; 0 H/in                 ; 0 F/in                 ; short        ; open          ; open            ; open  ; 0 V                 ; -                  ; n/a           ; n/a             ; n/a         ;
; MuxOut[22]         ; 2.5 V        ; 0 in              ; 0 H/in                  ; 0 F/in                  ; short         ; -                   ; open           ; open             ; open   ; 0 in             ; 0 H/in                 ; 0 F/in                 ; short        ; open          ; open            ; open  ; 0 V                 ; -                  ; n/a           ; n/a             ; n/a         ;
; MuxOut[23]         ; 2.5 V        ; 0 in              ; 0 H/in                  ; 0 F/in                  ; short         ; -                   ; open           ; open             ; open   ; 0 in             ; 0 H/in                 ; 0 F/in                 ; short        ; open          ; open            ; open  ; 0 V                 ; -                  ; n/a           ; n/a             ; n/a         ;
; MuxOut[24]         ; 2.5 V        ; 0 in              ; 0 H/in                  ; 0 F/in                  ; short         ; -                   ; open           ; open             ; open   ; 0 in             ; 0 H/in                 ; 0 F/in                 ; short        ; open          ; open            ; open  ; 0 V                 ; -                  ; n/a           ; n/a             ; n/a         ;
; MuxOut[25]         ; 2.5 V        ; 0 in              ; 0 H/in                  ; 0 F/in                  ; short         ; -                   ; open           ; open             ; open   ; 0 in             ; 0 H/in                 ; 0 F/in                 ; short        ; open          ; open            ; open  ; 0 V                 ; -                  ; n/a           ; n/a             ; n/a         ;
; MuxOut[26]         ; 2.5 V        ; 0 in              ; 0 H/in                  ; 0 F/in                  ; short         ; -                   ; open           ; open             ; open   ; 0 in             ; 0 H/in                 ; 0 F/in                 ; short        ; open          ; open            ; open  ; 0 V                 ; -                  ; n/a           ; n/a             ; n/a         ;
; MuxOut[27]         ; 2.5 V        ; 0 in              ; 0 H/in                  ; 0 F/in                  ; short         ; -                   ; open           ; open             ; open   ; 0 in             ; 0 H/in                 ; 0 F/in                 ; short        ; open          ; open            ; open  ; 0 V                 ; -                  ; n/a           ; n/a             ; n/a         ;
; MuxOut[28]         ; 2.5 V        ; 0 in              ; 0 H/in                  ; 0 F/in                  ; short         ; -                   ; open           ; open             ; open   ; 0 in             ; 0 H/in                 ; 0 F/in                 ; short        ; open          ; open            ; open  ; 0 V                 ; -                  ; n/a           ; n/a             ; n/a         ;
; MuxOut[29]         ; 2.5 V        ; 0 in              ; 0 H/in                  ; 0 F/in                  ; short         ; -                   ; open           ; open             ; open   ; 0 in             ; 0 H/in                 ; 0 F/in                 ; short        ; open          ; open            ; open  ; 0 V                 ; -                  ; n/a           ; n/a             ; n/a         ;
; MuxOut[30]         ; 2.5 V        ; 0 in              ; 0 H/in                  ; 0 F/in                  ; short         ; -                   ; open           ; open             ; open   ; 0 in             ; 0 H/in                 ; 0 F/in                 ; short        ; open          ; open            ; open  ; 0 V                 ; -                  ; n/a           ; n/a             ; n/a         ;
; MuxOut[31]         ; 2.5 V        ; 0 in              ; 0 H/in                  ; 0 F/in                  ; short         ; -                   ; open           ; open             ; open   ; 0 in             ; 0 H/in                 ; 0 F/in                 ; short        ; open          ; open            ; open  ; 0 V                 ; -                  ; n/a           ; n/a             ; n/a         ;
; InstructionOut[0]  ; 2.5 V        ; 0 in              ; 0 H/in                  ; 0 F/in                  ; short         ; -                   ; open           ; open             ; open   ; 0 in             ; 0 H/in                 ; 0 F/in                 ; short        ; open          ; open            ; open  ; 0 V                 ; -                  ; n/a           ; n/a             ; n/a         ;
; InstructionOut[1]  ; 2.5 V        ; 0 in              ; 0 H/in                  ; 0 F/in                  ; short         ; -                   ; open           ; open             ; open   ; 0 in             ; 0 H/in                 ; 0 F/in                 ; short        ; open          ; open            ; open  ; 0 V                 ; -                  ; n/a           ; n/a             ; n/a         ;
; InstructionOut[2]  ; 2.5 V        ; 0 in              ; 0 H/in                  ; 0 F/in                  ; short         ; -                   ; open           ; open             ; open   ; 0 in             ; 0 H/in                 ; 0 F/in                 ; short        ; open          ; open            ; open  ; 0 V                 ; -                  ; n/a           ; n/a             ; n/a         ;
; InstructionOut[3]  ; 2.5 V        ; 0 in              ; 0 H/in                  ; 0 F/in                  ; short         ; -                   ; open           ; open             ; open   ; 0 in             ; 0 H/in                 ; 0 F/in                 ; short        ; open          ; open            ; open  ; 0 V                 ; -                  ; n/a           ; n/a             ; n/a         ;
; InstructionOut[4]  ; 2.5 V        ; 0 in              ; 0 H/in                  ; 0 F/in                  ; short         ; -                   ; open           ; open             ; open   ; 0 in             ; 0 H/in                 ; 0 F/in                 ; short        ; open          ; open            ; open  ; 0 V                 ; -                  ; n/a           ; n/a             ; n/a         ;
; InstructionOut[5]  ; 2.5 V        ; 0 in              ; 0 H/in                  ; 0 F/in                  ; short         ; -                   ; open           ; open             ; open   ; 0 in             ; 0 H/in                 ; 0 F/in                 ; short        ; open          ; open            ; open  ; 0 V                 ; -                  ; n/a           ; n/a             ; n/a         ;
; InstructionOut[6]  ; 2.5 V        ; 0 in              ; 0 H/in                  ; 0 F/in                  ; short         ; -                   ; open           ; open             ; open   ; 0 in             ; 0 H/in                 ; 0 F/in                 ; short        ; open          ; open            ; open  ; 0 V                 ; -                  ; n/a           ; n/a             ; n/a         ;
; InstructionOut[7]  ; 2.5 V        ; 0 in              ; 0 H/in                  ; 0 F/in                  ; short         ; -                   ; open           ; open             ; open   ; 0 in             ; 0 H/in                 ; 0 F/in                 ; short        ; open          ; open            ; open  ; 0 V                 ; -                  ; n/a           ; n/a             ; n/a         ;
; InstructionOut[8]  ; 2.5 V        ; 0 in              ; 0 H/in                  ; 0 F/in                  ; short         ; -                   ; open           ; open             ; open   ; 0 in             ; 0 H/in                 ; 0 F/in                 ; short        ; open          ; open            ; open  ; 0 V                 ; -                  ; n/a           ; n/a             ; n/a         ;
; InstructionOut[9]  ; 2.5 V        ; 0 in              ; 0 H/in                  ; 0 F/in                  ; short         ; -                   ; open           ; open             ; open   ; 0 in             ; 0 H/in                 ; 0 F/in                 ; short        ; open          ; open            ; open  ; 0 V                 ; -                  ; n/a           ; n/a             ; n/a         ;
; InstructionOut[10] ; 2.5 V        ; 0 in              ; 0 H/in                  ; 0 F/in                  ; short         ; -                   ; open           ; open             ; open   ; 0 in             ; 0 H/in                 ; 0 F/in                 ; short        ; open          ; open            ; open  ; 0 V                 ; -                  ; n/a           ; n/a             ; n/a         ;
; InstructionOut[11] ; 2.5 V        ; 0 in              ; 0 H/in                  ; 0 F/in                  ; short         ; -                   ; open           ; open             ; open   ; 0 in             ; 0 H/in                 ; 0 F/in                 ; short        ; open          ; open            ; open  ; 0 V                 ; -                  ; n/a           ; n/a             ; n/a         ;
; InstructionOut[12] ; 2.5 V        ; 0 in              ; 0 H/in                  ; 0 F/in                  ; short         ; -                   ; open           ; open             ; open   ; 0 in             ; 0 H/in                 ; 0 F/in                 ; short        ; open          ; open            ; open  ; 0 V                 ; -                  ; n/a           ; n/a             ; n/a         ;
; InstructionOut[13] ; 2.5 V        ; 0 in              ; 0 H/in                  ; 0 F/in                  ; short         ; -                   ; open           ; open             ; open   ; 0 in             ; 0 H/in                 ; 0 F/in                 ; short        ; open          ; open            ; open  ; 0 V                 ; -                  ; n/a           ; n/a             ; n/a         ;
; InstructionOut[14] ; 2.5 V        ; 0 in              ; 0 H/in                  ; 0 F/in                  ; short         ; -                   ; open           ; open             ; open   ; 0 in             ; 0 H/in                 ; 0 F/in                 ; short        ; open          ; open            ; open  ; 0 V                 ; -                  ; n/a           ; n/a             ; n/a         ;
; InstructionOut[15] ; 2.5 V        ; 0 in              ; 0 H/in                  ; 0 F/in                  ; short         ; -                   ; open           ; open             ; open   ; 0 in             ; 0 H/in                 ; 0 F/in                 ; short        ; open          ; open            ; open  ; 0 V                 ; -                  ; n/a           ; n/a             ; n/a         ;
; InstructionOut[16] ; 2.5 V        ; 0 in              ; 0 H/in                  ; 0 F/in                  ; short         ; -                   ; open           ; open             ; open   ; 0 in             ; 0 H/in                 ; 0 F/in                 ; short        ; open          ; open            ; open  ; 0 V                 ; -                  ; n/a           ; n/a             ; n/a         ;
; InstructionOut[17] ; 2.5 V        ; 0 in              ; 0 H/in                  ; 0 F/in                  ; short         ; -                   ; open           ; open             ; open   ; 0 in             ; 0 H/in                 ; 0 F/in                 ; short        ; open          ; open            ; open  ; 0 V                 ; -                  ; n/a           ; n/a             ; n/a         ;
; InstructionOut[18] ; 2.5 V        ; 0 in              ; 0 H/in                  ; 0 F/in                  ; short         ; -                   ; open           ; open             ; open   ; 0 in             ; 0 H/in                 ; 0 F/in                 ; short        ; open          ; open            ; open  ; 0 V                 ; -                  ; n/a           ; n/a             ; n/a         ;
; InstructionOut[19] ; 2.5 V        ; 0 in              ; 0 H/in                  ; 0 F/in                  ; short         ; -                   ; open           ; open             ; open   ; 0 in             ; 0 H/in                 ; 0 F/in                 ; short        ; open          ; open            ; open  ; 0 V                 ; -                  ; n/a           ; n/a             ; n/a         ;
; InstructionOut[20] ; 2.5 V        ; 0 in              ; 0 H/in                  ; 0 F/in                  ; short         ; -                   ; open           ; open             ; open   ; 0 in             ; 0 H/in                 ; 0 F/in                 ; short        ; open          ; open            ; open  ; 0 V                 ; -                  ; n/a           ; n/a             ; n/a         ;
; InstructionOut[21] ; 2.5 V        ; 0 in              ; 0 H/in                  ; 0 F/in                  ; short         ; -                   ; open           ; open             ; open   ; 0 in             ; 0 H/in                 ; 0 F/in                 ; short        ; open          ; open            ; open  ; 0 V                 ; -                  ; n/a           ; n/a             ; n/a         ;
; InstructionOut[22] ; 2.5 V        ; 0 in              ; 0 H/in                  ; 0 F/in                  ; short         ; -                   ; open           ; open             ; open   ; 0 in             ; 0 H/in                 ; 0 F/in                 ; short        ; open          ; open            ; open  ; 0 V                 ; -                  ; n/a           ; n/a             ; n/a         ;
; InstructionOut[23] ; 2.5 V        ; 0 in              ; 0 H/in                  ; 0 F/in                  ; short         ; -                   ; open           ; open             ; open   ; 0 in             ; 0 H/in                 ; 0 F/in                 ; short        ; open          ; open            ; open  ; 0 V                 ; -                  ; n/a           ; n/a             ; n/a         ;
; InstructionOut[24] ; 2.5 V        ; 0 in              ; 0 H/in                  ; 0 F/in                  ; short         ; -                   ; open           ; open             ; open   ; 0 in             ; 0 H/in                 ; 0 F/in                 ; short        ; open          ; open            ; open  ; 0 V                 ; -                  ; n/a           ; n/a             ; n/a         ;
; InstructionOut[25] ; 2.5 V        ; 0 in              ; 0 H/in                  ; 0 F/in                  ; short         ; -                   ; open           ; open             ; open   ; 0 in             ; 0 H/in                 ; 0 F/in                 ; short        ; open          ; open            ; open  ; 0 V                 ; -                  ; n/a           ; n/a             ; n/a         ;
; InstructionOut[26] ; 2.5 V        ; 0 in              ; 0 H/in                  ; 0 F/in                  ; short         ; -                   ; open           ; open             ; open   ; 0 in             ; 0 H/in                 ; 0 F/in                 ; short        ; open          ; open            ; open  ; 0 V                 ; -                  ; n/a           ; n/a             ; n/a         ;
; InstructionOut[27] ; 2.5 V        ; 0 in              ; 0 H/in                  ; 0 F/in                  ; short         ; -                   ; open           ; open             ; open   ; 0 in             ; 0 H/in                 ; 0 F/in                 ; short        ; open          ; open            ; open  ; 0 V                 ; -                  ; n/a           ; n/a             ; n/a         ;
; InstructionOut[28] ; 2.5 V        ; 0 in              ; 0 H/in                  ; 0 F/in                  ; short         ; -                   ; open           ; open             ; open   ; 0 in             ; 0 H/in                 ; 0 F/in                 ; short        ; open          ; open            ; open  ; 0 V                 ; -                  ; n/a           ; n/a             ; n/a         ;
; InstructionOut[29] ; 2.5 V        ; 0 in              ; 0 H/in                  ; 0 F/in                  ; short         ; -                   ; open           ; open             ; open   ; 0 in             ; 0 H/in                 ; 0 F/in                 ; short        ; open          ; open            ; open  ; 0 V                 ; -                  ; n/a           ; n/a             ; n/a         ;
; InstructionOut[30] ; 2.5 V        ; 0 in              ; 0 H/in                  ; 0 F/in                  ; short         ; -                   ; open           ; open             ; open   ; 0 in             ; 0 H/in                 ; 0 F/in                 ; short        ; open          ; open            ; open  ; 0 V                 ; -                  ; n/a           ; n/a             ; n/a         ;
; InstructionOut[31] ; 2.5 V        ; 0 in              ; 0 H/in                  ; 0 F/in                  ; short         ; -                   ; open           ; open             ; open   ; 0 in             ; 0 H/in                 ; 0 F/in                 ; short        ; open          ; open            ; open  ; 0 V                 ; -                  ; n/a           ; n/a             ; n/a         ;
; BranchOut          ; 2.5 V        ; 0 in              ; 0 H/in                  ; 0 F/in                  ; short         ; -                   ; open           ; open             ; open   ; 0 in             ; 0 H/in                 ; 0 F/in                 ; short        ; open          ; open            ; open  ; 0 V                 ; -                  ; n/a           ; n/a             ; n/a         ;
; ZeroOut            ; 2.5 V        ; 0 in              ; 0 H/in                  ; 0 F/in                  ; short         ; -                   ; open           ; open             ; open   ; 0 in             ; 0 H/in                 ; 0 F/in                 ; short        ; open          ; open            ; open  ; 0 V                 ; -                  ; n/a           ; n/a             ; n/a         ;
; MemWriteOut        ; 2.5 V        ; 0 in              ; 0 H/in                  ; 0 F/in                  ; short         ; -                   ; open           ; open             ; open   ; 0 in             ; 0 H/in                 ; 0 F/in                 ; short        ; open          ; open            ; open  ; 0 V                 ; -                  ; n/a           ; n/a             ; n/a         ;
; RegWriteOut        ; 2.5 V        ; 0 in              ; 0 H/in                  ; 0 F/in                  ; short         ; -                   ; open           ; open             ; open   ; 0 in             ; 0 H/in                 ; 0 F/in                 ; short        ; open          ; open            ; open  ; 0 V                 ; -                  ; n/a           ; n/a             ; n/a         ;
; ~ALTERA_DCLK~      ; 2.5 V        ; 0 in              ; 0 H/in                  ; 0 F/in                  ; short         ; -                   ; open           ; open             ; open   ; 0 in             ; 0 H/in                 ; 0 F/in                 ; short        ; open          ; open            ; open  ; 0 V                 ; -                  ; n/a           ; n/a             ; n/a         ;
; ~ALTERA_nCEO~      ; 2.5 V        ; 0 in              ; 0 H/in                  ; 0 F/in                  ; short         ; -                   ; open           ; open             ; open   ; 0 in             ; 0 H/in                 ; 0 F/in                 ; short        ; open          ; open            ; open  ; 0 V                 ; -                  ; n/a           ; n/a             ; n/a         ;
+--------------------+--------------+-------------------+-------------------------+-------------------------+---------------+---------------------+----------------+------------------+--------+------------------+------------------------+------------------------+--------------+---------------+-----------------+-------+---------------------+--------------------+---------------+-----------------+-------------+


+----------------------------------------------------------------------------+
; Input Transition Times                                                     ;
+-------------------------+--------------+-----------------+-----------------+
; Pin                     ; I/O Standard ; 10-90 Rise Time ; 90-10 Fall Time ;
+-------------------------+--------------+-----------------+-----------------+
; ValueSelect[0]          ; 2.5 V        ; 2000 ps         ; 2000 ps         ;
; ValueSelect[2]          ; 2.5 V        ; 2000 ps         ; 2000 ps         ;
; ValueSelect[1]          ; 2.5 V        ; 2000 ps         ; 2000 ps         ;
; InstrSelect[0]          ; 2.5 V        ; 2000 ps         ; 2000 ps         ;
; InstrSelect[2]          ; 2.5 V        ; 2000 ps         ; 2000 ps         ;
; InstrSelect[1]          ; 2.5 V        ; 2000 ps         ; 2000 ps         ;
; gclock                  ; 2.5 V        ; 2000 ps         ; 2000 ps         ;
; greset                  ; 2.5 V        ; 2000 ps         ; 2000 ps         ;
; ~ALTERA_ASDO_DATA1~     ; 2.5 V        ; 2000 ps         ; 2000 ps         ;
; ~ALTERA_FLASH_nCE_nCSO~ ; 2.5 V        ; 2000 ps         ; 2000 ps         ;
; ~ALTERA_DATA0~          ; 2.5 V        ; 2000 ps         ; 2000 ps         ;
+-------------------------+--------------+-----------------+-----------------+


+-------------------------------------------------------------------------------------------------------------------------------------------------------------------------------------------------------------------------------------------------------------------------------------------------------------------------------------------------------------------------------------------------------------------------------------------------------------------------------------------------------------------------------------------------------------------------------------------------------------------------------------------------------------------------------------------------+
; Signal Integrity Metrics (Slow 1200mv 0c Model)                                                                                                                                                                                                                                                                                                                                                                                                                                                                                                                                                                                                                                                 ;
+--------------------+--------------+---------------------+---------------------+------------------------------+------------------------------+---------------------+---------------------+--------------------------------------+--------------------------------------+-----------------------------+-----------------------------+----------------------------+----------------------------+-----------------------------+-----------------------------+--------------------+--------------------+-------------------------------------+-------------------------------------+----------------------------+----------------------------+---------------------------+---------------------------+
; Pin                ; I/O Standard ; Board Delay on Rise ; Board Delay on Fall ; Steady State Voh at FPGA Pin ; Steady State Vol at FPGA Pin ; Voh Max at FPGA Pin ; Vol Min at FPGA Pin ; Ringback Voltage on Rise at FPGA Pin ; Ringback Voltage on Fall at FPGA Pin ; 10-90 Rise Time at FPGA Pin ; 90-10 Fall Time at FPGA Pin ; Monotonic Rise at FPGA Pin ; Monotonic Fall at FPGA Pin ; Steady State Voh at Far-end ; Steady State Vol at Far-end ; Voh Max at Far-end ; Vol Min at Far-end ; Ringback Voltage on Rise at Far-end ; Ringback Voltage on Fall at Far-end ; 10-90 Rise Time at Far-end ; 90-10 Fall Time at Far-end ; Monotonic Rise at Far-end ; Monotonic Fall at Far-end ;
+--------------------+--------------+---------------------+---------------------+------------------------------+------------------------------+---------------------+---------------------+--------------------------------------+--------------------------------------+-----------------------------+-----------------------------+----------------------------+----------------------------+-----------------------------+-----------------------------+--------------------+--------------------+-------------------------------------+-------------------------------------+----------------------------+----------------------------+---------------------------+---------------------------+
; MuxOut[0]          ; 2.5 V        ; 0 s                 ; 0 s                 ; 2.32 V                       ; 4.49e-09 V                   ; 2.38 V              ; -0.00552 V          ; 0.096 V                              ; 0.019 V                              ; 4.18e-10 s                  ; 3.59e-10 s                  ; No                         ; Yes                        ; 2.32 V                      ; 4.49e-09 V                  ; 2.38 V             ; -0.00552 V         ; 0.096 V                             ; 0.019 V                             ; 4.18e-10 s                 ; 3.59e-10 s                 ; No                        ; Yes                       ;
; MuxOut[1]          ; 2.5 V        ; 0 s                 ; 0 s                 ; 2.32 V                       ; 4.49e-09 V                   ; 2.38 V              ; -0.00552 V          ; 0.096 V                              ; 0.019 V                              ; 4.18e-10 s                  ; 3.59e-10 s                  ; No                         ; Yes                        ; 2.32 V                      ; 4.49e-09 V                  ; 2.38 V             ; -0.00552 V         ; 0.096 V                             ; 0.019 V                             ; 4.18e-10 s                 ; 3.59e-10 s                 ; No                        ; Yes                       ;
; MuxOut[2]          ; 2.5 V        ; 0 s                 ; 0 s                 ; 2.32 V                       ; 4.49e-09 V                   ; 2.38 V              ; -0.00552 V          ; 0.096 V                              ; 0.019 V                              ; 4.18e-10 s                  ; 3.59e-10 s                  ; No                         ; Yes                        ; 2.32 V                      ; 4.49e-09 V                  ; 2.38 V             ; -0.00552 V         ; 0.096 V                             ; 0.019 V                             ; 4.18e-10 s                 ; 3.59e-10 s                 ; No                        ; Yes                       ;
; MuxOut[3]          ; 2.5 V        ; 0 s                 ; 0 s                 ; 2.32 V                       ; 4.49e-09 V                   ; 2.38 V              ; -0.00552 V          ; 0.096 V                              ; 0.019 V                              ; 4.18e-10 s                  ; 3.59e-10 s                  ; No                         ; Yes                        ; 2.32 V                      ; 4.49e-09 V                  ; 2.38 V             ; -0.00552 V         ; 0.096 V                             ; 0.019 V                             ; 4.18e-10 s                 ; 3.59e-10 s                 ; No                        ; Yes                       ;
; MuxOut[4]          ; 2.5 V        ; 0 s                 ; 0 s                 ; 2.32 V                       ; 4.49e-09 V                   ; 2.38 V              ; -0.00552 V          ; 0.096 V                              ; 0.019 V                              ; 4.18e-10 s                  ; 3.59e-10 s                  ; No                         ; Yes                        ; 2.32 V                      ; 4.49e-09 V                  ; 2.38 V             ; -0.00552 V         ; 0.096 V                             ; 0.019 V                             ; 4.18e-10 s                 ; 3.59e-10 s                 ; No                        ; Yes                       ;
; MuxOut[5]          ; 2.5 V        ; 0 s                 ; 0 s                 ; 2.32 V                       ; 4.49e-09 V                   ; 2.38 V              ; -0.00552 V          ; 0.096 V                              ; 0.019 V                              ; 4.18e-10 s                  ; 3.59e-10 s                  ; No                         ; Yes                        ; 2.32 V                      ; 4.49e-09 V                  ; 2.38 V             ; -0.00552 V         ; 0.096 V                             ; 0.019 V                             ; 4.18e-10 s                 ; 3.59e-10 s                 ; No                        ; Yes                       ;
; MuxOut[6]          ; 2.5 V        ; 0 s                 ; 0 s                 ; 2.32 V                       ; 3.07e-09 V                   ; 2.37 V              ; -0.00994 V          ; 0.186 V                              ; 0.028 V                              ; 4.98e-10 s                  ; 4.96e-10 s                  ; Yes                        ; Yes                        ; 2.32 V                      ; 3.07e-09 V                  ; 2.37 V             ; -0.00994 V         ; 0.186 V                             ; 0.028 V                             ; 4.98e-10 s                 ; 4.96e-10 s                 ; Yes                       ; Yes                       ;
; MuxOut[7]          ; 2.5 V        ; 0 s                 ; 0 s                 ; 2.32 V                       ; 4.49e-09 V                   ; 2.38 V              ; -0.00552 V          ; 0.096 V                              ; 0.019 V                              ; 4.18e-10 s                  ; 3.59e-10 s                  ; No                         ; Yes                        ; 2.32 V                      ; 4.49e-09 V                  ; 2.38 V             ; -0.00552 V         ; 0.096 V                             ; 0.019 V                             ; 4.18e-10 s                 ; 3.59e-10 s                 ; No                        ; Yes                       ;
; MuxOut[8]          ; 2.5 V        ; 0 s                 ; 0 s                 ; 2.32 V                       ; 4.49e-09 V                   ; 2.38 V              ; -0.00552 V          ; 0.096 V                              ; 0.019 V                              ; 4.18e-10 s                  ; 3.59e-10 s                  ; No                         ; Yes                        ; 2.32 V                      ; 4.49e-09 V                  ; 2.38 V             ; -0.00552 V         ; 0.096 V                             ; 0.019 V                             ; 4.18e-10 s                 ; 3.59e-10 s                 ; No                        ; Yes                       ;
; MuxOut[9]          ; 2.5 V        ; 0 s                 ; 0 s                 ; 2.32 V                       ; 4.49e-09 V                   ; 2.38 V              ; -0.00552 V          ; 0.096 V                              ; 0.019 V                              ; 4.18e-10 s                  ; 3.59e-10 s                  ; No                         ; Yes                        ; 2.32 V                      ; 4.49e-09 V                  ; 2.38 V             ; -0.00552 V         ; 0.096 V                             ; 0.019 V                             ; 4.18e-10 s                 ; 3.59e-10 s                 ; No                        ; Yes                       ;
; MuxOut[10]         ; 2.5 V        ; 0 s                 ; 0 s                 ; 2.32 V                       ; 4.49e-09 V                   ; 2.38 V              ; -0.00552 V          ; 0.096 V                              ; 0.019 V                              ; 4.18e-10 s                  ; 3.59e-10 s                  ; No                         ; Yes                        ; 2.32 V                      ; 4.49e-09 V                  ; 2.38 V             ; -0.00552 V         ; 0.096 V                             ; 0.019 V                             ; 4.18e-10 s                 ; 3.59e-10 s                 ; No                        ; Yes                       ;
; MuxOut[11]         ; 2.5 V        ; 0 s                 ; 0 s                 ; 2.32 V                       ; 3.07e-09 V                   ; 2.37 V              ; -0.00994 V          ; 0.186 V                              ; 0.028 V                              ; 4.98e-10 s                  ; 4.96e-10 s                  ; Yes                        ; Yes                        ; 2.32 V                      ; 3.07e-09 V                  ; 2.37 V             ; -0.00994 V         ; 0.186 V                             ; 0.028 V                             ; 4.98e-10 s                 ; 4.96e-10 s                 ; Yes                       ; Yes                       ;
; MuxOut[12]         ; 2.5 V        ; 0 s                 ; 0 s                 ; 2.32 V                       ; 3.07e-09 V                   ; 2.37 V              ; -0.00994 V          ; 0.186 V                              ; 0.028 V                              ; 4.98e-10 s                  ; 4.96e-10 s                  ; Yes                        ; Yes                        ; 2.32 V                      ; 3.07e-09 V                  ; 2.37 V             ; -0.00994 V         ; 0.186 V                             ; 0.028 V                             ; 4.98e-10 s                 ; 4.96e-10 s                 ; Yes                       ; Yes                       ;
; MuxOut[13]         ; 2.5 V        ; 0 s                 ; 0 s                 ; 2.32 V                       ; 4.49e-09 V                   ; 2.38 V              ; -0.00552 V          ; 0.096 V                              ; 0.019 V                              ; 4.18e-10 s                  ; 3.59e-10 s                  ; No                         ; Yes                        ; 2.32 V                      ; 4.49e-09 V                  ; 2.38 V             ; -0.00552 V         ; 0.096 V                             ; 0.019 V                             ; 4.18e-10 s                 ; 3.59e-10 s                 ; No                        ; Yes                       ;
; MuxOut[14]         ; 2.5 V        ; 0 s                 ; 0 s                 ; 2.32 V                       ; 4.49e-09 V                   ; 2.38 V              ; -0.00552 V          ; 0.096 V                              ; 0.019 V                              ; 4.18e-10 s                  ; 3.59e-10 s                  ; No                         ; Yes                        ; 2.32 V                      ; 4.49e-09 V                  ; 2.38 V             ; -0.00552 V         ; 0.096 V                             ; 0.019 V                             ; 4.18e-10 s                 ; 3.59e-10 s                 ; No                        ; Yes                       ;
; MuxOut[15]         ; 2.5 V        ; 0 s                 ; 0 s                 ; 2.32 V                       ; 4.49e-09 V                   ; 2.38 V              ; -0.00552 V          ; 0.096 V                              ; 0.019 V                              ; 4.18e-10 s                  ; 3.59e-10 s                  ; No                         ; Yes                        ; 2.32 V                      ; 4.49e-09 V                  ; 2.38 V             ; -0.00552 V         ; 0.096 V                             ; 0.019 V                             ; 4.18e-10 s                 ; 3.59e-10 s                 ; No                        ; Yes                       ;
; MuxOut[16]         ; 2.5 V        ; 0 s                 ; 0 s                 ; 2.32 V                       ; 4.49e-09 V                   ; 2.38 V              ; -0.00552 V          ; 0.096 V                              ; 0.019 V                              ; 4.18e-10 s                  ; 3.59e-10 s                  ; No                         ; Yes                        ; 2.32 V                      ; 4.49e-09 V                  ; 2.38 V             ; -0.00552 V         ; 0.096 V                             ; 0.019 V                             ; 4.18e-10 s                 ; 3.59e-10 s                 ; No                        ; Yes                       ;
; MuxOut[17]         ; 2.5 V        ; 0 s                 ; 0 s                 ; 2.32 V                       ; 4.49e-09 V                   ; 2.38 V              ; -0.00552 V          ; 0.096 V                              ; 0.019 V                              ; 4.18e-10 s                  ; 3.59e-10 s                  ; No                         ; Yes                        ; 2.32 V                      ; 4.49e-09 V                  ; 2.38 V             ; -0.00552 V         ; 0.096 V                             ; 0.019 V                             ; 4.18e-10 s                 ; 3.59e-10 s                 ; No                        ; Yes                       ;
; MuxOut[18]         ; 2.5 V        ; 0 s                 ; 0 s                 ; 2.32 V                       ; 4.49e-09 V                   ; 2.38 V              ; -0.00552 V          ; 0.096 V                              ; 0.019 V                              ; 4.18e-10 s                  ; 3.59e-10 s                  ; No                         ; Yes                        ; 2.32 V                      ; 4.49e-09 V                  ; 2.38 V             ; -0.00552 V         ; 0.096 V                             ; 0.019 V                             ; 4.18e-10 s                 ; 3.59e-10 s                 ; No                        ; Yes                       ;
; MuxOut[19]         ; 2.5 V        ; 0 s                 ; 0 s                 ; 2.32 V                       ; 3.07e-09 V                   ; 2.37 V              ; -0.00994 V          ; 0.186 V                              ; 0.028 V                              ; 4.98e-10 s                  ; 4.96e-10 s                  ; Yes                        ; Yes                        ; 2.32 V                      ; 3.07e-09 V                  ; 2.37 V             ; -0.00994 V         ; 0.186 V                             ; 0.028 V                             ; 4.98e-10 s                 ; 4.96e-10 s                 ; Yes                       ; Yes                       ;
; MuxOut[20]         ; 2.5 V        ; 0 s                 ; 0 s                 ; 2.32 V                       ; 4.49e-09 V                   ; 2.38 V              ; -0.00552 V          ; 0.096 V                              ; 0.019 V                              ; 4.18e-10 s                  ; 3.59e-10 s                  ; No                         ; Yes                        ; 2.32 V                      ; 4.49e-09 V                  ; 2.38 V             ; -0.00552 V         ; 0.096 V                             ; 0.019 V                             ; 4.18e-10 s                 ; 3.59e-10 s                 ; No                        ; Yes                       ;
; MuxOut[21]         ; 2.5 V        ; 0 s                 ; 0 s                 ; 2.32 V                       ; 4.49e-09 V                   ; 2.38 V              ; -0.00552 V          ; 0.096 V                              ; 0.019 V                              ; 4.18e-10 s                  ; 3.59e-10 s                  ; No                         ; Yes                        ; 2.32 V                      ; 4.49e-09 V                  ; 2.38 V             ; -0.00552 V         ; 0.096 V                             ; 0.019 V                             ; 4.18e-10 s                 ; 3.59e-10 s                 ; No                        ; Yes                       ;
; MuxOut[22]         ; 2.5 V        ; 0 s                 ; 0 s                 ; 2.32 V                       ; 4.49e-09 V                   ; 2.38 V              ; -0.00552 V          ; 0.096 V                              ; 0.019 V                              ; 4.18e-10 s                  ; 3.59e-10 s                  ; No                         ; Yes                        ; 2.32 V                      ; 4.49e-09 V                  ; 2.38 V             ; -0.00552 V         ; 0.096 V                             ; 0.019 V                             ; 4.18e-10 s                 ; 3.59e-10 s                 ; No                        ; Yes                       ;
; MuxOut[23]         ; 2.5 V        ; 0 s                 ; 0 s                 ; 2.32 V                       ; 4.49e-09 V                   ; 2.38 V              ; -0.00552 V          ; 0.096 V                              ; 0.019 V                              ; 4.18e-10 s                  ; 3.59e-10 s                  ; No                         ; Yes                        ; 2.32 V                      ; 4.49e-09 V                  ; 2.38 V             ; -0.00552 V         ; 0.096 V                             ; 0.019 V                             ; 4.18e-10 s                 ; 3.59e-10 s                 ; No                        ; Yes                       ;
; MuxOut[24]         ; 2.5 V        ; 0 s                 ; 0 s                 ; 2.32 V                       ; 4.49e-09 V                   ; 2.38 V              ; -0.00552 V          ; 0.096 V                              ; 0.019 V                              ; 4.18e-10 s                  ; 3.59e-10 s                  ; No                         ; Yes                        ; 2.32 V                      ; 4.49e-09 V                  ; 2.38 V             ; -0.00552 V         ; 0.096 V                             ; 0.019 V                             ; 4.18e-10 s                 ; 3.59e-10 s                 ; No                        ; Yes                       ;
; MuxOut[25]         ; 2.5 V        ; 0 s                 ; 0 s                 ; 2.32 V                       ; 4.49e-09 V                   ; 2.38 V              ; -0.00552 V          ; 0.096 V                              ; 0.019 V                              ; 4.18e-10 s                  ; 3.59e-10 s                  ; No                         ; Yes                        ; 2.32 V                      ; 4.49e-09 V                  ; 2.38 V             ; -0.00552 V         ; 0.096 V                             ; 0.019 V                             ; 4.18e-10 s                 ; 3.59e-10 s                 ; No                        ; Yes                       ;
; MuxOut[26]         ; 2.5 V        ; 0 s                 ; 0 s                 ; 2.32 V                       ; 4.49e-09 V                   ; 2.38 V              ; -0.00552 V          ; 0.096 V                              ; 0.019 V                              ; 4.18e-10 s                  ; 3.59e-10 s                  ; No                         ; Yes                        ; 2.32 V                      ; 4.49e-09 V                  ; 2.38 V             ; -0.00552 V         ; 0.096 V                             ; 0.019 V                             ; 4.18e-10 s                 ; 3.59e-10 s                 ; No                        ; Yes                       ;
; MuxOut[27]         ; 2.5 V        ; 0 s                 ; 0 s                 ; 2.32 V                       ; 4.49e-09 V                   ; 2.38 V              ; -0.00552 V          ; 0.096 V                              ; 0.019 V                              ; 4.18e-10 s                  ; 3.59e-10 s                  ; No                         ; Yes                        ; 2.32 V                      ; 4.49e-09 V                  ; 2.38 V             ; -0.00552 V         ; 0.096 V                             ; 0.019 V                             ; 4.18e-10 s                 ; 3.59e-10 s                 ; No                        ; Yes                       ;
; MuxOut[28]         ; 2.5 V        ; 0 s                 ; 0 s                 ; 2.32 V                       ; 4.49e-09 V                   ; 2.33 V              ; -0.00467 V          ; 0.226 V                              ; 0.087 V                              ; 2.91e-09 s                  ; 2.74e-09 s                  ; Yes                        ; Yes                        ; 2.32 V                      ; 4.49e-09 V                  ; 2.33 V             ; -0.00467 V         ; 0.226 V                             ; 0.087 V                             ; 2.91e-09 s                 ; 2.74e-09 s                 ; Yes                       ; Yes                       ;
; MuxOut[29]         ; 2.5 V        ; 0 s                 ; 0 s                 ; 2.32 V                       ; 4.49e-09 V                   ; 2.38 V              ; -0.00552 V          ; 0.096 V                              ; 0.019 V                              ; 4.18e-10 s                  ; 3.59e-10 s                  ; No                         ; Yes                        ; 2.32 V                      ; 4.49e-09 V                  ; 2.38 V             ; -0.00552 V         ; 0.096 V                             ; 0.019 V                             ; 4.18e-10 s                 ; 3.59e-10 s                 ; No                        ; Yes                       ;
; MuxOut[30]         ; 2.5 V        ; 0 s                 ; 0 s                 ; 2.32 V                       ; 4.49e-09 V                   ; 2.38 V              ; -0.00552 V          ; 0.096 V                              ; 0.019 V                              ; 4.18e-10 s                  ; 3.59e-10 s                  ; No                         ; Yes                        ; 2.32 V                      ; 4.49e-09 V                  ; 2.38 V             ; -0.00552 V         ; 0.096 V                             ; 0.019 V                             ; 4.18e-10 s                 ; 3.59e-10 s                 ; No                        ; Yes                       ;
; MuxOut[31]         ; 2.5 V        ; 0 s                 ; 0 s                 ; 2.32 V                       ; 3.07e-09 V                   ; 2.37 V              ; -0.00994 V          ; 0.186 V                              ; 0.028 V                              ; 4.98e-10 s                  ; 4.96e-10 s                  ; Yes                        ; Yes                        ; 2.32 V                      ; 3.07e-09 V                  ; 2.37 V             ; -0.00994 V         ; 0.186 V                             ; 0.028 V                             ; 4.98e-10 s                 ; 4.96e-10 s                 ; Yes                       ; Yes                       ;
; InstructionOut[0]  ; 2.5 V        ; 0 s                 ; 0 s                 ; 2.32 V                       ; 4.49e-09 V                   ; 2.38 V              ; -0.00552 V          ; 0.096 V                              ; 0.019 V                              ; 4.18e-10 s                  ; 3.59e-10 s                  ; No                         ; Yes                        ; 2.32 V                      ; 4.49e-09 V                  ; 2.38 V             ; -0.00552 V         ; 0.096 V                             ; 0.019 V                             ; 4.18e-10 s                 ; 3.59e-10 s                 ; No                        ; Yes                       ;
; InstructionOut[1]  ; 2.5 V        ; 0 s                 ; 0 s                 ; 2.32 V                       ; 4.49e-09 V                   ; 2.38 V              ; -0.00552 V          ; 0.096 V                              ; 0.019 V                              ; 4.18e-10 s                  ; 3.59e-10 s                  ; No                         ; Yes                        ; 2.32 V                      ; 4.49e-09 V                  ; 2.38 V             ; -0.00552 V         ; 0.096 V                             ; 0.019 V                             ; 4.18e-10 s                 ; 3.59e-10 s                 ; No                        ; Yes                       ;
; InstructionOut[2]  ; 2.5 V        ; 0 s                 ; 0 s                 ; 2.32 V                       ; 4.49e-09 V                   ; 2.38 V              ; -0.00552 V          ; 0.096 V                              ; 0.019 V                              ; 4.18e-10 s                  ; 3.59e-10 s                  ; No                         ; Yes                        ; 2.32 V                      ; 4.49e-09 V                  ; 2.38 V             ; -0.00552 V         ; 0.096 V                             ; 0.019 V                             ; 4.18e-10 s                 ; 3.59e-10 s                 ; No                        ; Yes                       ;
; InstructionOut[3]  ; 2.5 V        ; 0 s                 ; 0 s                 ; 2.32 V                       ; 4.49e-09 V                   ; 2.38 V              ; -0.00552 V          ; 0.096 V                              ; 0.019 V                              ; 4.18e-10 s                  ; 3.59e-10 s                  ; No                         ; Yes                        ; 2.32 V                      ; 4.49e-09 V                  ; 2.38 V             ; -0.00552 V         ; 0.096 V                             ; 0.019 V                             ; 4.18e-10 s                 ; 3.59e-10 s                 ; No                        ; Yes                       ;
; InstructionOut[4]  ; 2.5 V        ; 0 s                 ; 0 s                 ; 2.32 V                       ; 4.49e-09 V                   ; 2.38 V              ; -0.00552 V          ; 0.096 V                              ; 0.019 V                              ; 4.18e-10 s                  ; 3.59e-10 s                  ; No                         ; Yes                        ; 2.32 V                      ; 4.49e-09 V                  ; 2.38 V             ; -0.00552 V         ; 0.096 V                             ; 0.019 V                             ; 4.18e-10 s                 ; 3.59e-10 s                 ; No                        ; Yes                       ;
; InstructionOut[5]  ; 2.5 V        ; 0 s                 ; 0 s                 ; 2.32 V                       ; 4.49e-09 V                   ; 2.38 V              ; -0.00552 V          ; 0.096 V                              ; 0.019 V                              ; 4.18e-10 s                  ; 3.59e-10 s                  ; No                         ; Yes                        ; 2.32 V                      ; 4.49e-09 V                  ; 2.38 V             ; -0.00552 V         ; 0.096 V                             ; 0.019 V                             ; 4.18e-10 s                 ; 3.59e-10 s                 ; No                        ; Yes                       ;
; InstructionOut[6]  ; 2.5 V        ; 0 s                 ; 0 s                 ; 2.32 V                       ; 3.07e-09 V                   ; 2.37 V              ; -0.00994 V          ; 0.186 V                              ; 0.028 V                              ; 4.98e-10 s                  ; 4.96e-10 s                  ; Yes                        ; Yes                        ; 2.32 V                      ; 3.07e-09 V                  ; 2.37 V             ; -0.00994 V         ; 0.186 V                             ; 0.028 V                             ; 4.98e-10 s                 ; 4.96e-10 s                 ; Yes                       ; Yes                       ;
; InstructionOut[7]  ; 2.5 V        ; 0 s                 ; 0 s                 ; 2.32 V                       ; 4.49e-09 V                   ; 2.38 V              ; -0.00552 V          ; 0.096 V                              ; 0.019 V                              ; 4.18e-10 s                  ; 3.59e-10 s                  ; No                         ; Yes                        ; 2.32 V                      ; 4.49e-09 V                  ; 2.38 V             ; -0.00552 V         ; 0.096 V                             ; 0.019 V                             ; 4.18e-10 s                 ; 3.59e-10 s                 ; No                        ; Yes                       ;
; InstructionOut[8]  ; 2.5 V        ; 0 s                 ; 0 s                 ; 2.32 V                       ; 4.49e-09 V                   ; 2.38 V              ; -0.00552 V          ; 0.096 V                              ; 0.019 V                              ; 4.18e-10 s                  ; 3.59e-10 s                  ; No                         ; Yes                        ; 2.32 V                      ; 4.49e-09 V                  ; 2.38 V             ; -0.00552 V         ; 0.096 V                             ; 0.019 V                             ; 4.18e-10 s                 ; 3.59e-10 s                 ; No                        ; Yes                       ;
; InstructionOut[9]  ; 2.5 V        ; 0 s                 ; 0 s                 ; 2.32 V                       ; 4.49e-09 V                   ; 2.38 V              ; -0.00552 V          ; 0.096 V                              ; 0.019 V                              ; 4.18e-10 s                  ; 3.59e-10 s                  ; No                         ; Yes                        ; 2.32 V                      ; 4.49e-09 V                  ; 2.38 V             ; -0.00552 V         ; 0.096 V                             ; 0.019 V                             ; 4.18e-10 s                 ; 3.59e-10 s                 ; No                        ; Yes                       ;
; InstructionOut[10] ; 2.5 V        ; 0 s                 ; 0 s                 ; 2.32 V                       ; 4.49e-09 V                   ; 2.38 V              ; -0.00552 V          ; 0.096 V                              ; 0.019 V                              ; 4.18e-10 s                  ; 3.59e-10 s                  ; No                         ; Yes                        ; 2.32 V                      ; 4.49e-09 V                  ; 2.38 V             ; -0.00552 V         ; 0.096 V                             ; 0.019 V                             ; 4.18e-10 s                 ; 3.59e-10 s                 ; No                        ; Yes                       ;
; InstructionOut[11] ; 2.5 V        ; 0 s                 ; 0 s                 ; 2.32 V                       ; 4.49e-09 V                   ; 2.38 V              ; -0.00552 V          ; 0.096 V                              ; 0.019 V                              ; 4.18e-10 s                  ; 3.59e-10 s                  ; No                         ; Yes                        ; 2.32 V                      ; 4.49e-09 V                  ; 2.38 V             ; -0.00552 V         ; 0.096 V                             ; 0.019 V                             ; 4.18e-10 s                 ; 3.59e-10 s                 ; No                        ; Yes                       ;
; InstructionOut[12] ; 2.5 V        ; 0 s                 ; 0 s                 ; 2.32 V                       ; 4.49e-09 V                   ; 2.38 V              ; -0.00552 V          ; 0.096 V                              ; 0.019 V                              ; 4.18e-10 s                  ; 3.59e-10 s                  ; No                         ; Yes                        ; 2.32 V                      ; 4.49e-09 V                  ; 2.38 V             ; -0.00552 V         ; 0.096 V                             ; 0.019 V                             ; 4.18e-10 s                 ; 3.59e-10 s                 ; No                        ; Yes                       ;
; InstructionOut[13] ; 2.5 V        ; 0 s                 ; 0 s                 ; 2.32 V                       ; 3.07e-09 V                   ; 2.37 V              ; -0.00994 V          ; 0.186 V                              ; 0.028 V                              ; 4.98e-10 s                  ; 4.96e-10 s                  ; Yes                        ; Yes                        ; 2.32 V                      ; 3.07e-09 V                  ; 2.37 V             ; -0.00994 V         ; 0.186 V                             ; 0.028 V                             ; 4.98e-10 s                 ; 4.96e-10 s                 ; Yes                       ; Yes                       ;
; InstructionOut[14] ; 2.5 V        ; 0 s                 ; 0 s                 ; 2.32 V                       ; 4.49e-09 V                   ; 2.38 V              ; -0.00552 V          ; 0.096 V                              ; 0.019 V                              ; 4.18e-10 s                  ; 3.59e-10 s                  ; No                         ; Yes                        ; 2.32 V                      ; 4.49e-09 V                  ; 2.38 V             ; -0.00552 V         ; 0.096 V                             ; 0.019 V                             ; 4.18e-10 s                 ; 3.59e-10 s                 ; No                        ; Yes                       ;
; InstructionOut[15] ; 2.5 V        ; 0 s                 ; 0 s                 ; 2.32 V                       ; 4.49e-09 V                   ; 2.38 V              ; -0.00552 V          ; 0.096 V                              ; 0.019 V                              ; 4.18e-10 s                  ; 3.59e-10 s                  ; No                         ; Yes                        ; 2.32 V                      ; 4.49e-09 V                  ; 2.38 V             ; -0.00552 V         ; 0.096 V                             ; 0.019 V                             ; 4.18e-10 s                 ; 3.59e-10 s                 ; No                        ; Yes                       ;
; InstructionOut[16] ; 2.5 V        ; 0 s                 ; 0 s                 ; 2.32 V                       ; 3.07e-09 V                   ; 2.37 V              ; -0.00994 V          ; 0.186 V                              ; 0.028 V                              ; 4.98e-10 s                  ; 4.96e-10 s                  ; Yes                        ; Yes                        ; 2.32 V                      ; 3.07e-09 V                  ; 2.37 V             ; -0.00994 V         ; 0.186 V                             ; 0.028 V                             ; 4.98e-10 s                 ; 4.96e-10 s                 ; Yes                       ; Yes                       ;
; InstructionOut[17] ; 2.5 V        ; 0 s                 ; 0 s                 ; 2.32 V                       ; 4.49e-09 V                   ; 2.38 V              ; -0.00552 V          ; 0.096 V                              ; 0.019 V                              ; 4.18e-10 s                  ; 3.59e-10 s                  ; No                         ; Yes                        ; 2.32 V                      ; 4.49e-09 V                  ; 2.38 V             ; -0.00552 V         ; 0.096 V                             ; 0.019 V                             ; 4.18e-10 s                 ; 3.59e-10 s                 ; No                        ; Yes                       ;
; InstructionOut[18] ; 2.5 V        ; 0 s                 ; 0 s                 ; 2.32 V                       ; 4.49e-09 V                   ; 2.38 V              ; -0.00552 V          ; 0.096 V                              ; 0.019 V                              ; 4.18e-10 s                  ; 3.59e-10 s                  ; No                         ; Yes                        ; 2.32 V                      ; 4.49e-09 V                  ; 2.38 V             ; -0.00552 V         ; 0.096 V                             ; 0.019 V                             ; 4.18e-10 s                 ; 3.59e-10 s                 ; No                        ; Yes                       ;
; InstructionOut[19] ; 2.5 V        ; 0 s                 ; 0 s                 ; 2.32 V                       ; 4.49e-09 V                   ; 2.38 V              ; -0.00552 V          ; 0.096 V                              ; 0.019 V                              ; 4.18e-10 s                  ; 3.59e-10 s                  ; No                         ; Yes                        ; 2.32 V                      ; 4.49e-09 V                  ; 2.38 V             ; -0.00552 V         ; 0.096 V                             ; 0.019 V                             ; 4.18e-10 s                 ; 3.59e-10 s                 ; No                        ; Yes                       ;
; InstructionOut[20] ; 2.5 V        ; 0 s                 ; 0 s                 ; 2.32 V                       ; 4.49e-09 V                   ; 2.38 V              ; -0.00552 V          ; 0.096 V                              ; 0.019 V                              ; 4.18e-10 s                  ; 3.59e-10 s                  ; No                         ; Yes                        ; 2.32 V                      ; 4.49e-09 V                  ; 2.38 V             ; -0.00552 V         ; 0.096 V                             ; 0.019 V                             ; 4.18e-10 s                 ; 3.59e-10 s                 ; No                        ; Yes                       ;
; InstructionOut[21] ; 2.5 V        ; 0 s                 ; 0 s                 ; 2.32 V                       ; 4.49e-09 V                   ; 2.38 V              ; -0.00552 V          ; 0.096 V                              ; 0.019 V                              ; 4.18e-10 s                  ; 3.59e-10 s                  ; No                         ; Yes                        ; 2.32 V                      ; 4.49e-09 V                  ; 2.38 V             ; -0.00552 V         ; 0.096 V                             ; 0.019 V                             ; 4.18e-10 s                 ; 3.59e-10 s                 ; No                        ; Yes                       ;
; InstructionOut[22] ; 2.5 V        ; 0 s                 ; 0 s                 ; 2.32 V                       ; 4.49e-09 V                   ; 2.38 V              ; -0.00552 V          ; 0.096 V                              ; 0.019 V                              ; 4.18e-10 s                  ; 3.59e-10 s                  ; No                         ; Yes                        ; 2.32 V                      ; 4.49e-09 V                  ; 2.38 V             ; -0.00552 V         ; 0.096 V                             ; 0.019 V                             ; 4.18e-10 s                 ; 3.59e-10 s                 ; No                        ; Yes                       ;
; InstructionOut[23] ; 2.5 V        ; 0 s                 ; 0 s                 ; 2.32 V                       ; 4.49e-09 V                   ; 2.38 V              ; -0.00552 V          ; 0.096 V                              ; 0.019 V                              ; 4.18e-10 s                  ; 3.59e-10 s                  ; No                         ; Yes                        ; 2.32 V                      ; 4.49e-09 V                  ; 2.38 V             ; -0.00552 V         ; 0.096 V                             ; 0.019 V                             ; 4.18e-10 s                 ; 3.59e-10 s                 ; No                        ; Yes                       ;
; InstructionOut[24] ; 2.5 V        ; 0 s                 ; 0 s                 ; 2.32 V                       ; 4.49e-09 V                   ; 2.38 V              ; -0.00552 V          ; 0.096 V                              ; 0.019 V                              ; 4.18e-10 s                  ; 3.59e-10 s                  ; No                         ; Yes                        ; 2.32 V                      ; 4.49e-09 V                  ; 2.38 V             ; -0.00552 V         ; 0.096 V                             ; 0.019 V                             ; 4.18e-10 s                 ; 3.59e-10 s                 ; No                        ; Yes                       ;
; InstructionOut[25] ; 2.5 V        ; 0 s                 ; 0 s                 ; 2.32 V                       ; 4.49e-09 V                   ; 2.38 V              ; -0.00552 V          ; 0.096 V                              ; 0.019 V                              ; 4.18e-10 s                  ; 3.59e-10 s                  ; No                         ; Yes                        ; 2.32 V                      ; 4.49e-09 V                  ; 2.38 V             ; -0.00552 V         ; 0.096 V                             ; 0.019 V                             ; 4.18e-10 s                 ; 3.59e-10 s                 ; No                        ; Yes                       ;
; InstructionOut[26] ; 2.5 V        ; 0 s                 ; 0 s                 ; 2.32 V                       ; 4.49e-09 V                   ; 2.38 V              ; -0.00552 V          ; 0.096 V                              ; 0.019 V                              ; 4.18e-10 s                  ; 3.59e-10 s                  ; No                         ; Yes                        ; 2.32 V                      ; 4.49e-09 V                  ; 2.38 V             ; -0.00552 V         ; 0.096 V                             ; 0.019 V                             ; 4.18e-10 s                 ; 3.59e-10 s                 ; No                        ; Yes                       ;
; InstructionOut[27] ; 2.5 V        ; 0 s                 ; 0 s                 ; 2.32 V                       ; 4.49e-09 V                   ; 2.38 V              ; -0.00552 V          ; 0.096 V                              ; 0.019 V                              ; 4.18e-10 s                  ; 3.59e-10 s                  ; No                         ; Yes                        ; 2.32 V                      ; 4.49e-09 V                  ; 2.38 V             ; -0.00552 V         ; 0.096 V                             ; 0.019 V                             ; 4.18e-10 s                 ; 3.59e-10 s                 ; No                        ; Yes                       ;
; InstructionOut[28] ; 2.5 V        ; 0 s                 ; 0 s                 ; 2.32 V                       ; 4.49e-09 V                   ; 2.33 V              ; -0.00467 V          ; 0.226 V                              ; 0.087 V                              ; 2.91e-09 s                  ; 2.74e-09 s                  ; Yes                        ; Yes                        ; 2.32 V                      ; 4.49e-09 V                  ; 2.33 V             ; -0.00467 V         ; 0.226 V                             ; 0.087 V                             ; 2.91e-09 s                 ; 2.74e-09 s                 ; Yes                       ; Yes                       ;
; InstructionOut[29] ; 2.5 V        ; 0 s                 ; 0 s                 ; 2.32 V                       ; 4.49e-09 V                   ; 2.38 V              ; -0.00552 V          ; 0.096 V                              ; 0.019 V                              ; 4.18e-10 s                  ; 3.59e-10 s                  ; No                         ; Yes                        ; 2.32 V                      ; 4.49e-09 V                  ; 2.38 V             ; -0.00552 V         ; 0.096 V                             ; 0.019 V                             ; 4.18e-10 s                 ; 3.59e-10 s                 ; No                        ; Yes                       ;
; InstructionOut[30] ; 2.5 V        ; 0 s                 ; 0 s                 ; 2.32 V                       ; 4.49e-09 V                   ; 2.38 V              ; -0.00552 V          ; 0.096 V                              ; 0.019 V                              ; 4.18e-10 s                  ; 3.59e-10 s                  ; No                         ; Yes                        ; 2.32 V                      ; 4.49e-09 V                  ; 2.38 V             ; -0.00552 V         ; 0.096 V                             ; 0.019 V                             ; 4.18e-10 s                 ; 3.59e-10 s                 ; No                        ; Yes                       ;
; InstructionOut[31] ; 2.5 V        ; 0 s                 ; 0 s                 ; 2.32 V                       ; 4.49e-09 V                   ; 2.38 V              ; -0.00552 V          ; 0.096 V                              ; 0.019 V                              ; 4.18e-10 s                  ; 3.59e-10 s                  ; No                         ; Yes                        ; 2.32 V                      ; 4.49e-09 V                  ; 2.38 V             ; -0.00552 V         ; 0.096 V                             ; 0.019 V                             ; 4.18e-10 s                 ; 3.59e-10 s                 ; No                        ; Yes                       ;
; BranchOut          ; 2.5 V        ; 0 s                 ; 0 s                 ; 2.32 V                       ; 4.49e-09 V                   ; 2.38 V              ; -0.00552 V          ; 0.096 V                              ; 0.019 V                              ; 4.18e-10 s                  ; 3.59e-10 s                  ; No                         ; Yes                        ; 2.32 V                      ; 4.49e-09 V                  ; 2.38 V             ; -0.00552 V         ; 0.096 V                             ; 0.019 V                             ; 4.18e-10 s                 ; 3.59e-10 s                 ; No                        ; Yes                       ;
; ZeroOut            ; 2.5 V        ; 0 s                 ; 0 s                 ; 2.32 V                       ; 4.49e-09 V                   ; 2.38 V              ; -0.00552 V          ; 0.096 V                              ; 0.019 V                              ; 4.18e-10 s                  ; 3.59e-10 s                  ; No                         ; Yes                        ; 2.32 V                      ; 4.49e-09 V                  ; 2.38 V             ; -0.00552 V         ; 0.096 V                             ; 0.019 V                             ; 4.18e-10 s                 ; 3.59e-10 s                 ; No                        ; Yes                       ;
; MemWriteOut        ; 2.5 V        ; 0 s                 ; 0 s                 ; 2.32 V                       ; 4.49e-09 V                   ; 2.38 V              ; -0.00552 V          ; 0.096 V                              ; 0.019 V                              ; 4.18e-10 s                  ; 3.59e-10 s                  ; No                         ; Yes                        ; 2.32 V                      ; 4.49e-09 V                  ; 2.38 V             ; -0.00552 V         ; 0.096 V                             ; 0.019 V                             ; 4.18e-10 s                 ; 3.59e-10 s                 ; No                        ; Yes                       ;
; RegWriteOut        ; 2.5 V        ; 0 s                 ; 0 s                 ; 2.32 V                       ; 3.07e-09 V                   ; 2.37 V              ; -0.00994 V          ; 0.186 V                              ; 0.028 V                              ; 4.98e-10 s                  ; 4.96e-10 s                  ; Yes                        ; Yes                        ; 2.32 V                      ; 3.07e-09 V                  ; 2.37 V             ; -0.00994 V         ; 0.186 V                             ; 0.028 V                             ; 4.98e-10 s                 ; 4.96e-10 s                 ; Yes                       ; Yes                       ;
; ~ALTERA_DCLK~      ; 2.5 V        ; 0 s                 ; 0 s                 ; 2.32 V                       ; 2.67e-09 V                   ; 2.38 V              ; -0.0485 V           ; 0.167 V                              ; 0.096 V                              ; 2.95e-10 s                  ; 2.73e-10 s                  ; Yes                        ; Yes                        ; 2.32 V                      ; 2.67e-09 V                  ; 2.38 V             ; -0.0485 V          ; 0.167 V                             ; 0.096 V                             ; 2.95e-10 s                 ; 2.73e-10 s                 ; Yes                       ; Yes                       ;
; ~ALTERA_nCEO~      ; 2.5 V        ; 0 s                 ; 0 s                 ; 2.32 V                       ; 4.18e-09 V                   ; 2.38 V              ; -0.00483 V          ; 0.152 V                              ; 0.012 V                              ; 4.81e-10 s                  ; 6.29e-10 s                  ; Yes                        ; Yes                        ; 2.32 V                      ; 4.18e-09 V                  ; 2.38 V             ; -0.00483 V         ; 0.152 V                             ; 0.012 V                             ; 4.81e-10 s                 ; 6.29e-10 s                 ; Yes                       ; Yes                       ;
+--------------------+--------------+---------------------+---------------------+------------------------------+------------------------------+---------------------+---------------------+--------------------------------------+--------------------------------------+-----------------------------+-----------------------------+----------------------------+----------------------------+-----------------------------+-----------------------------+--------------------+--------------------+-------------------------------------+-------------------------------------+----------------------------+----------------------------+---------------------------+---------------------------+


+-------------------------------------------------------------------------------------------------------------------------------------------------------------------------------------------------------------------------------------------------------------------------------------------------------------------------------------------------------------------------------------------------------------------------------------------------------------------------------------------------------------------------------------------------------------------------------------------------------------------------------------------------------------------------------------------------+
; Signal Integrity Metrics (Slow 1200mv 85c Model)                                                                                                                                                                                                                                                                                                                                                                                                                                                                                                                                                                                                                                                ;
+--------------------+--------------+---------------------+---------------------+------------------------------+------------------------------+---------------------+---------------------+--------------------------------------+--------------------------------------+-----------------------------+-----------------------------+----------------------------+----------------------------+-----------------------------+-----------------------------+--------------------+--------------------+-------------------------------------+-------------------------------------+----------------------------+----------------------------+---------------------------+---------------------------+
; Pin                ; I/O Standard ; Board Delay on Rise ; Board Delay on Fall ; Steady State Voh at FPGA Pin ; Steady State Vol at FPGA Pin ; Voh Max at FPGA Pin ; Vol Min at FPGA Pin ; Ringback Voltage on Rise at FPGA Pin ; Ringback Voltage on Fall at FPGA Pin ; 10-90 Rise Time at FPGA Pin ; 90-10 Fall Time at FPGA Pin ; Monotonic Rise at FPGA Pin ; Monotonic Fall at FPGA Pin ; Steady State Voh at Far-end ; Steady State Vol at Far-end ; Voh Max at Far-end ; Vol Min at Far-end ; Ringback Voltage on Rise at Far-end ; Ringback Voltage on Fall at Far-end ; 10-90 Rise Time at Far-end ; 90-10 Fall Time at Far-end ; Monotonic Rise at Far-end ; Monotonic Fall at Far-end ;
+--------------------+--------------+---------------------+---------------------+------------------------------+------------------------------+---------------------+---------------------+--------------------------------------+--------------------------------------+-----------------------------+-----------------------------+----------------------------+----------------------------+-----------------------------+-----------------------------+--------------------+--------------------+-------------------------------------+-------------------------------------+----------------------------+----------------------------+---------------------------+---------------------------+
; MuxOut[0]          ; 2.5 V        ; 0 s                 ; 0 s                 ; 2.32 V                       ; 6.92e-07 V                   ; 2.35 V              ; -0.00996 V          ; 0.121 V                              ; 0.03 V                               ; 4.64e-10 s                  ; 4.47e-10 s                  ; Yes                        ; Yes                        ; 2.32 V                      ; 6.92e-07 V                  ; 2.35 V             ; -0.00996 V         ; 0.121 V                             ; 0.03 V                              ; 4.64e-10 s                 ; 4.47e-10 s                 ; Yes                       ; Yes                       ;
; MuxOut[1]          ; 2.5 V        ; 0 s                 ; 0 s                 ; 2.32 V                       ; 6.92e-07 V                   ; 2.35 V              ; -0.00996 V          ; 0.121 V                              ; 0.03 V                               ; 4.64e-10 s                  ; 4.47e-10 s                  ; Yes                        ; Yes                        ; 2.32 V                      ; 6.92e-07 V                  ; 2.35 V             ; -0.00996 V         ; 0.121 V                             ; 0.03 V                              ; 4.64e-10 s                 ; 4.47e-10 s                 ; Yes                       ; Yes                       ;
; MuxOut[2]          ; 2.5 V        ; 0 s                 ; 0 s                 ; 2.32 V                       ; 6.92e-07 V                   ; 2.35 V              ; -0.00996 V          ; 0.121 V                              ; 0.03 V                               ; 4.64e-10 s                  ; 4.47e-10 s                  ; Yes                        ; Yes                        ; 2.32 V                      ; 6.92e-07 V                  ; 2.35 V             ; -0.00996 V         ; 0.121 V                             ; 0.03 V                              ; 4.64e-10 s                 ; 4.47e-10 s                 ; Yes                       ; Yes                       ;
; MuxOut[3]          ; 2.5 V        ; 0 s                 ; 0 s                 ; 2.32 V                       ; 6.92e-07 V                   ; 2.35 V              ; -0.00996 V          ; 0.121 V                              ; 0.03 V                               ; 4.64e-10 s                  ; 4.47e-10 s                  ; Yes                        ; Yes                        ; 2.32 V                      ; 6.92e-07 V                  ; 2.35 V             ; -0.00996 V         ; 0.121 V                             ; 0.03 V                              ; 4.64e-10 s                 ; 4.47e-10 s                 ; Yes                       ; Yes                       ;
; MuxOut[4]          ; 2.5 V        ; 0 s                 ; 0 s                 ; 2.32 V                       ; 6.92e-07 V                   ; 2.35 V              ; -0.00996 V          ; 0.121 V                              ; 0.03 V                               ; 4.64e-10 s                  ; 4.47e-10 s                  ; Yes                        ; Yes                        ; 2.32 V                      ; 6.92e-07 V                  ; 2.35 V             ; -0.00996 V         ; 0.121 V                             ; 0.03 V                              ; 4.64e-10 s                 ; 4.47e-10 s                 ; Yes                       ; Yes                       ;
; MuxOut[5]          ; 2.5 V        ; 0 s                 ; 0 s                 ; 2.32 V                       ; 6.92e-07 V                   ; 2.35 V              ; -0.00996 V          ; 0.121 V                              ; 0.03 V                               ; 4.64e-10 s                  ; 4.47e-10 s                  ; Yes                        ; Yes                        ; 2.32 V                      ; 6.92e-07 V                  ; 2.35 V             ; -0.00996 V         ; 0.121 V                             ; 0.03 V                              ; 4.64e-10 s                 ; 4.47e-10 s                 ; Yes                       ; Yes                       ;
; MuxOut[6]          ; 2.5 V        ; 0 s                 ; 0 s                 ; 2.32 V                       ; 4.67e-07 V                   ; 2.35 V              ; -0.00942 V          ; 0.116 V                              ; 0.033 V                              ; 6.66e-10 s                  ; 6.27e-10 s                  ; Yes                        ; Yes                        ; 2.32 V                      ; 4.67e-07 V                  ; 2.35 V             ; -0.00942 V         ; 0.116 V                             ; 0.033 V                             ; 6.66e-10 s                 ; 6.27e-10 s                 ; Yes                       ; Yes                       ;
; MuxOut[7]          ; 2.5 V        ; 0 s                 ; 0 s                 ; 2.32 V                       ; 6.92e-07 V                   ; 2.35 V              ; -0.00996 V          ; 0.121 V                              ; 0.03 V                               ; 4.64e-10 s                  ; 4.47e-10 s                  ; Yes                        ; Yes                        ; 2.32 V                      ; 6.92e-07 V                  ; 2.35 V             ; -0.00996 V         ; 0.121 V                             ; 0.03 V                              ; 4.64e-10 s                 ; 4.47e-10 s                 ; Yes                       ; Yes                       ;
; MuxOut[8]          ; 2.5 V        ; 0 s                 ; 0 s                 ; 2.32 V                       ; 6.92e-07 V                   ; 2.35 V              ; -0.00996 V          ; 0.121 V                              ; 0.03 V                               ; 4.64e-10 s                  ; 4.47e-10 s                  ; Yes                        ; Yes                        ; 2.32 V                      ; 6.92e-07 V                  ; 2.35 V             ; -0.00996 V         ; 0.121 V                             ; 0.03 V                              ; 4.64e-10 s                 ; 4.47e-10 s                 ; Yes                       ; Yes                       ;
; MuxOut[9]          ; 2.5 V        ; 0 s                 ; 0 s                 ; 2.32 V                       ; 6.92e-07 V                   ; 2.35 V              ; -0.00996 V          ; 0.121 V                              ; 0.03 V                               ; 4.64e-10 s                  ; 4.47e-10 s                  ; Yes                        ; Yes                        ; 2.32 V                      ; 6.92e-07 V                  ; 2.35 V             ; -0.00996 V         ; 0.121 V                             ; 0.03 V                              ; 4.64e-10 s                 ; 4.47e-10 s                 ; Yes                       ; Yes                       ;
; MuxOut[10]         ; 2.5 V        ; 0 s                 ; 0 s                 ; 2.32 V                       ; 6.92e-07 V                   ; 2.35 V              ; -0.00996 V          ; 0.121 V                              ; 0.03 V                               ; 4.64e-10 s                  ; 4.47e-10 s                  ; Yes                        ; Yes                        ; 2.32 V                      ; 6.92e-07 V                  ; 2.35 V             ; -0.00996 V         ; 0.121 V                             ; 0.03 V                              ; 4.64e-10 s                 ; 4.47e-10 s                 ; Yes                       ; Yes                       ;
; MuxOut[11]         ; 2.5 V        ; 0 s                 ; 0 s                 ; 2.32 V                       ; 4.67e-07 V                   ; 2.35 V              ; -0.00942 V          ; 0.116 V                              ; 0.033 V                              ; 6.66e-10 s                  ; 6.27e-10 s                  ; Yes                        ; Yes                        ; 2.32 V                      ; 4.67e-07 V                  ; 2.35 V             ; -0.00942 V         ; 0.116 V                             ; 0.033 V                             ; 6.66e-10 s                 ; 6.27e-10 s                 ; Yes                       ; Yes                       ;
; MuxOut[12]         ; 2.5 V        ; 0 s                 ; 0 s                 ; 2.32 V                       ; 4.67e-07 V                   ; 2.35 V              ; -0.00942 V          ; 0.116 V                              ; 0.033 V                              ; 6.66e-10 s                  ; 6.27e-10 s                  ; Yes                        ; Yes                        ; 2.32 V                      ; 4.67e-07 V                  ; 2.35 V             ; -0.00942 V         ; 0.116 V                             ; 0.033 V                             ; 6.66e-10 s                 ; 6.27e-10 s                 ; Yes                       ; Yes                       ;
; MuxOut[13]         ; 2.5 V        ; 0 s                 ; 0 s                 ; 2.32 V                       ; 6.92e-07 V                   ; 2.35 V              ; -0.00996 V          ; 0.121 V                              ; 0.03 V                               ; 4.64e-10 s                  ; 4.47e-10 s                  ; Yes                        ; Yes                        ; 2.32 V                      ; 6.92e-07 V                  ; 2.35 V             ; -0.00996 V         ; 0.121 V                             ; 0.03 V                              ; 4.64e-10 s                 ; 4.47e-10 s                 ; Yes                       ; Yes                       ;
; MuxOut[14]         ; 2.5 V        ; 0 s                 ; 0 s                 ; 2.32 V                       ; 6.92e-07 V                   ; 2.35 V              ; -0.00996 V          ; 0.121 V                              ; 0.03 V                               ; 4.64e-10 s                  ; 4.47e-10 s                  ; Yes                        ; Yes                        ; 2.32 V                      ; 6.92e-07 V                  ; 2.35 V             ; -0.00996 V         ; 0.121 V                             ; 0.03 V                              ; 4.64e-10 s                 ; 4.47e-10 s                 ; Yes                       ; Yes                       ;
; MuxOut[15]         ; 2.5 V        ; 0 s                 ; 0 s                 ; 2.32 V                       ; 6.92e-07 V                   ; 2.35 V              ; -0.00996 V          ; 0.121 V                              ; 0.03 V                               ; 4.64e-10 s                  ; 4.47e-10 s                  ; Yes                        ; Yes                        ; 2.32 V                      ; 6.92e-07 V                  ; 2.35 V             ; -0.00996 V         ; 0.121 V                             ; 0.03 V                              ; 4.64e-10 s                 ; 4.47e-10 s                 ; Yes                       ; Yes                       ;
; MuxOut[16]         ; 2.5 V        ; 0 s                 ; 0 s                 ; 2.32 V                       ; 6.92e-07 V                   ; 2.35 V              ; -0.00996 V          ; 0.121 V                              ; 0.03 V                               ; 4.64e-10 s                  ; 4.47e-10 s                  ; Yes                        ; Yes                        ; 2.32 V                      ; 6.92e-07 V                  ; 2.35 V             ; -0.00996 V         ; 0.121 V                             ; 0.03 V                              ; 4.64e-10 s                 ; 4.47e-10 s                 ; Yes                       ; Yes                       ;
; MuxOut[17]         ; 2.5 V        ; 0 s                 ; 0 s                 ; 2.32 V                       ; 6.92e-07 V                   ; 2.35 V              ; -0.00996 V          ; 0.121 V                              ; 0.03 V                               ; 4.64e-10 s                  ; 4.47e-10 s                  ; Yes                        ; Yes                        ; 2.32 V                      ; 6.92e-07 V                  ; 2.35 V             ; -0.00996 V         ; 0.121 V                             ; 0.03 V                              ; 4.64e-10 s                 ; 4.47e-10 s                 ; Yes                       ; Yes                       ;
; MuxOut[18]         ; 2.5 V        ; 0 s                 ; 0 s                 ; 2.32 V                       ; 6.92e-07 V                   ; 2.35 V              ; -0.00996 V          ; 0.121 V                              ; 0.03 V                               ; 4.64e-10 s                  ; 4.47e-10 s                  ; Yes                        ; Yes                        ; 2.32 V                      ; 6.92e-07 V                  ; 2.35 V             ; -0.00996 V         ; 0.121 V                             ; 0.03 V                              ; 4.64e-10 s                 ; 4.47e-10 s                 ; Yes                       ; Yes                       ;
; MuxOut[19]         ; 2.5 V        ; 0 s                 ; 0 s                 ; 2.32 V                       ; 4.67e-07 V                   ; 2.35 V              ; -0.00942 V          ; 0.116 V                              ; 0.033 V                              ; 6.66e-10 s                  ; 6.27e-10 s                  ; Yes                        ; Yes                        ; 2.32 V                      ; 4.67e-07 V                  ; 2.35 V             ; -0.00942 V         ; 0.116 V                             ; 0.033 V                             ; 6.66e-10 s                 ; 6.27e-10 s                 ; Yes                       ; Yes                       ;
; MuxOut[20]         ; 2.5 V        ; 0 s                 ; 0 s                 ; 2.32 V                       ; 6.92e-07 V                   ; 2.35 V              ; -0.00996 V          ; 0.121 V                              ; 0.03 V                               ; 4.64e-10 s                  ; 4.47e-10 s                  ; Yes                        ; Yes                        ; 2.32 V                      ; 6.92e-07 V                  ; 2.35 V             ; -0.00996 V         ; 0.121 V                             ; 0.03 V                              ; 4.64e-10 s                 ; 4.47e-10 s                 ; Yes                       ; Yes                       ;
; MuxOut[21]         ; 2.5 V        ; 0 s                 ; 0 s                 ; 2.32 V                       ; 6.92e-07 V                   ; 2.35 V              ; -0.00996 V          ; 0.121 V                              ; 0.03 V                               ; 4.64e-10 s                  ; 4.47e-10 s                  ; Yes                        ; Yes                        ; 2.32 V                      ; 6.92e-07 V                  ; 2.35 V             ; -0.00996 V         ; 0.121 V                             ; 0.03 V                              ; 4.64e-10 s                 ; 4.47e-10 s                 ; Yes                       ; Yes                       ;
; MuxOut[22]         ; 2.5 V        ; 0 s                 ; 0 s                 ; 2.32 V                       ; 6.92e-07 V                   ; 2.35 V              ; -0.00996 V          ; 0.121 V                              ; 0.03 V                               ; 4.64e-10 s                  ; 4.47e-10 s                  ; Yes                        ; Yes                        ; 2.32 V                      ; 6.92e-07 V                  ; 2.35 V             ; -0.00996 V         ; 0.121 V                             ; 0.03 V                              ; 4.64e-10 s                 ; 4.47e-10 s                 ; Yes                       ; Yes                       ;
; MuxOut[23]         ; 2.5 V        ; 0 s                 ; 0 s                 ; 2.32 V                       ; 6.92e-07 V                   ; 2.35 V              ; -0.00996 V          ; 0.121 V                              ; 0.03 V                               ; 4.64e-10 s                  ; 4.47e-10 s                  ; Yes                        ; Yes                        ; 2.32 V                      ; 6.92e-07 V                  ; 2.35 V             ; -0.00996 V         ; 0.121 V                             ; 0.03 V                              ; 4.64e-10 s                 ; 4.47e-10 s                 ; Yes                       ; Yes                       ;
; MuxOut[24]         ; 2.5 V        ; 0 s                 ; 0 s                 ; 2.32 V                       ; 6.92e-07 V                   ; 2.35 V              ; -0.00996 V          ; 0.121 V                              ; 0.03 V                               ; 4.64e-10 s                  ; 4.47e-10 s                  ; Yes                        ; Yes                        ; 2.32 V                      ; 6.92e-07 V                  ; 2.35 V             ; -0.00996 V         ; 0.121 V                             ; 0.03 V                              ; 4.64e-10 s                 ; 4.47e-10 s                 ; Yes                       ; Yes                       ;
; MuxOut[25]         ; 2.5 V        ; 0 s                 ; 0 s                 ; 2.32 V                       ; 6.92e-07 V                   ; 2.35 V              ; -0.00996 V          ; 0.121 V                              ; 0.03 V                               ; 4.64e-10 s                  ; 4.47e-10 s                  ; Yes                        ; Yes                        ; 2.32 V                      ; 6.92e-07 V                  ; 2.35 V             ; -0.00996 V         ; 0.121 V                             ; 0.03 V                              ; 4.64e-10 s                 ; 4.47e-10 s                 ; Yes                       ; Yes                       ;
; MuxOut[26]         ; 2.5 V        ; 0 s                 ; 0 s                 ; 2.32 V                       ; 6.92e-07 V                   ; 2.35 V              ; -0.00996 V          ; 0.121 V                              ; 0.03 V                               ; 4.64e-10 s                  ; 4.47e-10 s                  ; Yes                        ; Yes                        ; 2.32 V                      ; 6.92e-07 V                  ; 2.35 V             ; -0.00996 V         ; 0.121 V                             ; 0.03 V                              ; 4.64e-10 s                 ; 4.47e-10 s                 ; Yes                       ; Yes                       ;
; MuxOut[27]         ; 2.5 V        ; 0 s                 ; 0 s                 ; 2.32 V                       ; 6.92e-07 V                   ; 2.35 V              ; -0.00996 V          ; 0.121 V                              ; 0.03 V                               ; 4.64e-10 s                  ; 4.47e-10 s                  ; Yes                        ; Yes                        ; 2.32 V                      ; 6.92e-07 V                  ; 2.35 V             ; -0.00996 V         ; 0.121 V                             ; 0.03 V                              ; 4.64e-10 s                 ; 4.47e-10 s                 ; Yes                       ; Yes                       ;
; MuxOut[28]         ; 2.5 V        ; 0 s                 ; 0 s                 ; 2.32 V                       ; 6.92e-07 V                   ; 2.33 V              ; -0.00265 V          ; 0.133 V                              ; 0.056 V                              ; 3.55e-09 s                  ; 3.31e-09 s                  ; Yes                        ; Yes                        ; 2.32 V                      ; 6.92e-07 V                  ; 2.33 V             ; -0.00265 V         ; 0.133 V                             ; 0.056 V                             ; 3.55e-09 s                 ; 3.31e-09 s                 ; Yes                       ; Yes                       ;
; MuxOut[29]         ; 2.5 V        ; 0 s                 ; 0 s                 ; 2.32 V                       ; 6.92e-07 V                   ; 2.35 V              ; -0.00996 V          ; 0.121 V                              ; 0.03 V                               ; 4.64e-10 s                  ; 4.47e-10 s                  ; Yes                        ; Yes                        ; 2.32 V                      ; 6.92e-07 V                  ; 2.35 V             ; -0.00996 V         ; 0.121 V                             ; 0.03 V                              ; 4.64e-10 s                 ; 4.47e-10 s                 ; Yes                       ; Yes                       ;
; MuxOut[30]         ; 2.5 V        ; 0 s                 ; 0 s                 ; 2.32 V                       ; 6.92e-07 V                   ; 2.35 V              ; -0.00996 V          ; 0.121 V                              ; 0.03 V                               ; 4.64e-10 s                  ; 4.47e-10 s                  ; Yes                        ; Yes                        ; 2.32 V                      ; 6.92e-07 V                  ; 2.35 V             ; -0.00996 V         ; 0.121 V                             ; 0.03 V                              ; 4.64e-10 s                 ; 4.47e-10 s                 ; Yes                       ; Yes                       ;
; MuxOut[31]         ; 2.5 V        ; 0 s                 ; 0 s                 ; 2.32 V                       ; 4.67e-07 V                   ; 2.35 V              ; -0.00942 V          ; 0.116 V                              ; 0.033 V                              ; 6.66e-10 s                  ; 6.27e-10 s                  ; Yes                        ; Yes                        ; 2.32 V                      ; 4.67e-07 V                  ; 2.35 V             ; -0.00942 V         ; 0.116 V                             ; 0.033 V                             ; 6.66e-10 s                 ; 6.27e-10 s                 ; Yes                       ; Yes                       ;
; InstructionOut[0]  ; 2.5 V        ; 0 s                 ; 0 s                 ; 2.32 V                       ; 6.92e-07 V                   ; 2.35 V              ; -0.00996 V          ; 0.121 V                              ; 0.03 V                               ; 4.64e-10 s                  ; 4.47e-10 s                  ; Yes                        ; Yes                        ; 2.32 V                      ; 6.92e-07 V                  ; 2.35 V             ; -0.00996 V         ; 0.121 V                             ; 0.03 V                              ; 4.64e-10 s                 ; 4.47e-10 s                 ; Yes                       ; Yes                       ;
; InstructionOut[1]  ; 2.5 V        ; 0 s                 ; 0 s                 ; 2.32 V                       ; 6.92e-07 V                   ; 2.35 V              ; -0.00996 V          ; 0.121 V                              ; 0.03 V                               ; 4.64e-10 s                  ; 4.47e-10 s                  ; Yes                        ; Yes                        ; 2.32 V                      ; 6.92e-07 V                  ; 2.35 V             ; -0.00996 V         ; 0.121 V                             ; 0.03 V                              ; 4.64e-10 s                 ; 4.47e-10 s                 ; Yes                       ; Yes                       ;
; InstructionOut[2]  ; 2.5 V        ; 0 s                 ; 0 s                 ; 2.32 V                       ; 6.92e-07 V                   ; 2.35 V              ; -0.00996 V          ; 0.121 V                              ; 0.03 V                               ; 4.64e-10 s                  ; 4.47e-10 s                  ; Yes                        ; Yes                        ; 2.32 V                      ; 6.92e-07 V                  ; 2.35 V             ; -0.00996 V         ; 0.121 V                             ; 0.03 V                              ; 4.64e-10 s                 ; 4.47e-10 s                 ; Yes                       ; Yes                       ;
; InstructionOut[3]  ; 2.5 V        ; 0 s                 ; 0 s                 ; 2.32 V                       ; 6.92e-07 V                   ; 2.35 V              ; -0.00996 V          ; 0.121 V                              ; 0.03 V                               ; 4.64e-10 s                  ; 4.47e-10 s                  ; Yes                        ; Yes                        ; 2.32 V                      ; 6.92e-07 V                  ; 2.35 V             ; -0.00996 V         ; 0.121 V                             ; 0.03 V                              ; 4.64e-10 s                 ; 4.47e-10 s                 ; Yes                       ; Yes                       ;
; InstructionOut[4]  ; 2.5 V        ; 0 s                 ; 0 s                 ; 2.32 V                       ; 6.92e-07 V                   ; 2.35 V              ; -0.00996 V          ; 0.121 V                              ; 0.03 V                               ; 4.64e-10 s                  ; 4.47e-10 s                  ; Yes                        ; Yes                        ; 2.32 V                      ; 6.92e-07 V                  ; 2.35 V             ; -0.00996 V         ; 0.121 V                             ; 0.03 V                              ; 4.64e-10 s                 ; 4.47e-10 s                 ; Yes                       ; Yes                       ;
; InstructionOut[5]  ; 2.5 V        ; 0 s                 ; 0 s                 ; 2.32 V                       ; 6.92e-07 V                   ; 2.35 V              ; -0.00996 V          ; 0.121 V                              ; 0.03 V                               ; 4.64e-10 s                  ; 4.47e-10 s                  ; Yes                        ; Yes                        ; 2.32 V                      ; 6.92e-07 V                  ; 2.35 V             ; -0.00996 V         ; 0.121 V                             ; 0.03 V                              ; 4.64e-10 s                 ; 4.47e-10 s                 ; Yes                       ; Yes                       ;
; InstructionOut[6]  ; 2.5 V        ; 0 s                 ; 0 s                 ; 2.32 V                       ; 4.67e-07 V                   ; 2.35 V              ; -0.00942 V          ; 0.116 V                              ; 0.033 V                              ; 6.66e-10 s                  ; 6.27e-10 s                  ; Yes                        ; Yes                        ; 2.32 V                      ; 4.67e-07 V                  ; 2.35 V             ; -0.00942 V         ; 0.116 V                             ; 0.033 V                             ; 6.66e-10 s                 ; 6.27e-10 s                 ; Yes                       ; Yes                       ;
; InstructionOut[7]  ; 2.5 V        ; 0 s                 ; 0 s                 ; 2.32 V                       ; 6.92e-07 V                   ; 2.35 V              ; -0.00996 V          ; 0.121 V                              ; 0.03 V                               ; 4.64e-10 s                  ; 4.47e-10 s                  ; Yes                        ; Yes                        ; 2.32 V                      ; 6.92e-07 V                  ; 2.35 V             ; -0.00996 V         ; 0.121 V                             ; 0.03 V                              ; 4.64e-10 s                 ; 4.47e-10 s                 ; Yes                       ; Yes                       ;
; InstructionOut[8]  ; 2.5 V        ; 0 s                 ; 0 s                 ; 2.32 V                       ; 6.92e-07 V                   ; 2.35 V              ; -0.00996 V          ; 0.121 V                              ; 0.03 V                               ; 4.64e-10 s                  ; 4.47e-10 s                  ; Yes                        ; Yes                        ; 2.32 V                      ; 6.92e-07 V                  ; 2.35 V             ; -0.00996 V         ; 0.121 V                             ; 0.03 V                              ; 4.64e-10 s                 ; 4.47e-10 s                 ; Yes                       ; Yes                       ;
; InstructionOut[9]  ; 2.5 V        ; 0 s                 ; 0 s                 ; 2.32 V                       ; 6.92e-07 V                   ; 2.35 V              ; -0.00996 V          ; 0.121 V                              ; 0.03 V                               ; 4.64e-10 s                  ; 4.47e-10 s                  ; Yes                        ; Yes                        ; 2.32 V                      ; 6.92e-07 V                  ; 2.35 V             ; -0.00996 V         ; 0.121 V                             ; 0.03 V                              ; 4.64e-10 s                 ; 4.47e-10 s                 ; Yes                       ; Yes                       ;
; InstructionOut[10] ; 2.5 V        ; 0 s                 ; 0 s                 ; 2.32 V                       ; 6.92e-07 V                   ; 2.35 V              ; -0.00996 V          ; 0.121 V                              ; 0.03 V                               ; 4.64e-10 s                  ; 4.47e-10 s                  ; Yes                        ; Yes                        ; 2.32 V                      ; 6.92e-07 V                  ; 2.35 V             ; -0.00996 V         ; 0.121 V                             ; 0.03 V                              ; 4.64e-10 s                 ; 4.47e-10 s                 ; Yes                       ; Yes                       ;
; InstructionOut[11] ; 2.5 V        ; 0 s                 ; 0 s                 ; 2.32 V                       ; 6.92e-07 V                   ; 2.35 V              ; -0.00996 V          ; 0.121 V                              ; 0.03 V                               ; 4.64e-10 s                  ; 4.47e-10 s                  ; Yes                        ; Yes                        ; 2.32 V                      ; 6.92e-07 V                  ; 2.35 V             ; -0.00996 V         ; 0.121 V                             ; 0.03 V                              ; 4.64e-10 s                 ; 4.47e-10 s                 ; Yes                       ; Yes                       ;
; InstructionOut[12] ; 2.5 V        ; 0 s                 ; 0 s                 ; 2.32 V                       ; 6.92e-07 V                   ; 2.35 V              ; -0.00996 V          ; 0.121 V                              ; 0.03 V                               ; 4.64e-10 s                  ; 4.47e-10 s                  ; Yes                        ; Yes                        ; 2.32 V                      ; 6.92e-07 V                  ; 2.35 V             ; -0.00996 V         ; 0.121 V                             ; 0.03 V                              ; 4.64e-10 s                 ; 4.47e-10 s                 ; Yes                       ; Yes                       ;
; InstructionOut[13] ; 2.5 V        ; 0 s                 ; 0 s                 ; 2.32 V                       ; 4.67e-07 V                   ; 2.35 V              ; -0.00942 V          ; 0.116 V                              ; 0.033 V                              ; 6.66e-10 s                  ; 6.27e-10 s                  ; Yes                        ; Yes                        ; 2.32 V                      ; 4.67e-07 V                  ; 2.35 V             ; -0.00942 V         ; 0.116 V                             ; 0.033 V                             ; 6.66e-10 s                 ; 6.27e-10 s                 ; Yes                       ; Yes                       ;
; InstructionOut[14] ; 2.5 V        ; 0 s                 ; 0 s                 ; 2.32 V                       ; 6.92e-07 V                   ; 2.35 V              ; -0.00996 V          ; 0.121 V                              ; 0.03 V                               ; 4.64e-10 s                  ; 4.47e-10 s                  ; Yes                        ; Yes                        ; 2.32 V                      ; 6.92e-07 V                  ; 2.35 V             ; -0.00996 V         ; 0.121 V                             ; 0.03 V                              ; 4.64e-10 s                 ; 4.47e-10 s                 ; Yes                       ; Yes                       ;
; InstructionOut[15] ; 2.5 V        ; 0 s                 ; 0 s                 ; 2.32 V                       ; 6.92e-07 V                   ; 2.35 V              ; -0.00996 V          ; 0.121 V                              ; 0.03 V                               ; 4.64e-10 s                  ; 4.47e-10 s                  ; Yes                        ; Yes                        ; 2.32 V                      ; 6.92e-07 V                  ; 2.35 V             ; -0.00996 V         ; 0.121 V                             ; 0.03 V                              ; 4.64e-10 s                 ; 4.47e-10 s                 ; Yes                       ; Yes                       ;
; InstructionOut[16] ; 2.5 V        ; 0 s                 ; 0 s                 ; 2.32 V                       ; 4.67e-07 V                   ; 2.35 V              ; -0.00942 V          ; 0.116 V                              ; 0.033 V                              ; 6.66e-10 s                  ; 6.27e-10 s                  ; Yes                        ; Yes                        ; 2.32 V                      ; 4.67e-07 V                  ; 2.35 V             ; -0.00942 V         ; 0.116 V                             ; 0.033 V                             ; 6.66e-10 s                 ; 6.27e-10 s                 ; Yes                       ; Yes                       ;
; InstructionOut[17] ; 2.5 V        ; 0 s                 ; 0 s                 ; 2.32 V                       ; 6.92e-07 V                   ; 2.35 V              ; -0.00996 V          ; 0.121 V                              ; 0.03 V                               ; 4.64e-10 s                  ; 4.47e-10 s                  ; Yes                        ; Yes                        ; 2.32 V                      ; 6.92e-07 V                  ; 2.35 V             ; -0.00996 V         ; 0.121 V                             ; 0.03 V                              ; 4.64e-10 s                 ; 4.47e-10 s                 ; Yes                       ; Yes                       ;
; InstructionOut[18] ; 2.5 V        ; 0 s                 ; 0 s                 ; 2.32 V                       ; 6.92e-07 V                   ; 2.35 V              ; -0.00996 V          ; 0.121 V                              ; 0.03 V                               ; 4.64e-10 s                  ; 4.47e-10 s                  ; Yes                        ; Yes                        ; 2.32 V                      ; 6.92e-07 V                  ; 2.35 V             ; -0.00996 V         ; 0.121 V                             ; 0.03 V                              ; 4.64e-10 s                 ; 4.47e-10 s                 ; Yes                       ; Yes                       ;
; InstructionOut[19] ; 2.5 V        ; 0 s                 ; 0 s                 ; 2.32 V                       ; 6.92e-07 V                   ; 2.35 V              ; -0.00996 V          ; 0.121 V                              ; 0.03 V                               ; 4.64e-10 s                  ; 4.47e-10 s                  ; Yes                        ; Yes                        ; 2.32 V                      ; 6.92e-07 V                  ; 2.35 V             ; -0.00996 V         ; 0.121 V                             ; 0.03 V                              ; 4.64e-10 s                 ; 4.47e-10 s                 ; Yes                       ; Yes                       ;
; InstructionOut[20] ; 2.5 V        ; 0 s                 ; 0 s                 ; 2.32 V                       ; 6.92e-07 V                   ; 2.35 V              ; -0.00996 V          ; 0.121 V                              ; 0.03 V                               ; 4.64e-10 s                  ; 4.47e-10 s                  ; Yes                        ; Yes                        ; 2.32 V                      ; 6.92e-07 V                  ; 2.35 V             ; -0.00996 V         ; 0.121 V                             ; 0.03 V                              ; 4.64e-10 s                 ; 4.47e-10 s                 ; Yes                       ; Yes                       ;
; InstructionOut[21] ; 2.5 V        ; 0 s                 ; 0 s                 ; 2.32 V                       ; 6.92e-07 V                   ; 2.35 V              ; -0.00996 V          ; 0.121 V                              ; 0.03 V                               ; 4.64e-10 s                  ; 4.47e-10 s                  ; Yes                        ; Yes                        ; 2.32 V                      ; 6.92e-07 V                  ; 2.35 V             ; -0.00996 V         ; 0.121 V                             ; 0.03 V                              ; 4.64e-10 s                 ; 4.47e-10 s                 ; Yes                       ; Yes                       ;
; InstructionOut[22] ; 2.5 V        ; 0 s                 ; 0 s                 ; 2.32 V                       ; 6.92e-07 V                   ; 2.35 V              ; -0.00996 V          ; 0.121 V                              ; 0.03 V                               ; 4.64e-10 s                  ; 4.47e-10 s                  ; Yes                        ; Yes                        ; 2.32 V                      ; 6.92e-07 V                  ; 2.35 V             ; -0.00996 V         ; 0.121 V                             ; 0.03 V                              ; 4.64e-10 s                 ; 4.47e-10 s                 ; Yes                       ; Yes                       ;
; InstructionOut[23] ; 2.5 V        ; 0 s                 ; 0 s                 ; 2.32 V                       ; 6.92e-07 V                   ; 2.35 V              ; -0.00996 V          ; 0.121 V                              ; 0.03 V                               ; 4.64e-10 s                  ; 4.47e-10 s                  ; Yes                        ; Yes                        ; 2.32 V                      ; 6.92e-07 V                  ; 2.35 V             ; -0.00996 V         ; 0.121 V                             ; 0.03 V                              ; 4.64e-10 s                 ; 4.47e-10 s                 ; Yes                       ; Yes                       ;
; InstructionOut[24] ; 2.5 V        ; 0 s                 ; 0 s                 ; 2.32 V                       ; 6.92e-07 V                   ; 2.35 V              ; -0.00996 V          ; 0.121 V                              ; 0.03 V                               ; 4.64e-10 s                  ; 4.47e-10 s                  ; Yes                        ; Yes                        ; 2.32 V                      ; 6.92e-07 V                  ; 2.35 V             ; -0.00996 V         ; 0.121 V                             ; 0.03 V                              ; 4.64e-10 s                 ; 4.47e-10 s                 ; Yes                       ; Yes                       ;
; InstructionOut[25] ; 2.5 V        ; 0 s                 ; 0 s                 ; 2.32 V                       ; 6.92e-07 V                   ; 2.35 V              ; -0.00996 V          ; 0.121 V                              ; 0.03 V                               ; 4.64e-10 s                  ; 4.47e-10 s                  ; Yes                        ; Yes                        ; 2.32 V                      ; 6.92e-07 V                  ; 2.35 V             ; -0.00996 V         ; 0.121 V                             ; 0.03 V                              ; 4.64e-10 s                 ; 4.47e-10 s                 ; Yes                       ; Yes                       ;
; InstructionOut[26] ; 2.5 V        ; 0 s                 ; 0 s                 ; 2.32 V                       ; 6.92e-07 V                   ; 2.35 V              ; -0.00996 V          ; 0.121 V                              ; 0.03 V                               ; 4.64e-10 s                  ; 4.47e-10 s                  ; Yes                        ; Yes                        ; 2.32 V                      ; 6.92e-07 V                  ; 2.35 V             ; -0.00996 V         ; 0.121 V                             ; 0.03 V                              ; 4.64e-10 s                 ; 4.47e-10 s                 ; Yes                       ; Yes                       ;
; InstructionOut[27] ; 2.5 V        ; 0 s                 ; 0 s                 ; 2.32 V                       ; 6.92e-07 V                   ; 2.35 V              ; -0.00996 V          ; 0.121 V                              ; 0.03 V                               ; 4.64e-10 s                  ; 4.47e-10 s                  ; Yes                        ; Yes                        ; 2.32 V                      ; 6.92e-07 V                  ; 2.35 V             ; -0.00996 V         ; 0.121 V                             ; 0.03 V                              ; 4.64e-10 s                 ; 4.47e-10 s                 ; Yes                       ; Yes                       ;
; InstructionOut[28] ; 2.5 V        ; 0 s                 ; 0 s                 ; 2.32 V                       ; 6.92e-07 V                   ; 2.33 V              ; -0.00265 V          ; 0.133 V                              ; 0.056 V                              ; 3.55e-09 s                  ; 3.31e-09 s                  ; Yes                        ; Yes                        ; 2.32 V                      ; 6.92e-07 V                  ; 2.33 V             ; -0.00265 V         ; 0.133 V                             ; 0.056 V                             ; 3.55e-09 s                 ; 3.31e-09 s                 ; Yes                       ; Yes                       ;
; InstructionOut[29] ; 2.5 V        ; 0 s                 ; 0 s                 ; 2.32 V                       ; 6.92e-07 V                   ; 2.35 V              ; -0.00996 V          ; 0.121 V                              ; 0.03 V                               ; 4.64e-10 s                  ; 4.47e-10 s                  ; Yes                        ; Yes                        ; 2.32 V                      ; 6.92e-07 V                  ; 2.35 V             ; -0.00996 V         ; 0.121 V                             ; 0.03 V                              ; 4.64e-10 s                 ; 4.47e-10 s                 ; Yes                       ; Yes                       ;
; InstructionOut[30] ; 2.5 V        ; 0 s                 ; 0 s                 ; 2.32 V                       ; 6.92e-07 V                   ; 2.35 V              ; -0.00996 V          ; 0.121 V                              ; 0.03 V                               ; 4.64e-10 s                  ; 4.47e-10 s                  ; Yes                        ; Yes                        ; 2.32 V                      ; 6.92e-07 V                  ; 2.35 V             ; -0.00996 V         ; 0.121 V                             ; 0.03 V                              ; 4.64e-10 s                 ; 4.47e-10 s                 ; Yes                       ; Yes                       ;
; InstructionOut[31] ; 2.5 V        ; 0 s                 ; 0 s                 ; 2.32 V                       ; 6.92e-07 V                   ; 2.35 V              ; -0.00996 V          ; 0.121 V                              ; 0.03 V                               ; 4.64e-10 s                  ; 4.47e-10 s                  ; Yes                        ; Yes                        ; 2.32 V                      ; 6.92e-07 V                  ; 2.35 V             ; -0.00996 V         ; 0.121 V                             ; 0.03 V                              ; 4.64e-10 s                 ; 4.47e-10 s                 ; Yes                       ; Yes                       ;
; BranchOut          ; 2.5 V        ; 0 s                 ; 0 s                 ; 2.32 V                       ; 6.92e-07 V                   ; 2.35 V              ; -0.00996 V          ; 0.121 V                              ; 0.03 V                               ; 4.64e-10 s                  ; 4.47e-10 s                  ; Yes                        ; Yes                        ; 2.32 V                      ; 6.92e-07 V                  ; 2.35 V             ; -0.00996 V         ; 0.121 V                             ; 0.03 V                              ; 4.64e-10 s                 ; 4.47e-10 s                 ; Yes                       ; Yes                       ;
; ZeroOut            ; 2.5 V        ; 0 s                 ; 0 s                 ; 2.32 V                       ; 6.92e-07 V                   ; 2.35 V              ; -0.00996 V          ; 0.121 V                              ; 0.03 V                               ; 4.64e-10 s                  ; 4.47e-10 s                  ; Yes                        ; Yes                        ; 2.32 V                      ; 6.92e-07 V                  ; 2.35 V             ; -0.00996 V         ; 0.121 V                             ; 0.03 V                              ; 4.64e-10 s                 ; 4.47e-10 s                 ; Yes                       ; Yes                       ;
; MemWriteOut        ; 2.5 V        ; 0 s                 ; 0 s                 ; 2.32 V                       ; 6.92e-07 V                   ; 2.35 V              ; -0.00996 V          ; 0.121 V                              ; 0.03 V                               ; 4.64e-10 s                  ; 4.47e-10 s                  ; Yes                        ; Yes                        ; 2.32 V                      ; 6.92e-07 V                  ; 2.35 V             ; -0.00996 V         ; 0.121 V                             ; 0.03 V                              ; 4.64e-10 s                 ; 4.47e-10 s                 ; Yes                       ; Yes                       ;
; RegWriteOut        ; 2.5 V        ; 0 s                 ; 0 s                 ; 2.32 V                       ; 4.67e-07 V                   ; 2.35 V              ; -0.00942 V          ; 0.116 V                              ; 0.033 V                              ; 6.66e-10 s                  ; 6.27e-10 s                  ; Yes                        ; Yes                        ; 2.32 V                      ; 4.67e-07 V                  ; 2.35 V             ; -0.00942 V         ; 0.116 V                             ; 0.033 V                             ; 6.66e-10 s                 ; 6.27e-10 s                 ; Yes                       ; Yes                       ;
; ~ALTERA_DCLK~      ; 2.5 V        ; 0 s                 ; 0 s                 ; 2.32 V                       ; 3.75e-07 V                   ; 2.35 V              ; -0.0109 V           ; 0.084 V                              ; 0.027 V                              ; 4.31e-10 s                  ; 3.61e-10 s                  ; Yes                        ; Yes                        ; 2.32 V                      ; 3.75e-07 V                  ; 2.35 V             ; -0.0109 V          ; 0.084 V                             ; 0.027 V                             ; 4.31e-10 s                 ; 3.61e-10 s                 ; Yes                       ; Yes                       ;
; ~ALTERA_nCEO~      ; 2.5 V        ; 0 s                 ; 0 s                 ; 2.32 V                       ; 6.15e-07 V                   ; 2.35 V              ; -0.00712 V          ; 0.093 V                              ; 0.02 V                               ; 6.21e-10 s                  ; 7.9e-10 s                   ; Yes                        ; Yes                        ; 2.32 V                      ; 6.15e-07 V                  ; 2.35 V             ; -0.00712 V         ; 0.093 V                             ; 0.02 V                              ; 6.21e-10 s                 ; 7.9e-10 s                  ; Yes                       ; Yes                       ;
+--------------------+--------------+---------------------+---------------------+------------------------------+------------------------------+---------------------+---------------------+--------------------------------------+--------------------------------------+-----------------------------+-----------------------------+----------------------------+----------------------------+-----------------------------+-----------------------------+--------------------+--------------------+-------------------------------------+-------------------------------------+----------------------------+----------------------------+---------------------------+---------------------------+


+-------------------------------------------------------------------------------------------------------------------------------------------------------------------------------------------------------------------------------------------------------------------------------------------------------------------------------------------------------------------------------------------------------------------------------------------------------------------------------------------------------------------------------------------------------------------------------------------------------------------------------------------------------------------------------------------------+
; Signal Integrity Metrics (Fast 1200mv 0c Model)                                                                                                                                                                                                                                                                                                                                                                                                                                                                                                                                                                                                                                                 ;
+--------------------+--------------+---------------------+---------------------+------------------------------+------------------------------+---------------------+---------------------+--------------------------------------+--------------------------------------+-----------------------------+-----------------------------+----------------------------+----------------------------+-----------------------------+-----------------------------+--------------------+--------------------+-------------------------------------+-------------------------------------+----------------------------+----------------------------+---------------------------+---------------------------+
; Pin                ; I/O Standard ; Board Delay on Rise ; Board Delay on Fall ; Steady State Voh at FPGA Pin ; Steady State Vol at FPGA Pin ; Voh Max at FPGA Pin ; Vol Min at FPGA Pin ; Ringback Voltage on Rise at FPGA Pin ; Ringback Voltage on Fall at FPGA Pin ; 10-90 Rise Time at FPGA Pin ; 90-10 Fall Time at FPGA Pin ; Monotonic Rise at FPGA Pin ; Monotonic Fall at FPGA Pin ; Steady State Voh at Far-end ; Steady State Vol at Far-end ; Voh Max at Far-end ; Vol Min at Far-end ; Ringback Voltage on Rise at Far-end ; Ringback Voltage on Fall at Far-end ; 10-90 Rise Time at Far-end ; 90-10 Fall Time at Far-end ; Monotonic Rise at Far-end ; Monotonic Fall at Far-end ;
+--------------------+--------------+---------------------+---------------------+------------------------------+------------------------------+---------------------+---------------------+--------------------------------------+--------------------------------------+-----------------------------+-----------------------------+----------------------------+----------------------------+-----------------------------+-----------------------------+--------------------+--------------------+-------------------------------------+-------------------------------------+----------------------------+----------------------------+---------------------------+---------------------------+
; MuxOut[0]          ; 2.5 V        ; 0 s                 ; 0 s                 ; 2.62 V                       ; 4.05e-08 V                   ; 2.72 V              ; -0.0349 V           ; 0.173 V                              ; 0.1 V                                ; 2.72e-10 s                  ; 2.69e-10 s                  ; Yes                        ; Yes                        ; 2.62 V                      ; 4.05e-08 V                  ; 2.72 V             ; -0.0349 V          ; 0.173 V                             ; 0.1 V                               ; 2.72e-10 s                 ; 2.69e-10 s                 ; Yes                       ; Yes                       ;
; MuxOut[1]          ; 2.5 V        ; 0 s                 ; 0 s                 ; 2.62 V                       ; 4.05e-08 V                   ; 2.72 V              ; -0.0349 V           ; 0.173 V                              ; 0.1 V                                ; 2.72e-10 s                  ; 2.69e-10 s                  ; Yes                        ; Yes                        ; 2.62 V                      ; 4.05e-08 V                  ; 2.72 V             ; -0.0349 V          ; 0.173 V                             ; 0.1 V                               ; 2.72e-10 s                 ; 2.69e-10 s                 ; Yes                       ; Yes                       ;
; MuxOut[2]          ; 2.5 V        ; 0 s                 ; 0 s                 ; 2.62 V                       ; 4.05e-08 V                   ; 2.72 V              ; -0.0349 V           ; 0.173 V                              ; 0.1 V                                ; 2.72e-10 s                  ; 2.69e-10 s                  ; Yes                        ; Yes                        ; 2.62 V                      ; 4.05e-08 V                  ; 2.72 V             ; -0.0349 V          ; 0.173 V                             ; 0.1 V                               ; 2.72e-10 s                 ; 2.69e-10 s                 ; Yes                       ; Yes                       ;
; MuxOut[3]          ; 2.5 V        ; 0 s                 ; 0 s                 ; 2.62 V                       ; 4.05e-08 V                   ; 2.72 V              ; -0.0349 V           ; 0.173 V                              ; 0.1 V                                ; 2.72e-10 s                  ; 2.69e-10 s                  ; Yes                        ; Yes                        ; 2.62 V                      ; 4.05e-08 V                  ; 2.72 V             ; -0.0349 V          ; 0.173 V                             ; 0.1 V                               ; 2.72e-10 s                 ; 2.69e-10 s                 ; Yes                       ; Yes                       ;
; MuxOut[4]          ; 2.5 V        ; 0 s                 ; 0 s                 ; 2.62 V                       ; 4.05e-08 V                   ; 2.72 V              ; -0.0349 V           ; 0.173 V                              ; 0.1 V                                ; 2.72e-10 s                  ; 2.69e-10 s                  ; Yes                        ; Yes                        ; 2.62 V                      ; 4.05e-08 V                  ; 2.72 V             ; -0.0349 V          ; 0.173 V                             ; 0.1 V                               ; 2.72e-10 s                 ; 2.69e-10 s                 ; Yes                       ; Yes                       ;
; MuxOut[5]          ; 2.5 V        ; 0 s                 ; 0 s                 ; 2.62 V                       ; 4.05e-08 V                   ; 2.72 V              ; -0.0349 V           ; 0.173 V                              ; 0.1 V                                ; 2.72e-10 s                  ; 2.69e-10 s                  ; Yes                        ; Yes                        ; 2.62 V                      ; 4.05e-08 V                  ; 2.72 V             ; -0.0349 V          ; 0.173 V                             ; 0.1 V                               ; 2.72e-10 s                 ; 2.69e-10 s                 ; Yes                       ; Yes                       ;
; MuxOut[6]          ; 2.5 V        ; 0 s                 ; 0 s                 ; 2.62 V                       ; 2.74e-08 V                   ; 2.71 V              ; -0.0317 V           ; 0.148 V                              ; 0.064 V                              ; 4.51e-10 s                  ; 4.15e-10 s                  ; No                         ; Yes                        ; 2.62 V                      ; 2.74e-08 V                  ; 2.71 V             ; -0.0317 V          ; 0.148 V                             ; 0.064 V                             ; 4.51e-10 s                 ; 4.15e-10 s                 ; No                        ; Yes                       ;
; MuxOut[7]          ; 2.5 V        ; 0 s                 ; 0 s                 ; 2.62 V                       ; 4.05e-08 V                   ; 2.72 V              ; -0.0349 V           ; 0.173 V                              ; 0.1 V                                ; 2.72e-10 s                  ; 2.69e-10 s                  ; Yes                        ; Yes                        ; 2.62 V                      ; 4.05e-08 V                  ; 2.72 V             ; -0.0349 V          ; 0.173 V                             ; 0.1 V                               ; 2.72e-10 s                 ; 2.69e-10 s                 ; Yes                       ; Yes                       ;
; MuxOut[8]          ; 2.5 V        ; 0 s                 ; 0 s                 ; 2.62 V                       ; 4.05e-08 V                   ; 2.72 V              ; -0.0349 V           ; 0.173 V                              ; 0.1 V                                ; 2.72e-10 s                  ; 2.69e-10 s                  ; Yes                        ; Yes                        ; 2.62 V                      ; 4.05e-08 V                  ; 2.72 V             ; -0.0349 V          ; 0.173 V                             ; 0.1 V                               ; 2.72e-10 s                 ; 2.69e-10 s                 ; Yes                       ; Yes                       ;
; MuxOut[9]          ; 2.5 V        ; 0 s                 ; 0 s                 ; 2.62 V                       ; 4.05e-08 V                   ; 2.72 V              ; -0.0349 V           ; 0.173 V                              ; 0.1 V                                ; 2.72e-10 s                  ; 2.69e-10 s                  ; Yes                        ; Yes                        ; 2.62 V                      ; 4.05e-08 V                  ; 2.72 V             ; -0.0349 V          ; 0.173 V                             ; 0.1 V                               ; 2.72e-10 s                 ; 2.69e-10 s                 ; Yes                       ; Yes                       ;
; MuxOut[10]         ; 2.5 V        ; 0 s                 ; 0 s                 ; 2.62 V                       ; 4.05e-08 V                   ; 2.72 V              ; -0.0349 V           ; 0.173 V                              ; 0.1 V                                ; 2.72e-10 s                  ; 2.69e-10 s                  ; Yes                        ; Yes                        ; 2.62 V                      ; 4.05e-08 V                  ; 2.72 V             ; -0.0349 V          ; 0.173 V                             ; 0.1 V                               ; 2.72e-10 s                 ; 2.69e-10 s                 ; Yes                       ; Yes                       ;
; MuxOut[11]         ; 2.5 V        ; 0 s                 ; 0 s                 ; 2.62 V                       ; 2.74e-08 V                   ; 2.71 V              ; -0.0317 V           ; 0.148 V                              ; 0.064 V                              ; 4.51e-10 s                  ; 4.15e-10 s                  ; No                         ; Yes                        ; 2.62 V                      ; 2.74e-08 V                  ; 2.71 V             ; -0.0317 V          ; 0.148 V                             ; 0.064 V                             ; 4.51e-10 s                 ; 4.15e-10 s                 ; No                        ; Yes                       ;
; MuxOut[12]         ; 2.5 V        ; 0 s                 ; 0 s                 ; 2.62 V                       ; 2.74e-08 V                   ; 2.71 V              ; -0.0317 V           ; 0.148 V                              ; 0.064 V                              ; 4.51e-10 s                  ; 4.15e-10 s                  ; No                         ; Yes                        ; 2.62 V                      ; 2.74e-08 V                  ; 2.71 V             ; -0.0317 V          ; 0.148 V                             ; 0.064 V                             ; 4.51e-10 s                 ; 4.15e-10 s                 ; No                        ; Yes                       ;
; MuxOut[13]         ; 2.5 V        ; 0 s                 ; 0 s                 ; 2.62 V                       ; 4.05e-08 V                   ; 2.72 V              ; -0.0349 V           ; 0.173 V                              ; 0.1 V                                ; 2.72e-10 s                  ; 2.69e-10 s                  ; Yes                        ; Yes                        ; 2.62 V                      ; 4.05e-08 V                  ; 2.72 V             ; -0.0349 V          ; 0.173 V                             ; 0.1 V                               ; 2.72e-10 s                 ; 2.69e-10 s                 ; Yes                       ; Yes                       ;
; MuxOut[14]         ; 2.5 V        ; 0 s                 ; 0 s                 ; 2.62 V                       ; 4.05e-08 V                   ; 2.72 V              ; -0.0349 V           ; 0.173 V                              ; 0.1 V                                ; 2.72e-10 s                  ; 2.69e-10 s                  ; Yes                        ; Yes                        ; 2.62 V                      ; 4.05e-08 V                  ; 2.72 V             ; -0.0349 V          ; 0.173 V                             ; 0.1 V                               ; 2.72e-10 s                 ; 2.69e-10 s                 ; Yes                       ; Yes                       ;
; MuxOut[15]         ; 2.5 V        ; 0 s                 ; 0 s                 ; 2.62 V                       ; 4.05e-08 V                   ; 2.72 V              ; -0.0349 V           ; 0.173 V                              ; 0.1 V                                ; 2.72e-10 s                  ; 2.69e-10 s                  ; Yes                        ; Yes                        ; 2.62 V                      ; 4.05e-08 V                  ; 2.72 V             ; -0.0349 V          ; 0.173 V                             ; 0.1 V                               ; 2.72e-10 s                 ; 2.69e-10 s                 ; Yes                       ; Yes                       ;
; MuxOut[16]         ; 2.5 V        ; 0 s                 ; 0 s                 ; 2.62 V                       ; 4.05e-08 V                   ; 2.72 V              ; -0.0349 V           ; 0.173 V                              ; 0.1 V                                ; 2.72e-10 s                  ; 2.69e-10 s                  ; Yes                        ; Yes                        ; 2.62 V                      ; 4.05e-08 V                  ; 2.72 V             ; -0.0349 V          ; 0.173 V                             ; 0.1 V                               ; 2.72e-10 s                 ; 2.69e-10 s                 ; Yes                       ; Yes                       ;
; MuxOut[17]         ; 2.5 V        ; 0 s                 ; 0 s                 ; 2.62 V                       ; 4.05e-08 V                   ; 2.72 V              ; -0.0349 V           ; 0.173 V                              ; 0.1 V                                ; 2.72e-10 s                  ; 2.69e-10 s                  ; Yes                        ; Yes                        ; 2.62 V                      ; 4.05e-08 V                  ; 2.72 V             ; -0.0349 V          ; 0.173 V                             ; 0.1 V                               ; 2.72e-10 s                 ; 2.69e-10 s                 ; Yes                       ; Yes                       ;
; MuxOut[18]         ; 2.5 V        ; 0 s                 ; 0 s                 ; 2.62 V                       ; 4.05e-08 V                   ; 2.72 V              ; -0.0349 V           ; 0.173 V                              ; 0.1 V                                ; 2.72e-10 s                  ; 2.69e-10 s                  ; Yes                        ; Yes                        ; 2.62 V                      ; 4.05e-08 V                  ; 2.72 V             ; -0.0349 V          ; 0.173 V                             ; 0.1 V                               ; 2.72e-10 s                 ; 2.69e-10 s                 ; Yes                       ; Yes                       ;
; MuxOut[19]         ; 2.5 V        ; 0 s                 ; 0 s                 ; 2.62 V                       ; 2.74e-08 V                   ; 2.71 V              ; -0.0317 V           ; 0.148 V                              ; 0.064 V                              ; 4.51e-10 s                  ; 4.15e-10 s                  ; No                         ; Yes                        ; 2.62 V                      ; 2.74e-08 V                  ; 2.71 V             ; -0.0317 V          ; 0.148 V                             ; 0.064 V                             ; 4.51e-10 s                 ; 4.15e-10 s                 ; No                        ; Yes                       ;
; MuxOut[20]         ; 2.5 V        ; 0 s                 ; 0 s                 ; 2.62 V                       ; 4.05e-08 V                   ; 2.72 V              ; -0.0349 V           ; 0.173 V                              ; 0.1 V                                ; 2.72e-10 s                  ; 2.69e-10 s                  ; Yes                        ; Yes                        ; 2.62 V                      ; 4.05e-08 V                  ; 2.72 V             ; -0.0349 V          ; 0.173 V                             ; 0.1 V                               ; 2.72e-10 s                 ; 2.69e-10 s                 ; Yes                       ; Yes                       ;
; MuxOut[21]         ; 2.5 V        ; 0 s                 ; 0 s                 ; 2.62 V                       ; 4.05e-08 V                   ; 2.72 V              ; -0.0349 V           ; 0.173 V                              ; 0.1 V                                ; 2.72e-10 s                  ; 2.69e-10 s                  ; Yes                        ; Yes                        ; 2.62 V                      ; 4.05e-08 V                  ; 2.72 V             ; -0.0349 V          ; 0.173 V                             ; 0.1 V                               ; 2.72e-10 s                 ; 2.69e-10 s                 ; Yes                       ; Yes                       ;
; MuxOut[22]         ; 2.5 V        ; 0 s                 ; 0 s                 ; 2.62 V                       ; 4.05e-08 V                   ; 2.72 V              ; -0.0349 V           ; 0.173 V                              ; 0.1 V                                ; 2.72e-10 s                  ; 2.69e-10 s                  ; Yes                        ; Yes                        ; 2.62 V                      ; 4.05e-08 V                  ; 2.72 V             ; -0.0349 V          ; 0.173 V                             ; 0.1 V                               ; 2.72e-10 s                 ; 2.69e-10 s                 ; Yes                       ; Yes                       ;
; MuxOut[23]         ; 2.5 V        ; 0 s                 ; 0 s                 ; 2.62 V                       ; 4.05e-08 V                   ; 2.72 V              ; -0.0349 V           ; 0.173 V                              ; 0.1 V                                ; 2.72e-10 s                  ; 2.69e-10 s                  ; Yes                        ; Yes                        ; 2.62 V                      ; 4.05e-08 V                  ; 2.72 V             ; -0.0349 V          ; 0.173 V                             ; 0.1 V                               ; 2.72e-10 s                 ; 2.69e-10 s                 ; Yes                       ; Yes                       ;
; MuxOut[24]         ; 2.5 V        ; 0 s                 ; 0 s                 ; 2.62 V                       ; 4.05e-08 V                   ; 2.72 V              ; -0.0349 V           ; 0.173 V                              ; 0.1 V                                ; 2.72e-10 s                  ; 2.69e-10 s                  ; Yes                        ; Yes                        ; 2.62 V                      ; 4.05e-08 V                  ; 2.72 V             ; -0.0349 V          ; 0.173 V                             ; 0.1 V                               ; 2.72e-10 s                 ; 2.69e-10 s                 ; Yes                       ; Yes                       ;
; MuxOut[25]         ; 2.5 V        ; 0 s                 ; 0 s                 ; 2.62 V                       ; 4.05e-08 V                   ; 2.72 V              ; -0.0349 V           ; 0.173 V                              ; 0.1 V                                ; 2.72e-10 s                  ; 2.69e-10 s                  ; Yes                        ; Yes                        ; 2.62 V                      ; 4.05e-08 V                  ; 2.72 V             ; -0.0349 V          ; 0.173 V                             ; 0.1 V                               ; 2.72e-10 s                 ; 2.69e-10 s                 ; Yes                       ; Yes                       ;
; MuxOut[26]         ; 2.5 V        ; 0 s                 ; 0 s                 ; 2.62 V                       ; 4.05e-08 V                   ; 2.72 V              ; -0.0349 V           ; 0.173 V                              ; 0.1 V                                ; 2.72e-10 s                  ; 2.69e-10 s                  ; Yes                        ; Yes                        ; 2.62 V                      ; 4.05e-08 V                  ; 2.72 V             ; -0.0349 V          ; 0.173 V                             ; 0.1 V                               ; 2.72e-10 s                 ; 2.69e-10 s                 ; Yes                       ; Yes                       ;
; MuxOut[27]         ; 2.5 V        ; 0 s                 ; 0 s                 ; 2.62 V                       ; 4.05e-08 V                   ; 2.72 V              ; -0.0349 V           ; 0.173 V                              ; 0.1 V                                ; 2.72e-10 s                  ; 2.69e-10 s                  ; Yes                        ; Yes                        ; 2.62 V                      ; 4.05e-08 V                  ; 2.72 V             ; -0.0349 V          ; 0.173 V                             ; 0.1 V                               ; 2.72e-10 s                 ; 2.69e-10 s                 ; Yes                       ; Yes                       ;
; MuxOut[28]         ; 2.5 V        ; 0 s                 ; 0 s                 ; 2.62 V                       ; 4.05e-08 V                   ; 2.64 V              ; -0.0113 V           ; 0.208 V                              ; 0.179 V                              ; 2.38e-09 s                  ; 2.23e-09 s                  ; No                         ; Yes                        ; 2.62 V                      ; 4.05e-08 V                  ; 2.64 V             ; -0.0113 V          ; 0.208 V                             ; 0.179 V                             ; 2.38e-09 s                 ; 2.23e-09 s                 ; No                        ; Yes                       ;
; MuxOut[29]         ; 2.5 V        ; 0 s                 ; 0 s                 ; 2.62 V                       ; 4.05e-08 V                   ; 2.72 V              ; -0.0349 V           ; 0.173 V                              ; 0.1 V                                ; 2.72e-10 s                  ; 2.69e-10 s                  ; Yes                        ; Yes                        ; 2.62 V                      ; 4.05e-08 V                  ; 2.72 V             ; -0.0349 V          ; 0.173 V                             ; 0.1 V                               ; 2.72e-10 s                 ; 2.69e-10 s                 ; Yes                       ; Yes                       ;
; MuxOut[30]         ; 2.5 V        ; 0 s                 ; 0 s                 ; 2.62 V                       ; 4.05e-08 V                   ; 2.72 V              ; -0.0349 V           ; 0.173 V                              ; 0.1 V                                ; 2.72e-10 s                  ; 2.69e-10 s                  ; Yes                        ; Yes                        ; 2.62 V                      ; 4.05e-08 V                  ; 2.72 V             ; -0.0349 V          ; 0.173 V                             ; 0.1 V                               ; 2.72e-10 s                 ; 2.69e-10 s                 ; Yes                       ; Yes                       ;
; MuxOut[31]         ; 2.5 V        ; 0 s                 ; 0 s                 ; 2.62 V                       ; 2.74e-08 V                   ; 2.71 V              ; -0.0317 V           ; 0.148 V                              ; 0.064 V                              ; 4.51e-10 s                  ; 4.15e-10 s                  ; No                         ; Yes                        ; 2.62 V                      ; 2.74e-08 V                  ; 2.71 V             ; -0.0317 V          ; 0.148 V                             ; 0.064 V                             ; 4.51e-10 s                 ; 4.15e-10 s                 ; No                        ; Yes                       ;
; InstructionOut[0]  ; 2.5 V        ; 0 s                 ; 0 s                 ; 2.62 V                       ; 4.05e-08 V                   ; 2.72 V              ; -0.0349 V           ; 0.173 V                              ; 0.1 V                                ; 2.72e-10 s                  ; 2.69e-10 s                  ; Yes                        ; Yes                        ; 2.62 V                      ; 4.05e-08 V                  ; 2.72 V             ; -0.0349 V          ; 0.173 V                             ; 0.1 V                               ; 2.72e-10 s                 ; 2.69e-10 s                 ; Yes                       ; Yes                       ;
; InstructionOut[1]  ; 2.5 V        ; 0 s                 ; 0 s                 ; 2.62 V                       ; 4.05e-08 V                   ; 2.72 V              ; -0.0349 V           ; 0.173 V                              ; 0.1 V                                ; 2.72e-10 s                  ; 2.69e-10 s                  ; Yes                        ; Yes                        ; 2.62 V                      ; 4.05e-08 V                  ; 2.72 V             ; -0.0349 V          ; 0.173 V                             ; 0.1 V                               ; 2.72e-10 s                 ; 2.69e-10 s                 ; Yes                       ; Yes                       ;
; InstructionOut[2]  ; 2.5 V        ; 0 s                 ; 0 s                 ; 2.62 V                       ; 4.05e-08 V                   ; 2.72 V              ; -0.0349 V           ; 0.173 V                              ; 0.1 V                                ; 2.72e-10 s                  ; 2.69e-10 s                  ; Yes                        ; Yes                        ; 2.62 V                      ; 4.05e-08 V                  ; 2.72 V             ; -0.0349 V          ; 0.173 V                             ; 0.1 V                               ; 2.72e-10 s                 ; 2.69e-10 s                 ; Yes                       ; Yes                       ;
; InstructionOut[3]  ; 2.5 V        ; 0 s                 ; 0 s                 ; 2.62 V                       ; 4.05e-08 V                   ; 2.72 V              ; -0.0349 V           ; 0.173 V                              ; 0.1 V                                ; 2.72e-10 s                  ; 2.69e-10 s                  ; Yes                        ; Yes                        ; 2.62 V                      ; 4.05e-08 V                  ; 2.72 V             ; -0.0349 V          ; 0.173 V                             ; 0.1 V                               ; 2.72e-10 s                 ; 2.69e-10 s                 ; Yes                       ; Yes                       ;
; InstructionOut[4]  ; 2.5 V        ; 0 s                 ; 0 s                 ; 2.62 V                       ; 4.05e-08 V                   ; 2.72 V              ; -0.0349 V           ; 0.173 V                              ; 0.1 V                                ; 2.72e-10 s                  ; 2.69e-10 s                  ; Yes                        ; Yes                        ; 2.62 V                      ; 4.05e-08 V                  ; 2.72 V             ; -0.0349 V          ; 0.173 V                             ; 0.1 V                               ; 2.72e-10 s                 ; 2.69e-10 s                 ; Yes                       ; Yes                       ;
; InstructionOut[5]  ; 2.5 V        ; 0 s                 ; 0 s                 ; 2.62 V                       ; 4.05e-08 V                   ; 2.72 V              ; -0.0349 V           ; 0.173 V                              ; 0.1 V                                ; 2.72e-10 s                  ; 2.69e-10 s                  ; Yes                        ; Yes                        ; 2.62 V                      ; 4.05e-08 V                  ; 2.72 V             ; -0.0349 V          ; 0.173 V                             ; 0.1 V                               ; 2.72e-10 s                 ; 2.69e-10 s                 ; Yes                       ; Yes                       ;
; InstructionOut[6]  ; 2.5 V        ; 0 s                 ; 0 s                 ; 2.62 V                       ; 2.74e-08 V                   ; 2.71 V              ; -0.0317 V           ; 0.148 V                              ; 0.064 V                              ; 4.51e-10 s                  ; 4.15e-10 s                  ; No                         ; Yes                        ; 2.62 V                      ; 2.74e-08 V                  ; 2.71 V             ; -0.0317 V          ; 0.148 V                             ; 0.064 V                             ; 4.51e-10 s                 ; 4.15e-10 s                 ; No                        ; Yes                       ;
; InstructionOut[7]  ; 2.5 V        ; 0 s                 ; 0 s                 ; 2.62 V                       ; 4.05e-08 V                   ; 2.72 V              ; -0.0349 V           ; 0.173 V                              ; 0.1 V                                ; 2.72e-10 s                  ; 2.69e-10 s                  ; Yes                        ; Yes                        ; 2.62 V                      ; 4.05e-08 V                  ; 2.72 V             ; -0.0349 V          ; 0.173 V                             ; 0.1 V                               ; 2.72e-10 s                 ; 2.69e-10 s                 ; Yes                       ; Yes                       ;
; InstructionOut[8]  ; 2.5 V        ; 0 s                 ; 0 s                 ; 2.62 V                       ; 4.05e-08 V                   ; 2.72 V              ; -0.0349 V           ; 0.173 V                              ; 0.1 V                                ; 2.72e-10 s                  ; 2.69e-10 s                  ; Yes                        ; Yes                        ; 2.62 V                      ; 4.05e-08 V                  ; 2.72 V             ; -0.0349 V          ; 0.173 V                             ; 0.1 V                               ; 2.72e-10 s                 ; 2.69e-10 s                 ; Yes                       ; Yes                       ;
; InstructionOut[9]  ; 2.5 V        ; 0 s                 ; 0 s                 ; 2.62 V                       ; 4.05e-08 V                   ; 2.72 V              ; -0.0349 V           ; 0.173 V                              ; 0.1 V                                ; 2.72e-10 s                  ; 2.69e-10 s                  ; Yes                        ; Yes                        ; 2.62 V                      ; 4.05e-08 V                  ; 2.72 V             ; -0.0349 V          ; 0.173 V                             ; 0.1 V                               ; 2.72e-10 s                 ; 2.69e-10 s                 ; Yes                       ; Yes                       ;
; InstructionOut[10] ; 2.5 V        ; 0 s                 ; 0 s                 ; 2.62 V                       ; 4.05e-08 V                   ; 2.72 V              ; -0.0349 V           ; 0.173 V                              ; 0.1 V                                ; 2.72e-10 s                  ; 2.69e-10 s                  ; Yes                        ; Yes                        ; 2.62 V                      ; 4.05e-08 V                  ; 2.72 V             ; -0.0349 V          ; 0.173 V                             ; 0.1 V                               ; 2.72e-10 s                 ; 2.69e-10 s                 ; Yes                       ; Yes                       ;
; InstructionOut[11] ; 2.5 V        ; 0 s                 ; 0 s                 ; 2.62 V                       ; 4.05e-08 V                   ; 2.72 V              ; -0.0349 V           ; 0.173 V                              ; 0.1 V                                ; 2.72e-10 s                  ; 2.69e-10 s                  ; Yes                        ; Yes                        ; 2.62 V                      ; 4.05e-08 V                  ; 2.72 V             ; -0.0349 V          ; 0.173 V                             ; 0.1 V                               ; 2.72e-10 s                 ; 2.69e-10 s                 ; Yes                       ; Yes                       ;
; InstructionOut[12] ; 2.5 V        ; 0 s                 ; 0 s                 ; 2.62 V                       ; 4.05e-08 V                   ; 2.72 V              ; -0.0349 V           ; 0.173 V                              ; 0.1 V                                ; 2.72e-10 s                  ; 2.69e-10 s                  ; Yes                        ; Yes                        ; 2.62 V                      ; 4.05e-08 V                  ; 2.72 V             ; -0.0349 V          ; 0.173 V                             ; 0.1 V                               ; 2.72e-10 s                 ; 2.69e-10 s                 ; Yes                       ; Yes                       ;
; InstructionOut[13] ; 2.5 V        ; 0 s                 ; 0 s                 ; 2.62 V                       ; 2.74e-08 V                   ; 2.71 V              ; -0.0317 V           ; 0.148 V                              ; 0.064 V                              ; 4.51e-10 s                  ; 4.15e-10 s                  ; No                         ; Yes                        ; 2.62 V                      ; 2.74e-08 V                  ; 2.71 V             ; -0.0317 V          ; 0.148 V                             ; 0.064 V                             ; 4.51e-10 s                 ; 4.15e-10 s                 ; No                        ; Yes                       ;
; InstructionOut[14] ; 2.5 V        ; 0 s                 ; 0 s                 ; 2.62 V                       ; 4.05e-08 V                   ; 2.72 V              ; -0.0349 V           ; 0.173 V                              ; 0.1 V                                ; 2.72e-10 s                  ; 2.69e-10 s                  ; Yes                        ; Yes                        ; 2.62 V                      ; 4.05e-08 V                  ; 2.72 V             ; -0.0349 V          ; 0.173 V                             ; 0.1 V                               ; 2.72e-10 s                 ; 2.69e-10 s                 ; Yes                       ; Yes                       ;
; InstructionOut[15] ; 2.5 V        ; 0 s                 ; 0 s                 ; 2.62 V                       ; 4.05e-08 V                   ; 2.72 V              ; -0.0349 V           ; 0.173 V                              ; 0.1 V                                ; 2.72e-10 s                  ; 2.69e-10 s                  ; Yes                        ; Yes                        ; 2.62 V                      ; 4.05e-08 V                  ; 2.72 V             ; -0.0349 V          ; 0.173 V                             ; 0.1 V                               ; 2.72e-10 s                 ; 2.69e-10 s                 ; Yes                       ; Yes                       ;
; InstructionOut[16] ; 2.5 V        ; 0 s                 ; 0 s                 ; 2.62 V                       ; 2.74e-08 V                   ; 2.71 V              ; -0.0317 V           ; 0.148 V                              ; 0.064 V                              ; 4.51e-10 s                  ; 4.15e-10 s                  ; No                         ; Yes                        ; 2.62 V                      ; 2.74e-08 V                  ; 2.71 V             ; -0.0317 V          ; 0.148 V                             ; 0.064 V                             ; 4.51e-10 s                 ; 4.15e-10 s                 ; No                        ; Yes                       ;
; InstructionOut[17] ; 2.5 V        ; 0 s                 ; 0 s                 ; 2.62 V                       ; 4.05e-08 V                   ; 2.72 V              ; -0.0349 V           ; 0.173 V                              ; 0.1 V                                ; 2.72e-10 s                  ; 2.69e-10 s                  ; Yes                        ; Yes                        ; 2.62 V                      ; 4.05e-08 V                  ; 2.72 V             ; -0.0349 V          ; 0.173 V                             ; 0.1 V                               ; 2.72e-10 s                 ; 2.69e-10 s                 ; Yes                       ; Yes                       ;
; InstructionOut[18] ; 2.5 V        ; 0 s                 ; 0 s                 ; 2.62 V                       ; 4.05e-08 V                   ; 2.72 V              ; -0.0349 V           ; 0.173 V                              ; 0.1 V                                ; 2.72e-10 s                  ; 2.69e-10 s                  ; Yes                        ; Yes                        ; 2.62 V                      ; 4.05e-08 V                  ; 2.72 V             ; -0.0349 V          ; 0.173 V                             ; 0.1 V                               ; 2.72e-10 s                 ; 2.69e-10 s                 ; Yes                       ; Yes                       ;
; InstructionOut[19] ; 2.5 V        ; 0 s                 ; 0 s                 ; 2.62 V                       ; 4.05e-08 V                   ; 2.72 V              ; -0.0349 V           ; 0.173 V                              ; 0.1 V                                ; 2.72e-10 s                  ; 2.69e-10 s                  ; Yes                        ; Yes                        ; 2.62 V                      ; 4.05e-08 V                  ; 2.72 V             ; -0.0349 V          ; 0.173 V                             ; 0.1 V                               ; 2.72e-10 s                 ; 2.69e-10 s                 ; Yes                       ; Yes                       ;
; InstructionOut[20] ; 2.5 V        ; 0 s                 ; 0 s                 ; 2.62 V                       ; 4.05e-08 V                   ; 2.72 V              ; -0.0349 V           ; 0.173 V                              ; 0.1 V                                ; 2.72e-10 s                  ; 2.69e-10 s                  ; Yes                        ; Yes                        ; 2.62 V                      ; 4.05e-08 V                  ; 2.72 V             ; -0.0349 V          ; 0.173 V                             ; 0.1 V                               ; 2.72e-10 s                 ; 2.69e-10 s                 ; Yes                       ; Yes                       ;
; InstructionOut[21] ; 2.5 V        ; 0 s                 ; 0 s                 ; 2.62 V                       ; 4.05e-08 V                   ; 2.72 V              ; -0.0349 V           ; 0.173 V                              ; 0.1 V                                ; 2.72e-10 s                  ; 2.69e-10 s                  ; Yes                        ; Yes                        ; 2.62 V                      ; 4.05e-08 V                  ; 2.72 V             ; -0.0349 V          ; 0.173 V                             ; 0.1 V                               ; 2.72e-10 s                 ; 2.69e-10 s                 ; Yes                       ; Yes                       ;
; InstructionOut[22] ; 2.5 V        ; 0 s                 ; 0 s                 ; 2.62 V                       ; 4.05e-08 V                   ; 2.72 V              ; -0.0349 V           ; 0.173 V                              ; 0.1 V                                ; 2.72e-10 s                  ; 2.69e-10 s                  ; Yes                        ; Yes                        ; 2.62 V                      ; 4.05e-08 V                  ; 2.72 V             ; -0.0349 V          ; 0.173 V                             ; 0.1 V                               ; 2.72e-10 s                 ; 2.69e-10 s                 ; Yes                       ; Yes                       ;
; InstructionOut[23] ; 2.5 V        ; 0 s                 ; 0 s                 ; 2.62 V                       ; 4.05e-08 V                   ; 2.72 V              ; -0.0349 V           ; 0.173 V                              ; 0.1 V                                ; 2.72e-10 s                  ; 2.69e-10 s                  ; Yes                        ; Yes                        ; 2.62 V                      ; 4.05e-08 V                  ; 2.72 V             ; -0.0349 V          ; 0.173 V                             ; 0.1 V                               ; 2.72e-10 s                 ; 2.69e-10 s                 ; Yes                       ; Yes                       ;
; InstructionOut[24] ; 2.5 V        ; 0 s                 ; 0 s                 ; 2.62 V                       ; 4.05e-08 V                   ; 2.72 V              ; -0.0349 V           ; 0.173 V                              ; 0.1 V                                ; 2.72e-10 s                  ; 2.69e-10 s                  ; Yes                        ; Yes                        ; 2.62 V                      ; 4.05e-08 V                  ; 2.72 V             ; -0.0349 V          ; 0.173 V                             ; 0.1 V                               ; 2.72e-10 s                 ; 2.69e-10 s                 ; Yes                       ; Yes                       ;
; InstructionOut[25] ; 2.5 V        ; 0 s                 ; 0 s                 ; 2.62 V                       ; 4.05e-08 V                   ; 2.72 V              ; -0.0349 V           ; 0.173 V                              ; 0.1 V                                ; 2.72e-10 s                  ; 2.69e-10 s                  ; Yes                        ; Yes                        ; 2.62 V                      ; 4.05e-08 V                  ; 2.72 V             ; -0.0349 V          ; 0.173 V                             ; 0.1 V                               ; 2.72e-10 s                 ; 2.69e-10 s                 ; Yes                       ; Yes                       ;
; InstructionOut[26] ; 2.5 V        ; 0 s                 ; 0 s                 ; 2.62 V                       ; 4.05e-08 V                   ; 2.72 V              ; -0.0349 V           ; 0.173 V                              ; 0.1 V                                ; 2.72e-10 s                  ; 2.69e-10 s                  ; Yes                        ; Yes                        ; 2.62 V                      ; 4.05e-08 V                  ; 2.72 V             ; -0.0349 V          ; 0.173 V                             ; 0.1 V                               ; 2.72e-10 s                 ; 2.69e-10 s                 ; Yes                       ; Yes                       ;
; InstructionOut[27] ; 2.5 V        ; 0 s                 ; 0 s                 ; 2.62 V                       ; 4.05e-08 V                   ; 2.72 V              ; -0.0349 V           ; 0.173 V                              ; 0.1 V                                ; 2.72e-10 s                  ; 2.69e-10 s                  ; Yes                        ; Yes                        ; 2.62 V                      ; 4.05e-08 V                  ; 2.72 V             ; -0.0349 V          ; 0.173 V                             ; 0.1 V                               ; 2.72e-10 s                 ; 2.69e-10 s                 ; Yes                       ; Yes                       ;
; InstructionOut[28] ; 2.5 V        ; 0 s                 ; 0 s                 ; 2.62 V                       ; 4.05e-08 V                   ; 2.64 V              ; -0.0113 V           ; 0.208 V                              ; 0.179 V                              ; 2.38e-09 s                  ; 2.23e-09 s                  ; No                         ; Yes                        ; 2.62 V                      ; 4.05e-08 V                  ; 2.64 V             ; -0.0113 V          ; 0.208 V                             ; 0.179 V                             ; 2.38e-09 s                 ; 2.23e-09 s                 ; No                        ; Yes                       ;
; InstructionOut[29] ; 2.5 V        ; 0 s                 ; 0 s                 ; 2.62 V                       ; 4.05e-08 V                   ; 2.72 V              ; -0.0349 V           ; 0.173 V                              ; 0.1 V                                ; 2.72e-10 s                  ; 2.69e-10 s                  ; Yes                        ; Yes                        ; 2.62 V                      ; 4.05e-08 V                  ; 2.72 V             ; -0.0349 V          ; 0.173 V                             ; 0.1 V                               ; 2.72e-10 s                 ; 2.69e-10 s                 ; Yes                       ; Yes                       ;
; InstructionOut[30] ; 2.5 V        ; 0 s                 ; 0 s                 ; 2.62 V                       ; 4.05e-08 V                   ; 2.72 V              ; -0.0349 V           ; 0.173 V                              ; 0.1 V                                ; 2.72e-10 s                  ; 2.69e-10 s                  ; Yes                        ; Yes                        ; 2.62 V                      ; 4.05e-08 V                  ; 2.72 V             ; -0.0349 V          ; 0.173 V                             ; 0.1 V                               ; 2.72e-10 s                 ; 2.69e-10 s                 ; Yes                       ; Yes                       ;
; InstructionOut[31] ; 2.5 V        ; 0 s                 ; 0 s                 ; 2.62 V                       ; 4.05e-08 V                   ; 2.72 V              ; -0.0349 V           ; 0.173 V                              ; 0.1 V                                ; 2.72e-10 s                  ; 2.69e-10 s                  ; Yes                        ; Yes                        ; 2.62 V                      ; 4.05e-08 V                  ; 2.72 V             ; -0.0349 V          ; 0.173 V                             ; 0.1 V                               ; 2.72e-10 s                 ; 2.69e-10 s                 ; Yes                       ; Yes                       ;
; BranchOut          ; 2.5 V        ; 0 s                 ; 0 s                 ; 2.62 V                       ; 4.05e-08 V                   ; 2.72 V              ; -0.0349 V           ; 0.173 V                              ; 0.1 V                                ; 2.72e-10 s                  ; 2.69e-10 s                  ; Yes                        ; Yes                        ; 2.62 V                      ; 4.05e-08 V                  ; 2.72 V             ; -0.0349 V          ; 0.173 V                             ; 0.1 V                               ; 2.72e-10 s                 ; 2.69e-10 s                 ; Yes                       ; Yes                       ;
; ZeroOut            ; 2.5 V        ; 0 s                 ; 0 s                 ; 2.62 V                       ; 4.05e-08 V                   ; 2.72 V              ; -0.0349 V           ; 0.173 V                              ; 0.1 V                                ; 2.72e-10 s                  ; 2.69e-10 s                  ; Yes                        ; Yes                        ; 2.62 V                      ; 4.05e-08 V                  ; 2.72 V             ; -0.0349 V          ; 0.173 V                             ; 0.1 V                               ; 2.72e-10 s                 ; 2.69e-10 s                 ; Yes                       ; Yes                       ;
; MemWriteOut        ; 2.5 V        ; 0 s                 ; 0 s                 ; 2.62 V                       ; 4.05e-08 V                   ; 2.72 V              ; -0.0349 V           ; 0.173 V                              ; 0.1 V                                ; 2.72e-10 s                  ; 2.69e-10 s                  ; Yes                        ; Yes                        ; 2.62 V                      ; 4.05e-08 V                  ; 2.72 V             ; -0.0349 V          ; 0.173 V                             ; 0.1 V                               ; 2.72e-10 s                 ; 2.69e-10 s                 ; Yes                       ; Yes                       ;
; RegWriteOut        ; 2.5 V        ; 0 s                 ; 0 s                 ; 2.62 V                       ; 2.74e-08 V                   ; 2.71 V              ; -0.0317 V           ; 0.148 V                              ; 0.064 V                              ; 4.51e-10 s                  ; 4.15e-10 s                  ; No                         ; Yes                        ; 2.62 V                      ; 2.74e-08 V                  ; 2.71 V             ; -0.0317 V          ; 0.148 V                             ; 0.064 V                             ; 4.51e-10 s                 ; 4.15e-10 s                 ; No                        ; Yes                       ;
; ~ALTERA_DCLK~      ; 2.5 V        ; 0 s                 ; 0 s                 ; 2.62 V                       ; 2.22e-08 V                   ; 2.74 V              ; -0.06 V             ; 0.158 V                              ; 0.08 V                               ; 2.68e-10 s                  ; 2.19e-10 s                  ; Yes                        ; Yes                        ; 2.62 V                      ; 2.22e-08 V                  ; 2.74 V             ; -0.06 V            ; 0.158 V                             ; 0.08 V                              ; 2.68e-10 s                 ; 2.19e-10 s                 ; Yes                       ; Yes                       ;
; ~ALTERA_nCEO~      ; 2.5 V        ; 0 s                 ; 0 s                 ; 2.62 V                       ; 3.54e-08 V                   ; 2.7 V               ; -0.00943 V          ; 0.276 V                              ; 0.035 V                              ; 3.19e-10 s                  ; 4.99e-10 s                  ; No                         ; Yes                        ; 2.62 V                      ; 3.54e-08 V                  ; 2.7 V              ; -0.00943 V         ; 0.276 V                             ; 0.035 V                             ; 3.19e-10 s                 ; 4.99e-10 s                 ; No                        ; Yes                       ;
+--------------------+--------------+---------------------+---------------------+------------------------------+------------------------------+---------------------+---------------------+--------------------------------------+--------------------------------------+-----------------------------+-----------------------------+----------------------------+----------------------------+-----------------------------+-----------------------------+--------------------+--------------------+-------------------------------------+-------------------------------------+----------------------------+----------------------------+---------------------------+---------------------------+


+-----------------------------------------------------------------------+
; Setup Transfers                                                       ;
+------------+----------+--------------+----------+----------+----------+
; From Clock ; To Clock ; RR Paths     ; FR Paths ; RF Paths ; FF Paths ;
+------------+----------+--------------+----------+----------+----------+
; gclock     ; gclock   ; > 2147483647 ; 0        ; 0        ; 0        ;
+------------+----------+--------------+----------+----------+----------+
Entries labeled "false path" only account for clock-to-clock false paths and not path-based false paths. As a result, actual path counts may be lower than reported.


+-----------------------------------------------------------------------+
; Hold Transfers                                                        ;
+------------+----------+--------------+----------+----------+----------+
; From Clock ; To Clock ; RR Paths     ; FR Paths ; RF Paths ; FF Paths ;
+------------+----------+--------------+----------+----------+----------+
; gclock     ; gclock   ; > 2147483647 ; 0        ; 0        ; 0        ;
+------------+----------+--------------+----------+----------+----------+
Entries labeled "false path" only account for clock-to-clock false paths and not path-based false paths. As a result, actual path counts may be lower than reported.


---------------
; Report TCCS ;
---------------
No dedicated SERDES Transmitter circuitry present in device or used in design


---------------
; Report RSKM ;
---------------
No non-DPA dedicated SERDES Receiver circuitry present in device or used in design


+-------------------------------------------------+
; Unconstrained Paths Summary                     ;
+---------------------------------+-------+-------+
; Property                        ; Setup ; Hold  ;
+---------------------------------+-------+-------+
; Illegal Clocks                  ; 0     ; 0     ;
; Unconstrained Clocks            ; 0     ; 0     ;
; Unconstrained Input Ports       ; 7     ; 7     ;
; Unconstrained Input Port Paths  ; 1021  ; 1021  ;
; Unconstrained Output Ports      ; 68    ; 68    ;
; Unconstrained Output Port Paths ; 15582 ; 15582 ;
+---------------------------------+-------+-------+


+--------------------------------------+
; Clock Status Summary                 ;
+--------+--------+------+-------------+
; Target ; Clock  ; Type ; Status      ;
+--------+--------+------+-------------+
; gclock ; gclock ; Base ; Constrained ;
+--------+--------+------+-------------+


+-------------------------------------------------------------------------------------------------------+
; Unconstrained Input Ports                                                                             ;
+----------------+--------------------------------------------------------------------------------------+
; Input Port     ; Comment                                                                              ;
+----------------+--------------------------------------------------------------------------------------+
; InstrSelect[0] ; No input delay, min/max delays, false-path exceptions, or max skew assignments found ;
; InstrSelect[1] ; No input delay, min/max delays, false-path exceptions, or max skew assignments found ;
; InstrSelect[2] ; No input delay, min/max delays, false-path exceptions, or max skew assignments found ;
; ValueSelect[0] ; No input delay, min/max delays, false-path exceptions, or max skew assignments found ;
; ValueSelect[1] ; No input delay, min/max delays, false-path exceptions, or max skew assignments found ;
; ValueSelect[2] ; No input delay, min/max delays, false-path exceptions, or max skew assignments found ;
; greset         ; No input delay, min/max delays, false-path exceptions, or max skew assignments found ;
+----------------+--------------------------------------------------------------------------------------+


+------------------------------------------------------------------------------------------------------------+
; Unconstrained Output Ports                                                                                 ;
+--------------------+---------------------------------------------------------------------------------------+
; Output Port        ; Comment                                                                               ;
+--------------------+---------------------------------------------------------------------------------------+
; BranchOut          ; No output delay, min/max delays, false-path exceptions, or max skew assignments found ;
; InstructionOut[0]  ; No output delay, min/max delays, false-path exceptions, or max skew assignments found ;
; InstructionOut[1]  ; No output delay, min/max delays, false-path exceptions, or max skew assignments found ;
; InstructionOut[2]  ; No output delay, min/max delays, false-path exceptions, or max skew assignments found ;
; InstructionOut[3]  ; No output delay, min/max delays, false-path exceptions, or max skew assignments found ;
; InstructionOut[4]  ; No output delay, min/max delays, false-path exceptions, or max skew assignments found ;
; InstructionOut[5]  ; No output delay, min/max delays, false-path exceptions, or max skew assignments found ;
; InstructionOut[6]  ; No output delay, min/max delays, false-path exceptions, or max skew assignments found ;
; InstructionOut[7]  ; No output delay, min/max delays, false-path exceptions, or max skew assignments found ;
; InstructionOut[8]  ; No output delay, min/max delays, false-path exceptions, or max skew assignments found ;
; InstructionOut[9]  ; No output delay, min/max delays, false-path exceptions, or max skew assignments found ;
; InstructionOut[10] ; No output delay, min/max delays, false-path exceptions, or max skew assignments found ;
; InstructionOut[11] ; No output delay, min/max delays, false-path exceptions, or max skew assignments found ;
; InstructionOut[12] ; No output delay, min/max delays, false-path exceptions, or max skew assignments found ;
; InstructionOut[13] ; No output delay, min/max delays, false-path exceptions, or max skew assignments found ;
; InstructionOut[14] ; No output delay, min/max delays, false-path exceptions, or max skew assignments found ;
; InstructionOut[15] ; No output delay, min/max delays, false-path exceptions, or max skew assignments found ;
; InstructionOut[16] ; No output delay, min/max delays, false-path exceptions, or max skew assignments found ;
; InstructionOut[17] ; No output delay, min/max delays, false-path exceptions, or max skew assignments found ;
; InstructionOut[18] ; No output delay, min/max delays, false-path exceptions, or max skew assignments found ;
; InstructionOut[19] ; No output delay, min/max delays, false-path exceptions, or max skew assignments found ;
; InstructionOut[20] ; No output delay, min/max delays, false-path exceptions, or max skew assignments found ;
; InstructionOut[21] ; No output delay, min/max delays, false-path exceptions, or max skew assignments found ;
; InstructionOut[22] ; No output delay, min/max delays, false-path exceptions, or max skew assignments found ;
; InstructionOut[23] ; No output delay, min/max delays, false-path exceptions, or max skew assignments found ;
; InstructionOut[24] ; No output delay, min/max delays, false-path exceptions, or max skew assignments found ;
; InstructionOut[25] ; No output delay, min/max delays, false-path exceptions, or max skew assignments found ;
; InstructionOut[26] ; No output delay, min/max delays, false-path exceptions, or max skew assignments found ;
; InstructionOut[27] ; No output delay, min/max delays, false-path exceptions, or max skew assignments found ;
; InstructionOut[28] ; No output delay, min/max delays, false-path exceptions, or max skew assignments found ;
; InstructionOut[29] ; No output delay, min/max delays, false-path exceptions, or max skew assignments found ;
; InstructionOut[30] ; No output delay, min/max delays, false-path exceptions, or max skew assignments found ;
; InstructionOut[31] ; No output delay, min/max delays, false-path exceptions, or max skew assignments found ;
; MemWriteOut        ; No output delay, min/max delays, false-path exceptions, or max skew assignments found ;
; MuxOut[0]          ; No output delay, min/max delays, false-path exceptions, or max skew assignments found ;
; MuxOut[1]          ; No output delay, min/max delays, false-path exceptions, or max skew assignments found ;
; MuxOut[2]          ; No output delay, min/max delays, false-path exceptions, or max skew assignments found ;
; MuxOut[3]          ; No output delay, min/max delays, false-path exceptions, or max skew assignments found ;
; MuxOut[4]          ; No output delay, min/max delays, false-path exceptions, or max skew assignments found ;
; MuxOut[5]          ; No output delay, min/max delays, false-path exceptions, or max skew assignments found ;
; MuxOut[6]          ; No output delay, min/max delays, false-path exceptions, or max skew assignments found ;
; MuxOut[7]          ; No output delay, min/max delays, false-path exceptions, or max skew assignments found ;
; MuxOut[8]          ; No output delay, min/max delays, false-path exceptions, or max skew assignments found ;
; MuxOut[9]          ; No output delay, min/max delays, false-path exceptions, or max skew assignments found ;
; MuxOut[10]         ; No output delay, min/max delays, false-path exceptions, or max skew assignments found ;
; MuxOut[11]         ; No output delay, min/max delays, false-path exceptions, or max skew assignments found ;
; MuxOut[12]         ; No output delay, min/max delays, false-path exceptions, or max skew assignments found ;
; MuxOut[13]         ; No output delay, min/max delays, false-path exceptions, or max skew assignments found ;
; MuxOut[14]         ; No output delay, min/max delays, false-path exceptions, or max skew assignments found ;
; MuxOut[15]         ; No output delay, min/max delays, false-path exceptions, or max skew assignments found ;
; MuxOut[16]         ; No output delay, min/max delays, false-path exceptions, or max skew assignments found ;
; MuxOut[17]         ; No output delay, min/max delays, false-path exceptions, or max skew assignments found ;
; MuxOut[18]         ; No output delay, min/max delays, false-path exceptions, or max skew assignments found ;
; MuxOut[19]         ; No output delay, min/max delays, false-path exceptions, or max skew assignments found ;
; MuxOut[20]         ; No output delay, min/max delays, false-path exceptions, or max skew assignments found ;
; MuxOut[21]         ; No output delay, min/max delays, false-path exceptions, or max skew assignments found ;
; MuxOut[22]         ; No output delay, min/max delays, false-path exceptions, or max skew assignments found ;
; MuxOut[23]         ; No output delay, min/max delays, false-path exceptions, or max skew assignments found ;
; MuxOut[24]         ; No output delay, min/max delays, false-path exceptions, or max skew assignments found ;
; MuxOut[25]         ; No output delay, min/max delays, false-path exceptions, or max skew assignments found ;
; MuxOut[26]         ; No output delay, min/max delays, false-path exceptions, or max skew assignments found ;
; MuxOut[27]         ; No output delay, min/max delays, false-path exceptions, or max skew assignments found ;
; MuxOut[28]         ; No output delay, min/max delays, false-path exceptions, or max skew assignments found ;
; MuxOut[29]         ; No output delay, min/max delays, false-path exceptions, or max skew assignments found ;
; MuxOut[30]         ; No output delay, min/max delays, false-path exceptions, or max skew assignments found ;
; MuxOut[31]         ; No output delay, min/max delays, false-path exceptions, or max skew assignments found ;
; RegWriteOut        ; No output delay, min/max delays, false-path exceptions, or max skew assignments found ;
; ZeroOut            ; No output delay, min/max delays, false-path exceptions, or max skew assignments found ;
+--------------------+---------------------------------------------------------------------------------------+


+-------------------------------------------------------------------------------------------------------+
; Unconstrained Input Ports                                                                             ;
+----------------+--------------------------------------------------------------------------------------+
; Input Port     ; Comment                                                                              ;
+----------------+--------------------------------------------------------------------------------------+
; InstrSelect[0] ; No input delay, min/max delays, false-path exceptions, or max skew assignments found ;
; InstrSelect[1] ; No input delay, min/max delays, false-path exceptions, or max skew assignments found ;
; InstrSelect[2] ; No input delay, min/max delays, false-path exceptions, or max skew assignments found ;
; ValueSelect[0] ; No input delay, min/max delays, false-path exceptions, or max skew assignments found ;
; ValueSelect[1] ; No input delay, min/max delays, false-path exceptions, or max skew assignments found ;
; ValueSelect[2] ; No input delay, min/max delays, false-path exceptions, or max skew assignments found ;
; greset         ; No input delay, min/max delays, false-path exceptions, or max skew assignments found ;
+----------------+--------------------------------------------------------------------------------------+


+------------------------------------------------------------------------------------------------------------+
; Unconstrained Output Ports                                                                                 ;
+--------------------+---------------------------------------------------------------------------------------+
; Output Port        ; Comment                                                                               ;
+--------------------+---------------------------------------------------------------------------------------+
; BranchOut          ; No output delay, min/max delays, false-path exceptions, or max skew assignments found ;
; InstructionOut[0]  ; No output delay, min/max delays, false-path exceptions, or max skew assignments found ;
; InstructionOut[1]  ; No output delay, min/max delays, false-path exceptions, or max skew assignments found ;
; InstructionOut[2]  ; No output delay, min/max delays, false-path exceptions, or max skew assignments found ;
; InstructionOut[3]  ; No output delay, min/max delays, false-path exceptions, or max skew assignments found ;
; InstructionOut[4]  ; No output delay, min/max delays, false-path exceptions, or max skew assignments found ;
; InstructionOut[5]  ; No output delay, min/max delays, false-path exceptions, or max skew assignments found ;
; InstructionOut[6]  ; No output delay, min/max delays, false-path exceptions, or max skew assignments found ;
; InstructionOut[7]  ; No output delay, min/max delays, false-path exceptions, or max skew assignments found ;
; InstructionOut[8]  ; No output delay, min/max delays, false-path exceptions, or max skew assignments found ;
; InstructionOut[9]  ; No output delay, min/max delays, false-path exceptions, or max skew assignments found ;
; InstructionOut[10] ; No output delay, min/max delays, false-path exceptions, or max skew assignments found ;
; InstructionOut[11] ; No output delay, min/max delays, false-path exceptions, or max skew assignments found ;
; InstructionOut[12] ; No output delay, min/max delays, false-path exceptions, or max skew assignments found ;
; InstructionOut[13] ; No output delay, min/max delays, false-path exceptions, or max skew assignments found ;
; InstructionOut[14] ; No output delay, min/max delays, false-path exceptions, or max skew assignments found ;
; InstructionOut[15] ; No output delay, min/max delays, false-path exceptions, or max skew assignments found ;
; InstructionOut[16] ; No output delay, min/max delays, false-path exceptions, or max skew assignments found ;
; InstructionOut[17] ; No output delay, min/max delays, false-path exceptions, or max skew assignments found ;
; InstructionOut[18] ; No output delay, min/max delays, false-path exceptions, or max skew assignments found ;
; InstructionOut[19] ; No output delay, min/max delays, false-path exceptions, or max skew assignments found ;
; InstructionOut[20] ; No output delay, min/max delays, false-path exceptions, or max skew assignments found ;
; InstructionOut[21] ; No output delay, min/max delays, false-path exceptions, or max skew assignments found ;
; InstructionOut[22] ; No output delay, min/max delays, false-path exceptions, or max skew assignments found ;
; InstructionOut[23] ; No output delay, min/max delays, false-path exceptions, or max skew assignments found ;
; InstructionOut[24] ; No output delay, min/max delays, false-path exceptions, or max skew assignments found ;
; InstructionOut[25] ; No output delay, min/max delays, false-path exceptions, or max skew assignments found ;
; InstructionOut[26] ; No output delay, min/max delays, false-path exceptions, or max skew assignments found ;
; InstructionOut[27] ; No output delay, min/max delays, false-path exceptions, or max skew assignments found ;
; InstructionOut[28] ; No output delay, min/max delays, false-path exceptions, or max skew assignments found ;
; InstructionOut[29] ; No output delay, min/max delays, false-path exceptions, or max skew assignments found ;
; InstructionOut[30] ; No output delay, min/max delays, false-path exceptions, or max skew assignments found ;
; InstructionOut[31] ; No output delay, min/max delays, false-path exceptions, or max skew assignments found ;
; MemWriteOut        ; No output delay, min/max delays, false-path exceptions, or max skew assignments found ;
; MuxOut[0]          ; No output delay, min/max delays, false-path exceptions, or max skew assignments found ;
; MuxOut[1]          ; No output delay, min/max delays, false-path exceptions, or max skew assignments found ;
; MuxOut[2]          ; No output delay, min/max delays, false-path exceptions, or max skew assignments found ;
; MuxOut[3]          ; No output delay, min/max delays, false-path exceptions, or max skew assignments found ;
; MuxOut[4]          ; No output delay, min/max delays, false-path exceptions, or max skew assignments found ;
; MuxOut[5]          ; No output delay, min/max delays, false-path exceptions, or max skew assignments found ;
; MuxOut[6]          ; No output delay, min/max delays, false-path exceptions, or max skew assignments found ;
; MuxOut[7]          ; No output delay, min/max delays, false-path exceptions, or max skew assignments found ;
; MuxOut[8]          ; No output delay, min/max delays, false-path exceptions, or max skew assignments found ;
; MuxOut[9]          ; No output delay, min/max delays, false-path exceptions, or max skew assignments found ;
; MuxOut[10]         ; No output delay, min/max delays, false-path exceptions, or max skew assignments found ;
; MuxOut[11]         ; No output delay, min/max delays, false-path exceptions, or max skew assignments found ;
; MuxOut[12]         ; No output delay, min/max delays, false-path exceptions, or max skew assignments found ;
; MuxOut[13]         ; No output delay, min/max delays, false-path exceptions, or max skew assignments found ;
; MuxOut[14]         ; No output delay, min/max delays, false-path exceptions, or max skew assignments found ;
; MuxOut[15]         ; No output delay, min/max delays, false-path exceptions, or max skew assignments found ;
; MuxOut[16]         ; No output delay, min/max delays, false-path exceptions, or max skew assignments found ;
; MuxOut[17]         ; No output delay, min/max delays, false-path exceptions, or max skew assignments found ;
; MuxOut[18]         ; No output delay, min/max delays, false-path exceptions, or max skew assignments found ;
; MuxOut[19]         ; No output delay, min/max delays, false-path exceptions, or max skew assignments found ;
; MuxOut[20]         ; No output delay, min/max delays, false-path exceptions, or max skew assignments found ;
; MuxOut[21]         ; No output delay, min/max delays, false-path exceptions, or max skew assignments found ;
; MuxOut[22]         ; No output delay, min/max delays, false-path exceptions, or max skew assignments found ;
; MuxOut[23]         ; No output delay, min/max delays, false-path exceptions, or max skew assignments found ;
; MuxOut[24]         ; No output delay, min/max delays, false-path exceptions, or max skew assignments found ;
; MuxOut[25]         ; No output delay, min/max delays, false-path exceptions, or max skew assignments found ;
; MuxOut[26]         ; No output delay, min/max delays, false-path exceptions, or max skew assignments found ;
; MuxOut[27]         ; No output delay, min/max delays, false-path exceptions, or max skew assignments found ;
; MuxOut[28]         ; No output delay, min/max delays, false-path exceptions, or max skew assignments found ;
; MuxOut[29]         ; No output delay, min/max delays, false-path exceptions, or max skew assignments found ;
; MuxOut[30]         ; No output delay, min/max delays, false-path exceptions, or max skew assignments found ;
; MuxOut[31]         ; No output delay, min/max delays, false-path exceptions, or max skew assignments found ;
; RegWriteOut        ; No output delay, min/max delays, false-path exceptions, or max skew assignments found ;
; ZeroOut            ; No output delay, min/max delays, false-path exceptions, or max skew assignments found ;
+--------------------+---------------------------------------------------------------------------------------+


+--------------------------+
; Timing Analyzer Messages ;
+--------------------------+
Info: *******************************************************************
Info: Running Quartus Prime Timing Analyzer
    Info: Version 20.1.1 Build 720 11/11/2020 SJ Lite Edition
    Info: Processing started: Tue Sep 01 10:03:57 2026
Info: Command: quartus_sta SingleCycleProcessor -c SingleCycleProcessor
Info: qsta_default_script.tcl version: #1
Warning (18236): Number of processors has not been specified which may cause overloading on shared machines.  Set the global assignment NUM_PARALLEL_PROCESSORS in your QSF to an appropriate value for best performance.
Info (20030): Parallel compilation is enabled and will use 16 of the 16 processors detected
Info (21077): Low junction temperature is 0 degrees C
Info (21077): High junction temperature is 85 degrees C
Critical Warning (332012): Synopsys Design Constraints File file not found: 'SingleCycleProcessor.sdc'. A Synopsys Design Constraints File is required by the Timing Analyzer to get proper timing constraints. Without it, the Compiler will not properly optimize the design.
Info (332142): No user constrained base clocks found in the design. Calling "derive_clocks -period 1.0"
Info (332105): Deriving Clocks
    Info (332105): create_clock -period 1.000 -name gclock gclock
Info (332143): No user constrained clock uncertainty found in the design. Calling "derive_clock_uncertainty"
Info (332123): Deriving Clock Uncertainty. Please refer to report_sdc in the Timing Analyzer to see clock uncertainties.
Info: Found TIMING_ANALYZER_REPORT_SCRIPT_INCLUDE_DEFAULT_ANALYSIS = ON
Info: Analyzing Slow 1200mV 85C Model
Critical Warning (332148): Timing requirements not met
    Info (11105): For recommendations on closing timing, run Report Timing Closure Recommendations in the Timing Analyzer.
Info (332146): Worst-case setup slack is -21.712
    Info (332119):     Slack       End Point TNS Clock 
    Info (332119): ========= =================== =====================
    Info (332119):   -21.712           -4849.822 gclock 
Info (332146): Worst-case hold slack is 0.383
    Info (332119):     Slack       End Point TNS Clock 
    Info (332119): ========= =================== =====================
    Info (332119):     0.383               0.000 gclock 
Info (332140): No Recovery paths to report
Info (332140): No Removal paths to report
Info (332146): Worst-case minimum pulse width slack is -3.000
    Info (332119):     Slack       End Point TNS Clock 
    Info (332119): ========= =================== =====================
    Info (332119):    -3.000           -1070.958 gclock 
Info: Analyzing Slow 1200mV 0C Model
Info (334003): Started post-fitting delay annotation
Info (334004): Delay annotation completed successfully
Info (332123): Deriving Clock Uncertainty. Please refer to report_sdc in the Timing Analyzer to see clock uncertainties.
Critical Warning (332148): Timing requirements not met
    Info (11105): For recommendations on closing timing, run Report Timing Closure Recommendations in the Timing Analyzer.
Info (332146): Worst-case setup slack is -19.718
    Info (332119):     Slack       End Point TNS Clock 
    Info (332119): ========= =================== =====================
    Info (332119):   -19.718           -4380.634 gclock 
Info (332146): Worst-case hold slack is 0.336
    Info (332119):     Slack       End Point TNS Clock 
    Info (332119): ========= =================== =====================
    Info (332119):     0.336               0.000 gclock 
Info (332140): No Recovery paths to report
Info (332140): No Removal paths to report
Info (332146): Worst-case minimum pulse width slack is -3.000
    Info (332119):     Slack       End Point TNS Clock 
    Info (332119): ========= =================== =====================
    Info (332119):    -3.000           -1070.914 gclock 
Info: Analyzing Fast 1200mV 0C Model
Info (332123): Deriving Clock Uncertainty. Please refer to report_sdc in the Timing Analyzer to see clock uncertainties.
Critical Warning (332148): Timing requirements not met
    Info (11105): For recommendations on closing timing, run Report Timing Closure Recommendations in the Timing Analyzer.
Info (332146): Worst-case setup slack is -9.920
    Info (332119):     Slack       End Point TNS Clock 
    Info (332119): ========= =================== =====================
    Info (332119):    -9.920           -2034.413 gclock 
Info (332146): Worst-case hold slack is 0.172
    Info (332119):     Slack       End Point TNS Clock 
    Info (332119): ========= =================== =====================
    Info (332119):     0.172               0.000 gclock 
Info (332140): No Recovery paths to report
Info (332140): No Removal paths to report
Info (332146): Worst-case minimum pulse width slack is -3.000
    Info (332119):     Slack       End Point TNS Clock 
    Info (332119): ========= =================== =====================
    Info (332119):    -3.000            -887.153 gclock 
Info (332102): Design is not fully constrained for setup requirements
Info (332102): Design is not fully constrained for hold requirements
Info: Quartus Prime Timing Analyzer was successful. 0 errors, 5 warnings
    Info: Peak virtual memory: 5017 megabytes
    Info: Processing ended: Tue Sep 01 10:04:02 2026
    Info: Elapsed time: 00:00:05
    Info: Total CPU time (on all processors): 00:00:05


